==41633== Callgrind, a call-graph generating cache profiler
==41633== Copyright (C) 2002-2017, and GNU GPL'd, by Josef Weidendorfer et al.
==41633== Using Valgrind-3.22.0 and LibVEX; rerun with -h for copyright info
==41633== Command: ./ui-sandbox
==41633== 
==41633== For interactive control, run 'callgrind_control -h'.
QSocketNotifier: Can only be used with threads started with QThread
GraphContainer: Timer setup completed since none was provided - interval: 1000 ms
ZoomPanel: Calculated optimal font size: 5 for max width: 20
ZoomPanel: Calculated optimal font size: 5 for max width: 20
BDWGraph constructor called
BDW zero axis drawn at x: 0
Data source set successfully
Auto-update Y range enabled
Mouse selection disabled
Time axis cursor cleared (cursor layer will handle)
BRWGraph constructor called
BRW zero axis drawn at x: 0
Data source set successfully
Auto-update Y range enabled
Mouse selection disabled
Time axis cursor cleared (cursor layer will handle)
Data source set successfully
Auto-update Y range enabled
Mouse selection disabled
Time axis cursor cleared (cursor layer will handle)
GraphContainer: Connected DeleteInteractiveMarkers signal to BTWGraph
GraphContainer: Connected BTW marker and shaded region sync signals
FDWGraph constructor called
FDW zero axis drawn at x: 0
Data source set successfully
Auto-update Y range enabled
Mouse selection disabled
Time axis cursor cleared (cursor layer will handle)
FTWGraph constructor called
Data source set successfully
Auto-update Y range enabled
Mouse selection disabled
Time axis cursor cleared (cursor layer will handle)
LTWGraph constructor called
LTW: draw() called
LTW: draw() - no dataSource or dataSource is empty
Data source set successfully
Auto-update Y range enabled
Mouse selection disabled
Time axis cursor cleared (cursor layer will handle)
RTW: draw() called
RTW: draw() - no dataSource or dataSource is empty
RTW: drawCustomRMarkers early return - no dataSource or graphicsScene
Custom Y range set to: 0 to 25
RTWGraph constructor called with hard limits 0-25
RTW: draw() called
RTW: draw() - no dataSource or dataSource is empty
RTW: No manually placed R markers in data source
RTW: drawRTWSymbols() - dataSource pointer: 0x41e13a8
RTW: drawRTWSymbols() - symbols count from dataSource: 0
RTW: No symbols in dataSource (dataSource pointer: 0x41e13a8 )
Data source set successfully
Auto-update Y range enabled
Mouse selection disabled
Time axis cursor cleared (cursor layer will handle)
GraphContainer: Connected RTW R marker timestamp signal
GraphContainer: Connected RTW symbol timestamp signal
GraphContainer: Created all waterfall graph instances
BDW zero axis drawn at x: 0
Data source set successfully
Auto-update Y range enabled
Time axis cursor cleared (cursor layer will handle)
GraphContainer: Switched to waterfall graph type: "BDW"
Updated indicator bounds - Left: 0 Right: 1 Width: 96 X: 2
ZoomPanel: Indicator reset to full range [0.0, 1.0]
GraphContainer: Reset zoom panel state for new graph: "BDW"
GraphContainer: Cannot initialize zoom panel limits - no data available
Set current data option to: "BDW"
GraphContainer constructor: Creating TimelineView with showTimelineView = true
GraphContainer constructor: TimelineView created and added to layout
GraphContainer: All event connections established
ZoomPanel: Calculated optimal font size: 5 for max width: 20
ZoomPanel: Calculated optimal font size: 5 for max width: 20
ZoomPanel: Calculated optimal font size: 5 for max width: 20
ZoomPanel: Calculated optimal font size: 5 for max width: 20
BDWGraph constructor called
BDW zero axis drawn at x: 0
Data source set successfully
Auto-update Y range enabled
Mouse selection disabled
Time axis cursor cleared (cursor layer will handle)
BRWGraph constructor called
BRW zero axis drawn at x: 0
Data source set successfully
Auto-update Y range enabled
Mouse selection disabled
Time axis cursor cleared (cursor layer will handle)
Data source set successfully
Auto-update Y range enabled
Mouse selection disabled
Time axis cursor cleared (cursor layer will handle)
GraphContainer: Connected DeleteInteractiveMarkers signal to BTWGraph
GraphContainer: Connected BTW marker and shaded region sync signals
FDWGraph constructor called
FDW zero axis drawn at x: 0
Data source set successfully
Auto-update Y range enabled
Mouse selection disabled
Time axis cursor cleared (cursor layer will handle)
==41633== brk segment overflow in thread #1: can't grow to 0x4864000
==41633== (see section Limitations in user manual)
==41633== NOTE: further instances of this message will not be shown
FTWGraph constructor called
Data source set successfully
Auto-update Y range enabled
Mouse selection disabled
Time axis cursor cleared (cursor layer will handle)
LTWGraph constructor called
LTW: draw() called
LTW: draw() - no dataSource or dataSource is empty
Data source set successfully
Auto-update Y range enabled
Mouse selection disabled
Time axis cursor cleared (cursor layer will handle)
RTW: draw() called
RTW: draw() - no dataSource or dataSource is empty
RTW: drawCustomRMarkers early return - no dataSource or graphicsScene
Custom Y range set to: 0 to 25
RTWGraph constructor called with hard limits 0-25
RTW: draw() called
RTW: draw() - no dataSource or dataSource is empty
RTW: No manually placed R markers in data source
RTW: drawRTWSymbols() - dataSource pointer: 0x41c3e38
RTW: drawRTWSymbols() - symbols count from dataSource: 0
RTW: No symbols in dataSource (dataSource pointer: 0x41c3e38 )
Data source set successfully
Auto-update Y range enabled
Mouse selection disabled
Time axis cursor cleared (cursor layer will handle)
GraphContainer: Connected RTW R marker timestamp signal
GraphContainer: Connected RTW symbol timestamp signal
GraphContainer: Created all waterfall graph instances
BDW zero axis drawn at x: 0
Data source set successfully
Auto-update Y range enabled
Time axis cursor cleared (cursor layer will handle)
GraphContainer: Switched to waterfall graph type: "BDW"
Updated indicator bounds - Left: 0 Right: 1 Width: 96 X: 2
ZoomPanel: Indicator reset to full range [0.0, 1.0]
GraphContainer: Reset zoom panel state for new graph: "BDW"
GraphContainer: Cannot initialize zoom panel limits - no data available
Set current data option to: "BDW"
GraphContainer constructor: Creating TimelineView with showTimelineView = true
GraphContainer constructor: TimelineView created and added to layout
GraphContainer: All event connections established
ZoomPanel: Calculated optimal font size: 5 for max width: 20
ZoomPanel: Calculated optimal font size: 5 for max width: 20
BDWGraph constructor called
BDW zero axis drawn at x: 0
Data source set successfully
Auto-update Y range enabled
Mouse selection disabled
Time axis cursor cleared (cursor layer will handle)
BRWGraph constructor called
BRW zero axis drawn at x: 0
Data source set successfully
Auto-update Y range enabled
Mouse selection disabled
Time axis cursor cleared (cursor layer will handle)
Data source set successfully
Auto-update Y range enabled
Mouse selection disabled
Time axis cursor cleared (cursor layer will handle)
GraphContainer: Connected DeleteInteractiveMarkers signal to BTWGraph
GraphContainer: Connected BTW marker and shaded region sync signals
FDWGraph constructor called
FDW zero axis drawn at x: 0
Data source set successfully
Auto-update Y range enabled
Mouse selection disabled
Time axis cursor cleared (cursor layer will handle)
FTWGraph constructor called
Data source set successfully
Auto-update Y range enabled
Mouse selection disabled
Time axis cursor cleared (cursor layer will handle)
LTWGraph constructor called
LTW: draw() called
LTW: draw() - no dataSource or dataSource is empty
Data source set successfully
Auto-update Y range enabled
Mouse selection disabled
Time axis cursor cleared (cursor layer will handle)
RTW: draw() called
RTW: draw() - no dataSource or dataSource is empty
RTW: drawCustomRMarkers early return - no dataSource or graphicsScene
Custom Y range set to: 0 to 25
RTWGraph constructor called with hard limits 0-25
RTW: draw() called
RTW: draw() - no dataSource or dataSource is empty
RTW: No manually placed R markers in data source
RTW: drawRTWSymbols() - dataSource pointer: 0x4150678
RTW: drawRTWSymbols() - symbols count from dataSource: 0
RTW: No symbols in dataSource (dataSource pointer: 0x4150678 )
Data source set successfully
Auto-update Y range enabled
Mouse selection disabled
Time axis cursor cleared (cursor layer will handle)
GraphContainer: Connected RTW R marker timestamp signal
GraphContainer: Connected RTW symbol timestamp signal
GraphContainer: Created all waterfall graph instances
BDW zero axis drawn at x: 0
Data source set successfully
Auto-update Y range enabled
Time axis cursor cleared (cursor layer will handle)
GraphContainer: Switched to waterfall graph type: "BDW"
Updated indicator bounds - Left: 0 Right: 1 Width: 96 X: 2
ZoomPanel: Indicator reset to full range [0.0, 1.0]
GraphContainer: Reset zoom panel state for new graph: "BDW"
GraphContainer: Cannot initialize zoom panel limits - no data available
Set current data option to: "BDW"
GraphContainer constructor: Creating TimelineView with showTimelineView = true
GraphContainer constructor: TimelineView created and added to layout
GraphContainer: All event connections established
ZoomPanel: Calculated optimal font size: 5 for max width: 20
ZoomPanel: Calculated optimal font size: 5 for max width: 20
BDWGraph constructor called
BDW zero axis drawn at x: 0
Data source set successfully
Auto-update Y range enabled
Mouse selection disabled
Time axis cursor cleared (cursor layer will handle)
BRWGraph constructor called
BRW zero axis drawn at x: 0
Data source set successfully
Auto-update Y range enabled
Mouse selection disabled
Time axis cursor cleared (cursor layer will handle)
Data source set successfully
Auto-update Y range enabled
Mouse selection disabled
Time axis cursor cleared (cursor layer will handle)
GraphContainer: Connected DeleteInteractiveMarkers signal to BTWGraph
GraphContainer: Connected BTW marker and shaded region sync signals
FDWGraph constructor called
FDW zero axis drawn at x: 0
Data source set successfully
Auto-update Y range enabled
Mouse selection disabled
Time axis cursor cleared (cursor layer will handle)
FTWGraph constructor called
Data source set successfully
Auto-update Y range enabled
Mouse selection disabled
Time axis cursor cleared (cursor layer will handle)
LTWGraph constructor called
LTW: draw() called
LTW: draw() - no dataSource or dataSource is empty
Data source set successfully
Auto-update Y range enabled
Mouse selection disabled
Time axis cursor cleared (cursor layer will handle)
RTW: draw() called
RTW: draw() - no dataSource or dataSource is empty
RTW: drawCustomRMarkers early return - no dataSource or graphicsScene
Custom Y range set to: 0 to 25
RTWGraph constructor called with hard limits 0-25
RTW: draw() called
RTW: draw() - no dataSource or dataSource is empty
RTW: No manually placed R markers in data source
RTW: drawRTWSymbols() - dataSource pointer: 0x40d4068
RTW: drawRTWSymbols() - symbols count from dataSource: 0
RTW: No symbols in dataSource (dataSource pointer: 0x40d4068 )
Data source set successfully
Auto-update Y range enabled
Mouse selection disabled
Time axis cursor cleared (cursor layer will handle)
GraphContainer: Connected RTW R marker timestamp signal
GraphContainer: Connected RTW symbol timestamp signal
GraphContainer: Created all waterfall graph instances
BDW zero axis drawn at x: 0
Data source set successfully
Auto-update Y range enabled
Time axis cursor cleared (cursor layer will handle)
GraphContainer: Switched to waterfall graph type: "BDW"
Updated indicator bounds - Left: 0 Right: 1 Width: 96 X: 2
ZoomPanel: Indicator reset to full range [0.0, 1.0]
GraphContainer: Reset zoom panel state for new graph: "BDW"
GraphContainer: Cannot initialize zoom panel limits - no data available
Set current data option to: "BDW"
GraphContainer constructor: Creating TimelineView with showTimelineView = true
GraphContainer constructor: TimelineView created and added to layout
GraphContainer: All event connections established
ZoomPanel: Calculated optimal font size: 5 for max width: 20
ZoomPanel: Calculated optimal font size: 5 for max width: 20
BDWGraph constructor called
BDW zero axis drawn at x: 0
Data source set successfully
Auto-update Y range enabled
Mouse selection disabled
Time axis cursor cleared (cursor layer will handle)
BRWGraph constructor called
BRW zero axis drawn at x: 0
Data source set successfully
Auto-update Y range enabled
Mouse selection disabled
Time axis cursor cleared (cursor layer will handle)
Data source set successfully
Auto-update Y range enabled
Mouse selection disabled
Time axis cursor cleared (cursor layer will handle)
GraphContainer: Connected DeleteInteractiveMarkers signal to BTWGraph
GraphContainer: Connected BTW marker and shaded region sync signals
FDWGraph constructor called
FDW zero axis drawn at x: 0
Data source set successfully
Auto-update Y range enabled
Mouse selection disabled
Time axis cursor cleared (cursor layer will handle)
FTWGraph constructor called
Data source set successfully
Auto-update Y range enabled
Mouse selection disabled
Time axis cursor cleared (cursor layer will handle)
LTWGraph constructor called
LTW: draw() called
LTW: draw() - no dataSource or dataSource is empty
Data source set successfully
Auto-update Y range enabled
Mouse selection disabled
Time axis cursor cleared (cursor layer will handle)
RTW: draw() called
RTW: draw() - no dataSource or dataSource is empty
RTW: drawCustomRMarkers early return - no dataSource or graphicsScene
Custom Y range set to: 0 to 25
RTWGraph constructor called with hard limits 0-25
RTW: draw() called
RTW: draw() - no dataSource or dataSource is empty
RTW: No manually placed R markers in data source
RTW: drawRTWSymbols() - dataSource pointer: 0x16923508
RTW: drawRTWSymbols() - symbols count from dataSource: 0
RTW: No symbols in dataSource (dataSource pointer: 0x16923508 )
Data source set successfully
Auto-update Y range enabled
Mouse selection disabled
Time axis cursor cleared (cursor layer will handle)
GraphContainer: Connected RTW R marker timestamp signal
GraphContainer: Connected RTW symbol timestamp signal
GraphContainer: Created all waterfall graph instances
BDW zero axis drawn at x: 0
Data source set successfully
Auto-update Y range enabled
Time axis cursor cleared (cursor layer will handle)
GraphContainer: Switched to waterfall graph type: "BDW"
Updated indicator bounds - Left: 0 Right: 1 Width: 96 X: 2
ZoomPanel: Indicator reset to full range [0.0, 1.0]
GraphContainer: Reset zoom panel state for new graph: "BDW"
GraphContainer: Cannot initialize zoom panel limits - no data available
Set current data option to: "BDW"
GraphContainer constructor: Creating TimelineView with showTimelineView = true
GraphContainer constructor: TimelineView created and added to layout
GraphContainer: All event connections established
BDW zero axis drawn at x: 0
Data source set successfully
BDW zero axis drawn at x: 0
Data source set successfully
Auto-update Y range enabled
Time axis cursor cleared (cursor layer will handle)
GraphContainer: Switched to waterfall graph type: "BDW"
Updated indicator bounds - Left: 0 Right: 1 Width: 96 X: 2
ZoomPanel: Indicator reset to full range [0.0, 1.0]
GraphContainer: Reset zoom panel state for new graph: "BDW"
GraphContainer: Cannot initialize zoom panel limits - no data available
Set current data option to: "BDW"
Added data option: "BDW"
BRW zero axis drawn at x: 0
Data source set successfully
Added data option: "BRW"
Data source set successfully
Auto-update Y range enabled
Time axis cursor cleared (cursor layer will handle)
GraphContainer: Switched to waterfall graph type: "BTW"
Updated indicator bounds - Left: 0 Right: 1 Width: 96 X: 2
ZoomPanel: Indicator reset to full range [0.0, 1.0]
GraphContainer: Reset zoom panel state for new graph: "BTW"
GraphContainer: Cannot initialize zoom panel limits - no data available
Set current data option to: "BTW"
Data source set successfully
Added data option: "BTW"
BDW zero axis drawn at x: 0
Data source set successfully
Auto-update Y range enabled
Time axis cursor cleared (cursor layer will handle)
GraphContainer: Switched to waterfall graph type: "BDW"
Updated indicator bounds - Left: 0 Right: 1 Width: 96 X: 2
ZoomPanel: Indicator reset to full range [0.0, 1.0]
GraphContainer: Reset zoom panel state for new graph: "BDW"
GraphContainer: Cannot initialize zoom panel limits - no data available
Set current data option to: "BDW"
Data source set successfully
Auto-update Y range enabled
Time axis cursor cleared (cursor layer will handle)
GraphContainer: Switched to waterfall graph type: "BTW"
Updated indicator bounds - Left: 0 Right: 1 Width: 96 X: 2
ZoomPanel: Indicator reset to full range [0.0, 1.0]
GraphContainer: Reset zoom panel state for new graph: "BTW"
GraphContainer: Cannot initialize zoom panel limits - no data available
Set current data option to: "BTW"
FDW zero axis drawn at x: 0
Data source set successfully
Added data option: "FDW"
BDW zero axis drawn at x: 0
Data source set successfully
Auto-update Y range enabled
Time axis cursor cleared (cursor layer will handle)
GraphContainer: Switched to waterfall graph type: "BDW"
Updated indicator bounds - Left: 0 Right: 1 Width: 96 X: 2
ZoomPanel: Indicator reset to full range [0.0, 1.0]
GraphContainer: Reset zoom panel state for new graph: "BDW"
GraphContainer: Cannot initialize zoom panel limits - no data available
Set current data option to: "BDW"
Data source set successfully
Auto-update Y range enabled
Time axis cursor cleared (cursor layer will handle)
GraphContainer: Switched to waterfall graph type: "BTW"
Updated indicator bounds - Left: 0 Right: 1 Width: 96 X: 2
ZoomPanel: Indicator reset to full range [0.0, 1.0]
GraphContainer: Reset zoom panel state for new graph: "BTW"
GraphContainer: Cannot initialize zoom panel limits - no data available
Set current data option to: "BTW"
Data source set successfully
Added data option: "FTW"
BDW zero axis drawn at x: 0
Data source set successfully
Auto-update Y range enabled
Time axis cursor cleared (cursor layer will handle)
GraphContainer: Switched to waterfall graph type: "BDW"
Updated indicator bounds - Left: 0 Right: 1 Width: 96 X: 2
ZoomPanel: Indicator reset to full range [0.0, 1.0]
GraphContainer: Reset zoom panel state for new graph: "BDW"
GraphContainer: Cannot initialize zoom panel limits - no data available
Set current data option to: "BDW"
Data source set successfully
Auto-update Y range enabled
Time axis cursor cleared (cursor layer will handle)
GraphContainer: Switched to waterfall graph type: "BTW"
Updated indicator bounds - Left: 0 Right: 1 Width: 96 X: 2
ZoomPanel: Indicator reset to full range [0.0, 1.0]
GraphContainer: Reset zoom panel state for new graph: "BTW"
GraphContainer: Cannot initialize zoom panel limits - no data available
Set current data option to: "BTW"
LTW: draw() called
LTW: draw() - no dataSource or dataSource is empty
Data source set successfully
Added data option: "LTW"
BDW zero axis drawn at x: 0
Data source set successfully
Auto-update Y range enabled
Time axis cursor cleared (cursor layer will handle)
GraphContainer: Switched to waterfall graph type: "BDW"
Updated indicator bounds - Left: 0 Right: 1 Width: 96 X: 2
ZoomPanel: Indicator reset to full range [0.0, 1.0]
GraphContainer: Reset zoom panel state for new graph: "BDW"
GraphContainer: Cannot initialize zoom panel limits - no data available
Set current data option to: "BDW"
Data source set successfully
Auto-update Y range enabled
Time axis cursor cleared (cursor layer will handle)
GraphContainer: Switched to waterfall graph type: "BTW"
Updated indicator bounds - Left: 0 Right: 1 Width: 96 X: 2
ZoomPanel: Indicator reset to full range [0.0, 1.0]
GraphContainer: Reset zoom panel state for new graph: "BTW"
GraphContainer: Cannot initialize zoom panel limits - no data available
Set current data option to: "BTW"
RTW: draw() called
RTW: draw() - no dataSource or dataSource is empty
RTW: No manually placed R markers in data source
RTW: drawRTWSymbols() - dataSource pointer: 0x46918a0
RTW: drawRTWSymbols() - symbols count from dataSource: 0
RTW: No symbols in dataSource (dataSource pointer: 0x46918a0 )
Data source set successfully
Added data option: "RTW"
BDW zero axis drawn at x: 0
Data source set successfully
BDW zero axis drawn at x: 0
Data source set successfully
Auto-update Y range enabled
Time axis cursor cleared (cursor layer will handle)
GraphContainer: Switched to waterfall graph type: "BDW"
Updated indicator bounds - Left: 0 Right: 1 Width: 96 X: 2
ZoomPanel: Indicator reset to full range [0.0, 1.0]
GraphContainer: Reset zoom panel state for new graph: "BDW"
GraphContainer: Cannot initialize zoom panel limits - no data available
Set current data option to: "BDW"
Added data option: "BDW"
BRW zero axis drawn at x: 0
Data source set successfully
Added data option: "BRW"
Data source set successfully
Auto-update Y range enabled
Time axis cursor cleared (cursor layer will handle)
GraphContainer: Switched to waterfall graph type: "BTW"
Updated indicator bounds - Left: 0 Right: 1 Width: 96 X: 2
ZoomPanel: Indicator reset to full range [0.0, 1.0]
GraphContainer: Reset zoom panel state for new graph: "BTW"
GraphContainer: Cannot initialize zoom panel limits - no data available
Set current data option to: "BTW"
Data source set successfully
Added data option: "BTW"
BDW zero axis drawn at x: 0
Data source set successfully
Auto-update Y range enabled
Time axis cursor cleared (cursor layer will handle)
GraphContainer: Switched to waterfall graph type: "BDW"
Updated indicator bounds - Left: 0 Right: 1 Width: 96 X: 2
ZoomPanel: Indicator reset to full range [0.0, 1.0]
GraphContainer: Reset zoom panel state for new graph: "BDW"
GraphContainer: Cannot initialize zoom panel limits - no data available
Set current data option to: "BDW"
Data source set successfully
Auto-update Y range enabled
Time axis cursor cleared (cursor layer will handle)
GraphContainer: Switched to waterfall graph type: "BTW"
Updated indicator bounds - Left: 0 Right: 1 Width: 96 X: 2
ZoomPanel: Indicator reset to full range [0.0, 1.0]
GraphContainer: Reset zoom panel state for new graph: "BTW"
GraphContainer: Cannot initialize zoom panel limits - no data available
Set current data option to: "BTW"
FDW zero axis drawn at x: 0
Data source set successfully
Added data option: "FDW"
BDW zero axis drawn at x: 0
Data source set successfully
Auto-update Y range enabled
Time axis cursor cleared (cursor layer will handle)
GraphContainer: Switched to waterfall graph type: "BDW"
Updated indicator bounds - Left: 0 Right: 1 Width: 96 X: 2
ZoomPanel: Indicator reset to full range [0.0, 1.0]
GraphContainer: Reset zoom panel state for new graph: "BDW"
GraphContainer: Cannot initialize zoom panel limits - no data available
Set current data option to: "BDW"
Data source set successfully
Auto-update Y range enabled
Time axis cursor cleared (cursor layer will handle)
GraphContainer: Switched to waterfall graph type: "BTW"
Updated indicator bounds - Left: 0 Right: 1 Width: 96 X: 2
ZoomPanel: Indicator reset to full range [0.0, 1.0]
GraphContainer: Reset zoom panel state for new graph: "BTW"
GraphContainer: Cannot initialize zoom panel limits - no data available
Set current data option to: "BTW"
Data source set successfully
Added data option: "FTW"
BDW zero axis drawn at x: 0
Data source set successfully
Auto-update Y range enabled
Time axis cursor cleared (cursor layer will handle)
GraphContainer: Switched to waterfall graph type: "BDW"
Updated indicator bounds - Left: 0 Right: 1 Width: 96 X: 2
ZoomPanel: Indicator reset to full range [0.0, 1.0]
GraphContainer: Reset zoom panel state for new graph: "BDW"
GraphContainer: Cannot initialize zoom panel limits - no data available
Set current data option to: "BDW"
Data source set successfully
Auto-update Y range enabled
Time axis cursor cleared (cursor layer will handle)
GraphContainer: Switched to waterfall graph type: "BTW"
Updated indicator bounds - Left: 0 Right: 1 Width: 96 X: 2
ZoomPanel: Indicator reset to full range [0.0, 1.0]
GraphContainer: Reset zoom panel state for new graph: "BTW"
GraphContainer: Cannot initialize zoom panel limits - no data available
Set current data option to: "BTW"
LTW: draw() called
LTW: draw() - no dataSource or dataSource is empty
Data source set successfully
Added data option: "LTW"
BDW zero axis drawn at x: 0
Data source set successfully
Auto-update Y range enabled
Time axis cursor cleared (cursor layer will handle)
GraphContainer: Switched to waterfall graph type: "BDW"
Updated indicator bounds - Left: 0 Right: 1 Width: 96 X: 2
ZoomPanel: Indicator reset to full range [0.0, 1.0]
GraphContainer: Reset zoom panel state for new graph: "BDW"
GraphContainer: Cannot initialize zoom panel limits - no data available
Set current data option to: "BDW"
Data source set successfully
Auto-update Y range enabled
Time axis cursor cleared (cursor layer will handle)
GraphContainer: Switched to waterfall graph type: "BTW"
Updated indicator bounds - Left: 0 Right: 1 Width: 96 X: 2
ZoomPanel: Indicator reset to full range [0.0, 1.0]
GraphContainer: Reset zoom panel state for new graph: "BTW"
GraphContainer: Cannot initialize zoom panel limits - no data available
Set current data option to: "BTW"
RTW: draw() called
RTW: draw() - no dataSource or dataSource is empty
RTW: No manually placed R markers in data source
RTW: drawRTWSymbols() - dataSource pointer: 0x46918a0
RTW: drawRTWSymbols() - symbols count from dataSource: 0
RTW: No symbols in dataSource (dataSource pointer: 0x46918a0 )
Data source set successfully
Added data option: "RTW"
BDW zero axis drawn at x: 0
Data source set successfully
BDW zero axis drawn at x: 0
Data source set successfully
Auto-update Y range enabled
Time axis cursor cleared (cursor layer will handle)
GraphContainer: Switched to waterfall graph type: "BDW"
Updated indicator bounds - Left: 0 Right: 1 Width: 96 X: 2
ZoomPanel: Indicator reset to full range [0.0, 1.0]
GraphContainer: Reset zoom panel state for new graph: "BDW"
GraphContainer: Cannot initialize zoom panel limits - no data available
Set current data option to: "BDW"
Added data option: "BDW"
BRW zero axis drawn at x: 0
Data source set successfully
Added data option: "BRW"
Data source set successfully
Auto-update Y range enabled
Time axis cursor cleared (cursor layer will handle)
GraphContainer: Switched to waterfall graph type: "BTW"
Updated indicator bounds - Left: 0 Right: 1 Width: 96 X: 2
ZoomPanel: Indicator reset to full range [0.0, 1.0]
GraphContainer: Reset zoom panel state for new graph: "BTW"
GraphContainer: Cannot initialize zoom panel limits - no data available
Set current data option to: "BTW"
Data source set successfully
Added data option: "BTW"
BDW zero axis drawn at x: 0
Data source set successfully
Auto-update Y range enabled
Time axis cursor cleared (cursor layer will handle)
GraphContainer: Switched to waterfall graph type: "BDW"
Updated indicator bounds - Left: 0 Right: 1 Width: 96 X: 2
ZoomPanel: Indicator reset to full range [0.0, 1.0]
GraphContainer: Reset zoom panel state for new graph: "BDW"
GraphContainer: Cannot initialize zoom panel limits - no data available
Set current data option to: "BDW"
Data source set successfully
Auto-update Y range enabled
Time axis cursor cleared (cursor layer will handle)
GraphContainer: Switched to waterfall graph type: "BTW"
Updated indicator bounds - Left: 0 Right: 1 Width: 96 X: 2
ZoomPanel: Indicator reset to full range [0.0, 1.0]
GraphContainer: Reset zoom panel state for new graph: "BTW"
GraphContainer: Cannot initialize zoom panel limits - no data available
Set current data option to: "BTW"
FDW zero axis drawn at x: 0
Data source set successfully
Added data option: "FDW"
BDW zero axis drawn at x: 0
Data source set successfully
Auto-update Y range enabled
Time axis cursor cleared (cursor layer will handle)
GraphContainer: Switched to waterfall graph type: "BDW"
Updated indicator bounds - Left: 0 Right: 1 Width: 96 X: 2
ZoomPanel: Indicator reset to full range [0.0, 1.0]
GraphContainer: Reset zoom panel state for new graph: "BDW"
GraphContainer: Cannot initialize zoom panel limits - no data available
Set current data option to: "BDW"
Data source set successfully
Auto-update Y range enabled
Time axis cursor cleared (cursor layer will handle)
GraphContainer: Switched to waterfall graph type: "BTW"
Updated indicator bounds - Left: 0 Right: 1 Width: 96 X: 2
ZoomPanel: Indicator reset to full range [0.0, 1.0]
GraphContainer: Reset zoom panel state for new graph: "BTW"
GraphContainer: Cannot initialize zoom panel limits - no data available
Set current data option to: "BTW"
Data source set successfully
Added data option: "FTW"
BDW zero axis drawn at x: 0
Data source set successfully
Auto-update Y range enabled
Time axis cursor cleared (cursor layer will handle)
GraphContainer: Switched to waterfall graph type: "BDW"
Updated indicator bounds - Left: 0 Right: 1 Width: 96 X: 2
ZoomPanel: Indicator reset to full range [0.0, 1.0]
GraphContainer: Reset zoom panel state for new graph: "BDW"
GraphContainer: Cannot initialize zoom panel limits - no data available
Set current data option to: "BDW"
Data source set successfully
Auto-update Y range enabled
Time axis cursor cleared (cursor layer will handle)
GraphContainer: Switched to waterfall graph type: "BTW"
Updated indicator bounds - Left: 0 Right: 1 Width: 96 X: 2
ZoomPanel: Indicator reset to full range [0.0, 1.0]
GraphContainer: Reset zoom panel state for new graph: "BTW"
GraphContainer: Cannot initialize zoom panel limits - no data available
Set current data option to: "BTW"
LTW: draw() called
LTW: draw() - no dataSource or dataSource is empty
Data source set successfully
Added data option: "LTW"
BDW zero axis drawn at x: 0
Data source set successfully
Auto-update Y range enabled
Time axis cursor cleared (cursor layer will handle)
GraphContainer: Switched to waterfall graph type: "BDW"
Updated indicator bounds - Left: 0 Right: 1 Width: 96 X: 2
ZoomPanel: Indicator reset to full range [0.0, 1.0]
GraphContainer: Reset zoom panel state for new graph: "BDW"
GraphContainer: Cannot initialize zoom panel limits - no data available
Set current data option to: "BDW"
Data source set successfully
Auto-update Y range enabled
Time axis cursor cleared (cursor layer will handle)
GraphContainer: Switched to waterfall graph type: "BTW"
Updated indicator bounds - Left: 0 Right: 1 Width: 96 X: 2
ZoomPanel: Indicator reset to full range [0.0, 1.0]
GraphContainer: Reset zoom panel state for new graph: "BTW"
GraphContainer: Cannot initialize zoom panel limits - no data available
Set current data option to: "BTW"
RTW: draw() called
RTW: draw() - no dataSource or dataSource is empty
RTW: No manually placed R markers in data source
RTW: drawRTWSymbols() - dataSource pointer: 0x46918a0
RTW: drawRTWSymbols() - symbols count from dataSource: 0
RTW: No symbols in dataSource (dataSource pointer: 0x46918a0 )
Data source set successfully
Added data option: "RTW"
BDW zero axis drawn at x: 0
Data source set successfully
BDW zero axis drawn at x: 0
Data source set successfully
Auto-update Y range enabled
Time axis cursor cleared (cursor layer will handle)
GraphContainer: Switched to waterfall graph type: "BDW"
Updated indicator bounds - Left: 0 Right: 1 Width: 96 X: 2
ZoomPanel: Indicator reset to full range [0.0, 1.0]
GraphContainer: Reset zoom panel state for new graph: "BDW"
GraphContainer: Cannot initialize zoom panel limits - no data available
Set current data option to: "BDW"
Added data option: "BDW"
BRW zero axis drawn at x: 0
Data source set successfully
Added data option: "BRW"
Data source set successfully
Auto-update Y range enabled
Time axis cursor cleared (cursor layer will handle)
GraphContainer: Switched to waterfall graph type: "BTW"
Updated indicator bounds - Left: 0 Right: 1 Width: 96 X: 2
ZoomPanel: Indicator reset to full range [0.0, 1.0]
GraphContainer: Reset zoom panel state for new graph: "BTW"
GraphContainer: Cannot initialize zoom panel limits - no data available
Set current data option to: "BTW"
Data source set successfully
Added data option: "BTW"
BDW zero axis drawn at x: 0
Data source set successfully
Auto-update Y range enabled
Time axis cursor cleared (cursor layer will handle)
GraphContainer: Switched to waterfall graph type: "BDW"
Updated indicator bounds - Left: 0 Right: 1 Width: 96 X: 2
ZoomPanel: Indicator reset to full range [0.0, 1.0]
GraphContainer: Reset zoom panel state for new graph: "BDW"
GraphContainer: Cannot initialize zoom panel limits - no data available
Set current data option to: "BDW"
Data source set successfully
Auto-update Y range enabled
Time axis cursor cleared (cursor layer will handle)
GraphContainer: Switched to waterfall graph type: "BTW"
Updated indicator bounds - Left: 0 Right: 1 Width: 96 X: 2
ZoomPanel: Indicator reset to full range [0.0, 1.0]
GraphContainer: Reset zoom panel state for new graph: "BTW"
GraphContainer: Cannot initialize zoom panel limits - no data available
Set current data option to: "BTW"
FDW zero axis drawn at x: 0
Data source set successfully
Added data option: "FDW"
BDW zero axis drawn at x: 0
Data source set successfully
Auto-update Y range enabled
Time axis cursor cleared (cursor layer will handle)
GraphContainer: Switched to waterfall graph type: "BDW"
Updated indicator bounds - Left: 0 Right: 1 Width: 96 X: 2
ZoomPanel: Indicator reset to full range [0.0, 1.0]
GraphContainer: Reset zoom panel state for new graph: "BDW"
GraphContainer: Cannot initialize zoom panel limits - no data available
Set current data option to: "BDW"
Data source set successfully
Auto-update Y range enabled
Time axis cursor cleared (cursor layer will handle)
GraphContainer: Switched to waterfall graph type: "BTW"
Updated indicator bounds - Left: 0 Right: 1 Width: 96 X: 2
ZoomPanel: Indicator reset to full range [0.0, 1.0]
GraphContainer: Reset zoom panel state for new graph: "BTW"
GraphContainer: Cannot initialize zoom panel limits - no data available
Set current data option to: "BTW"
Data source set successfully
Added data option: "FTW"
BDW zero axis drawn at x: 0
Data source set successfully
Auto-update Y range enabled
Time axis cursor cleared (cursor layer will handle)
GraphContainer: Switched to waterfall graph type: "BDW"
Updated indicator bounds - Left: 0 Right: 1 Width: 96 X: 2
ZoomPanel: Indicator reset to full range [0.0, 1.0]
GraphContainer: Reset zoom panel state for new graph: "BDW"
GraphContainer: Cannot initialize zoom panel limits - no data available
Set current data option to: "BDW"
Data source set successfully
Auto-update Y range enabled
Time axis cursor cleared (cursor layer will handle)
GraphContainer: Switched to waterfall graph type: "BTW"
Updated indicator bounds - Left: 0 Right: 1 Width: 96 X: 2
ZoomPanel: Indicator reset to full range [0.0, 1.0]
GraphContainer: Reset zoom panel state for new graph: "BTW"
GraphContainer: Cannot initialize zoom panel limits - no data available
Set current data option to: "BTW"
LTW: draw() called
LTW: draw() - no dataSource or dataSource is empty
Data source set successfully
Added data option: "LTW"
BDW zero axis drawn at x: 0
Data source set successfully
Auto-update Y range enabled
Time axis cursor cleared (cursor layer will handle)
GraphContainer: Switched to waterfall graph type: "BDW"
Updated indicator bounds - Left: 0 Right: 1 Width: 96 X: 2
ZoomPanel: Indicator reset to full range [0.0, 1.0]
GraphContainer: Reset zoom panel state for new graph: "BDW"
GraphContainer: Cannot initialize zoom panel limits - no data available
Set current data option to: "BDW"
Data source set successfully
Auto-update Y range enabled
Time axis cursor cleared (cursor layer will handle)
GraphContainer: Switched to waterfall graph type: "BTW"
Updated indicator bounds - Left: 0 Right: 1 Width: 96 X: 2
ZoomPanel: Indicator reset to full range [0.0, 1.0]
GraphContainer: Reset zoom panel state for new graph: "BTW"
GraphContainer: Cannot initialize zoom panel limits - no data available
Set current data option to: "BTW"
RTW: draw() called
RTW: draw() - no dataSource or dataSource is empty
RTW: No manually placed R markers in data source
RTW: drawRTWSymbols() - dataSource pointer: 0x46918a0
RTW: drawRTWSymbols() - symbols count from dataSource: 0
RTW: No symbols in dataSource (dataSource pointer: 0x46918a0 )
Data source set successfully
Added data option: "RTW"
GraphLayout: Disconnecting external container connections
GraphLayout: Disconnected external signals from container
GraphLayout: Disconnected external signals from container
GraphLayout: Disconnected external signals from container
GraphLayout: Disconnected external signals from container
GraphContainer::setShowTimelineView called with: false
GraphContainer: Setting existing TimelineView visibility to: false
GraphContainer: TimelineView visibility after setting: false
GraphContainer: TimelineView size: QSize(64, 300)
GraphContainer: TimelineSelectionView visibility set to: false
GraphContainer::setShowTimelineView called with: true
GraphContainer: Setting existing TimelineView visibility to: true
GraphContainer: TimelineView visibility after setting: false
GraphContainer: TimelineView size: QSize(64, 300)
GraphContainer: TimelineSelectionView visibility set to: true
GraphContainer::setShowTimelineView called with: false
GraphContainer: Setting existing TimelineView visibility to: false
GraphContainer: TimelineView visibility after setting: false
GraphContainer: TimelineView size: QSize(64, 300)
GraphContainer: TimelineSelectionView visibility set to: false
GraphContainer::setShowTimelineView called with: true
GraphContainer: Setting existing TimelineView visibility to: true
GraphContainer: TimelineView visibility after setting: false
GraphContainer: TimelineView size: QSize(64, 300)
GraphContainer: TimelineSelectionView visibility set to: true
GraphLayout: Linking horizontal containers for layout type: 1
GraphLayout: Disconnecting external container connections
GraphLayout: Disconnected external signals from container
GraphLayout: Disconnected external signals from container
GraphLayout: Disconnected external signals from container
GraphLayout: Disconnected external signals from container
GraphLayout: Linked containers for GPW4W layout
GraphLayout: Syncing all timeline views for layout type: 1
GraphLayout: No timeline views found
Simulator constructor called with timer: QTimer(0x417f820) graphLayout: GraphLayout(0x468f780, name="graphgrid")
Simulator: Timer connected successfully
Simulator started successfully
Auto-update Y range disabled
Y range updated from custom - Y: 5 to 75
Custom Y range set to: 5 to 75
ZoomPanel: Original range values explicitly set - Left: 5 Center: 40 Right: 75
Updated indicator bounds - Left: 0 Right: 1 Width: 222 X: 2
ZoomPanel: Indicator reset to full range [0.0, 1.0]
GraphContainer: Applied stored range limits for "BTW" - Min: 5 Max: 75 - Auto-update disabled
Auto-update Y range disabled
Y range updated from custom - Y: 5 to 75
Custom Y range set to: 5 to 75
ZoomPanel: Original range values explicitly set - Left: 5 Center: 40 Right: 75
Updated indicator bounds - Left: 0 Right: 1 Width: 222 X: 2
ZoomPanel: Indicator reset to full range [0.0, 1.0]
GraphContainer: Applied stored range limits for "BTW" - Min: 5 Max: 75 - Auto-update disabled
Auto-update Y range disabled
Y range updated from custom - Y: 5 to 75
Custom Y range set to: 5 to 75
ZoomPanel: Original range values explicitly set - Left: 5 Center: 40 Right: 75
Updated indicator bounds - Left: 0 Right: 1 Width: 222 X: 2
ZoomPanel: Indicator reset to full range [0.0, 1.0]
GraphContainer: Applied stored range limits for "BTW" - Min: 5 Max: 75 - Auto-update disabled
Auto-update Y range disabled
Y range updated from custom - Y: 5 to 75
Custom Y range set to: 5 to 75
ZoomPanel: Original range values explicitly set - Left: 5 Center: 40 Right: 75
Updated indicator bounds - Left: 0 Right: 1 Width: 222 X: 2
ZoomPanel: Indicator reset to full range [0.0, 1.0]
GraphContainer: Applied stored range limits for "BTW" - Min: 5 Max: 75 - Auto-update disabled
=== Setting up Custom Graph Components Tab ===
FDWGraph constructor called
FDW zero axis drawn at x: 0
Data source set successfully
FDW Graph connected to data source and colors set
BDWGraph constructor called
BDW zero axis drawn at x: 0
Data source set successfully
BDW Graph connected to data source and colors set
BRWGraph constructor called
BRW zero axis drawn at x: 0
Data source set successfully
BRW Graph connected to data source and colors set
LTWGraph constructor called
LTW: draw() called
LTW: draw() - no dataSource or dataSource is empty
Data source set successfully
LTW Graph connected to data source and colors set
Data source set successfully
BTW Graph connected to data source and colors set
RTW: draw() called
RTW: draw() - no dataSource or dataSource is empty
RTW: drawCustomRMarkers early return - no dataSource or graphicsScene
Custom Y range set to: 0 to 25
RTWGraph constructor called with hard limits 0-25
RTW: draw() called
RTW: draw() - no dataSource or dataSource is empty
RTW: No manually placed R markers in data source
RTW: drawRTWSymbols() - dataSource pointer: 0x16c77b40
RTW: drawRTWSymbols() - symbols count from dataSource: 0
RTW: No symbols in dataSource (dataSource pointer: 0x16c77b40 )
Data source set successfully
RTW Graph connected to data source and colors set
FTWGraph constructor called
Data source set successfully
FTW Graph connected to data source and colors set
Simulator: Generating bulk data for 90 points using static method
Simulator: Processing WaterfallData with title: "FDW"
Simulator: Generating bulk data for 3 series in WaterfallData: "FDW"
Simulator: Adding bulk data to series: "ADOPTED" with 90 points
Generated data series range: 8 to 30 for series: "ADOPTED"
Simulator: Adding bulk data to series: "FDW-1" with 90 points
Generated data series range: 16.5861 to 30 for series: "FDW-1"
Simulator: Adding bulk data to series: "FDW-2" with 90 points
Generated data series range: 20.9061 to 30 for series: "FDW-2"
Simulator: Verified data added to series "ADOPTED" with 90 points
Simulator: Processing WaterfallData with title: "BDW"
Simulator: Generating bulk data for 3 series in WaterfallData: "BDW"
Simulator: Adding bulk data to series: "ADOPTED" with 90 points
Generated data series range: -30 to 30 for series: "ADOPTED"
Simulator: Adding bulk data to series: "BDW-1" with 90 points
Generated data series range: -6.25615 to 30 for series: "BDW-1"
Simulator: Adding bulk data to series: "BDW-2" with 90 points
Generated data series range: 5.72 to 30 for series: "BDW-2"
Simulator: Verified data added to series "ADOPTED" with 90 points
Simulator: Processing WaterfallData with title: "BRW"
Simulator: Generating bulk data for 3 series in WaterfallData: "BRW"
Simulator: Adding bulk data to series: "ADOPTED" with 90 points
Generated data series range: 8 to 30 for series: "ADOPTED"
Simulator: Adding bulk data to series: "BRW-1" with 90 points
Generated data series range: 16.7157 to 30 for series: "BRW-1"
Simulator: Adding bulk data to series: "BRW-2" with 90 points
Generated data series range: 20.7461 to 30 for series: "BRW-2"
Simulator: Verified data added to series "ADOPTED" with 90 points
Simulator: Processing WaterfallData with title: "LTW"
Simulator: Generating bulk data for 3 series in WaterfallData: "LTW"
Simulator: Adding bulk data to series: "ADOPTED" with 90 points
Generated data series range: 15 to 30 for series: "ADOPTED"
Simulator: Adding bulk data to series: "LTW-1" with 90 points
Generated data series range: 20.631 to 30 for series: "LTW-1"
Simulator: Adding bulk data to series: "LTW-2" with 90 points
Generated data series range: 23.7538 to 30 for series: "LTW-2"
Simulator: Verified data added to series "ADOPTED" with 90 points
Simulator: Processing WaterfallData with title: "BTW"
Simulator: Generating bulk data for 4 series in WaterfallData: "BTW"
Simulator: Adding bulk data to series: "ADOPTED" with 90 points
Generated data series range: 5 to 40 for series: "ADOPTED"
Simulator: Adding bulk data to series: "BTW-1" with 90 points
Generated data series range: 18.8256 to 40 for series: "BTW-1"
Simulator: Adding bulk data to series: "BTW-2" with 90 points
Generated data series range: 25.6656 to 40 for series: "BTW-2"
Simulator: Adding bulk data to series: "BTW-3" with 90 points
Generated data series range: 32.9195 to 40 for series: "BTW-3"
Simulator: Verified data added to series "ADOPTED" with 90 points
Simulator: Processing WaterfallData with title: "RTW"
Simulator: Generating bulk data for 3 series in WaterfallData: "RTW"
Simulator: Adding bulk data to series: "ADOPTED" with 90 points
Generated data series range: 0 to 25 for series: "ADOPTED"
Simulator: Adding bulk data to series: "RTW-1" with 90 points
Generated data series range: 9.54827 to 25 for series: "RTW-1"
Simulator: Adding bulk data to series: "RTW-2" with 90 points
Generated data series range: 14.5483 to 25 for series: "RTW-2"
Simulator: Verified data added to series "ADOPTED" with 90 points
Simulator: Processing WaterfallData with title: "FTW"
Simulator: Generating bulk data for 3 series in WaterfallData: "FTW"
Simulator: Adding bulk data to series: "ADOPTED" with 90 points
Generated data series range: 15 to 30 for series: "ADOPTED"
Simulator: Adding bulk data to series: "FTW-1" with 90 points
Generated data series range: 20.8238 to 30 for series: "FTW-1"
Simulator: Adding bulk data to series: "FTW-2" with 90 points
Generated data series range: 23.6138 to 30 for series: "FTW-2"
Simulator: Verified data added to series "ADOPTED" with 90 points
Simulator: Static bulk data generation completed
All graphs redrawn
=== Verifying bulk data generation ===
FDW Data series: 3 series
FDW First series "ADOPTED" has 90 points
BDW Data series: 3 series
BDW First series "ADOPTED" has 90 points
BRW Data series: 3 series
BRW First series "ADOPTED" has 90 points
LTW Data series: 3 series
LTW First series "ADOPTED" has 90 points
BTW Data series: 4 series
BTW First series "ADOPTED" has 90 points
RTW Data series: 3 series
RTW First series "ADOPTED" has 90 points
FTW Data series: 3 series
FTW First series "ADOPTED" has 90 points
=== Forcing graph redraws ===
All graphs redrawn
New graph components tab setup completed successfully
=== Setting up Test WaterfallGraph in Controls Tab ===
Data source set successfully
Data point added. New size: 1
Warning: Custom range doesn't overlap with data range, using data range
Custom range: 0 to 0
Data range: 0.3 to 0.3
Time range set from data - Time: "Fri Dec 19 01:50:19 2025" to "Fri Dec 19 01:50:19 2025"
Data ranges updated - Y: 0.3 to 0.3 Time: "Fri Dec 19 01:50:19 2025" to "Fri Dec 19 01:50:19 2025" Interval: "15 minutes" Auto-update: enabled Range limiting: enabled
Data point added. New size: 1
Warning: Custom range doesn't overlap with data range, using data range
Custom range: 0 to 0
Data range: 0.3 to 0.7
Time range set from data - Time: "Fri Dec 19 01:50:19 2025" to "Fri Dec 19 01:50:19 2025"
Data ranges updated - Y: 0.3 to 0.7 Time: "Fri Dec 19 01:50:19 2025" to "Fri Dec 19 01:50:19 2025" Interval: "15 minutes" Auto-update: enabled Range limiting: enabled
Data point added. New size: 2
Warning: Custom range doesn't overlap with data range, using data range
Custom range: 0 to 0
Data range: 0.3 to 0.7
Time range set from data - Time: "Fri Dec 19 01:50:09 2025" to "Fri Dec 19 01:50:19 2025"
Data ranges updated - Y: 0.3 to 0.7 Time: "Fri Dec 19 01:50:09 2025" to "Fri Dec 19 01:50:19 2025" Interval: "15 minutes" Auto-update: enabled Range limiting: enabled
Data point added. New size: 2
Warning: Custom range doesn't overlap with data range, using data range
Custom range: 0 to 0
Data range: 0.3 to 0.7
Time range set from data - Time: "Fri Dec 19 01:50:09 2025" to "Fri Dec 19 01:50:19 2025"
Data ranges updated - Y: 0.3 to 0.7 Time: "Fri Dec 19 01:50:09 2025" to "Fri Dec 19 01:50:19 2025" Interval: "15 minutes" Auto-update: enabled Range limiting: enabled
Data point added. New size: 3
Warning: Custom range doesn't overlap with data range, using data range
Custom range: 0 to 0
Data range: 0.3 to 0.7
Time range set from data - Time: "Fri Dec 19 01:49:59 2025" to "Fri Dec 19 01:50:19 2025"
Data ranges updated - Y: 0.3 to 0.7 Time: "Fri Dec 19 01:49:59 2025" to "Fri Dec 19 01:50:19 2025" Interval: "15 minutes" Auto-update: enabled Range limiting: enabled
Data point added. New size: 3
Warning: Custom range doesn't overlap with data range, using data range
Custom range: 0 to 0
Data range: 0.3 to 0.7
Time range set from data - Time: "Fri Dec 19 01:49:59 2025" to "Fri Dec 19 01:50:19 2025"
Data ranges updated - Y: 0.3 to 0.7 Time: "Fri Dec 19 01:49:59 2025" to "Fri Dec 19 01:50:19 2025" Interval: "15 minutes" Auto-update: enabled Range limiting: enabled
Data point added. New size: 4
Warning: Custom range doesn't overlap with data range, using data range
Custom range: 0 to 0
Data range: 0.3 to 0.7
Time range set from data - Time: "Fri Dec 19 01:49:49 2025" to "Fri Dec 19 01:50:19 2025"
Data ranges updated - Y: 0.3 to 0.7 Time: "Fri Dec 19 01:49:49 2025" to "Fri Dec 19 01:50:19 2025" Interval: "15 minutes" Auto-update: enabled Range limiting: enabled
Data point added. New size: 4
Warning: Custom range doesn't overlap with data range, using data range
Custom range: 0 to 0
Data range: 0.3 to 0.7
Time range set from data - Time: "Fri Dec 19 01:49:49 2025" to "Fri Dec 19 01:50:19 2025"
Data ranges updated - Y: 0.3 to 0.7 Time: "Fri Dec 19 01:49:49 2025" to "Fri Dec 19 01:50:19 2025" Interval: "15 minutes" Auto-update: enabled Range limiting: enabled
Data point added. New size: 5
Warning: Custom range doesn't overlap with data range, using data range
Custom range: 0 to 0
Data range: 0.3 to 0.7
Time range set from data - Time: "Fri Dec 19 01:49:39 2025" to "Fri Dec 19 01:50:19 2025"
Data ranges updated - Y: 0.3 to 0.7 Time: "Fri Dec 19 01:49:39 2025" to "Fri Dec 19 01:50:19 2025" Interval: "15 minutes" Auto-update: enabled Range limiting: enabled
Data point added. New size: 5
Warning: Custom range doesn't overlap with data range, using data range
Custom range: 0 to 0
Data range: 0.3 to 0.7
Time range set from data - Time: "Fri Dec 19 01:49:39 2025" to "Fri Dec 19 01:50:19 2025"
Data ranges updated - Y: 0.3 to 0.7 Time: "Fri Dec 19 01:49:39 2025" to "Fri Dec 19 01:50:19 2025" Interval: "15 minutes" Auto-update: enabled Range limiting: enabled
Data point added. New size: 6
Warning: Custom range doesn't overlap with data range, using data range
Custom range: 0 to 0
Data range: 0.3 to 0.7
Time range set from data - Time: "Fri Dec 19 01:49:29 2025" to "Fri Dec 19 01:50:19 2025"
Data ranges updated - Y: 0.3 to 0.7 Time: "Fri Dec 19 01:49:29 2025" to "Fri Dec 19 01:50:19 2025" Interval: "15 minutes" Auto-update: enabled Range limiting: enabled
Data point added. New size: 6
Warning: Custom range doesn't overlap with data range, using data range
Custom range: 0 to 0
Data range: 0.3 to 0.7
Time range set from data - Time: "Fri Dec 19 01:49:29 2025" to "Fri Dec 19 01:50:19 2025"
Data ranges updated - Y: 0.3 to 0.7 Time: "Fri Dec 19 01:49:29 2025" to "Fri Dec 19 01:50:19 2025" Interval: "15 minutes" Auto-update: enabled Range limiting: enabled
Data point added. New size: 7
Warning: Custom range doesn't overlap with data range, using data range
Custom range: 0 to 0
Data range: 0.3 to 0.7
Time range set from data - Time: "Fri Dec 19 01:49:19 2025" to "Fri Dec 19 01:50:19 2025"
Data ranges updated - Y: 0.3 to 0.7 Time: "Fri Dec 19 01:49:19 2025" to "Fri Dec 19 01:50:19 2025" Interval: "15 minutes" Auto-update: enabled Range limiting: enabled
Data point added. New size: 7
Warning: Custom range doesn't overlap with data range, using data range
Custom range: 0 to 0
Data range: 0.3 to 0.7
Time range set from data - Time: "Fri Dec 19 01:49:19 2025" to "Fri Dec 19 01:50:19 2025"
Data ranges updated - Y: 0.3 to 0.7 Time: "Fri Dec 19 01:49:19 2025" to "Fri Dec 19 01:50:19 2025" Interval: "15 minutes" Auto-update: enabled Range limiting: enabled
Data point added. New size: 8
Warning: Custom range doesn't overlap with data range, using data range
Custom range: 0 to 0
Data range: 0.3 to 0.7
Time range set from data - Time: "Fri Dec 19 01:49:09 2025" to "Fri Dec 19 01:50:19 2025"
Data ranges updated - Y: 0.3 to 0.7 Time: "Fri Dec 19 01:49:09 2025" to "Fri Dec 19 01:50:19 2025" Interval: "15 minutes" Auto-update: enabled Range limiting: enabled
Data point added. New size: 8
Warning: Custom range doesn't overlap with data range, using data range
Custom range: 0 to 0
Data range: 0.3 to 0.7
Time range set from data - Time: "Fri Dec 19 01:49:09 2025" to "Fri Dec 19 01:50:19 2025"
Data ranges updated - Y: 0.3 to 0.7 Time: "Fri Dec 19 01:49:09 2025" to "Fri Dec 19 01:50:19 2025" Interval: "15 minutes" Auto-update: enabled Range limiting: enabled
Data point added. New size: 9
Warning: Custom range doesn't overlap with data range, using data range
Custom range: 0 to 0
Data range: 0.3 to 0.7
Time range set from data - Time: "Fri Dec 19 01:48:59 2025" to "Fri Dec 19 01:50:19 2025"
Data ranges updated - Y: 0.3 to 0.7 Time: "Fri Dec 19 01:48:59 2025" to "Fri Dec 19 01:50:19 2025" Interval: "15 minutes" Auto-update: enabled Range limiting: enabled
Data point added. New size: 9
Warning: Custom range doesn't overlap with data range, using data range
Custom range: 0 to 0
Data range: 0.3 to 0.7
Time range set from data - Time: "Fri Dec 19 01:48:59 2025" to "Fri Dec 19 01:50:19 2025"
Data ranges updated - Y: 0.3 to 0.7 Time: "Fri Dec 19 01:48:59 2025" to "Fri Dec 19 01:50:19 2025" Interval: "15 minutes" Auto-update: enabled Range limiting: enabled
Data point added. New size: 10
Warning: Custom range doesn't overlap with data range, using data range
Custom range: 0 to 0
Data range: 0.3 to 0.7
Time range set from data - Time: "Fri Dec 19 01:48:49 2025" to "Fri Dec 19 01:50:19 2025"
Data ranges updated - Y: 0.3 to 0.7 Time: "Fri Dec 19 01:48:49 2025" to "Fri Dec 19 01:50:19 2025" Interval: "15 minutes" Auto-update: enabled Range limiting: enabled
Data point added. New size: 10
Warning: Custom range doesn't overlap with data range, using data range
Custom range: 0 to 0
Data range: 0.3 to 0.7
Time range set from data - Time: "Fri Dec 19 01:48:49 2025" to "Fri Dec 19 01:50:19 2025"
Data ranges updated - Y: 0.3 to 0.7 Time: "Fri Dec 19 01:48:49 2025" to "Fri Dec 19 01:50:19 2025" Interval: "15 minutes" Auto-update: enabled Range limiting: enabled
Data point added. New size: 11
Warning: Custom range doesn't overlap with data range, using data range
Custom range: 0 to 0
Data range: 0.3 to 0.7
Time range set from data - Time: "Fri Dec 19 01:48:39 2025" to "Fri Dec 19 01:50:19 2025"
Data ranges updated - Y: 0.3 to 0.7 Time: "Fri Dec 19 01:48:39 2025" to "Fri Dec 19 01:50:19 2025" Interval: "15 minutes" Auto-update: enabled Range limiting: enabled
Data point added. New size: 11
Warning: Custom range doesn't overlap with data range, using data range
Custom range: 0 to 0
Data range: 0.3 to 0.7
Time range set from data - Time: "Fri Dec 19 01:48:39 2025" to "Fri Dec 19 01:50:19 2025"
Data ranges updated - Y: 0.3 to 0.7 Time: "Fri Dec 19 01:48:39 2025" to "Fri Dec 19 01:50:19 2025" Interval: "15 minutes" Auto-update: enabled Range limiting: enabled
Data point added. New size: 12
Warning: Custom range doesn't overlap with data range, using data range
Custom range: 0 to 0
Data range: 0.3 to 0.7
Time range set from data - Time: "Fri Dec 19 01:48:29 2025" to "Fri Dec 19 01:50:19 2025"
Data ranges updated - Y: 0.3 to 0.7 Time: "Fri Dec 19 01:48:29 2025" to "Fri Dec 19 01:50:19 2025" Interval: "15 minutes" Auto-update: enabled Range limiting: enabled
Data point added. New size: 12
Warning: Custom range doesn't overlap with data range, using data range
Custom range: 0 to 0
Data range: 0.3 to 0.7
Time range set from data - Time: "Fri Dec 19 01:48:29 2025" to "Fri Dec 19 01:50:19 2025"
Data ranges updated - Y: 0.3 to 0.7 Time: "Fri Dec 19 01:48:29 2025" to "Fri Dec 19 01:50:19 2025" Interval: "15 minutes" Auto-update: enabled Range limiting: enabled
Data point added. New size: 13
Warning: Custom range doesn't overlap with data range, using data range
Custom range: 0 to 0
Data range: 0.3 to 0.7
Time range set from data - Time: "Fri Dec 19 01:48:19 2025" to "Fri Dec 19 01:50:19 2025"
Data ranges updated - Y: 0.3 to 0.7 Time: "Fri Dec 19 01:48:19 2025" to "Fri Dec 19 01:50:19 2025" Interval: "15 minutes" Auto-update: enabled Range limiting: enabled
Data point added. New size: 13
Warning: Custom range doesn't overlap with data range, using data range
Custom range: 0 to 0
Data range: 0.3 to 0.7
Time range set from data - Time: "Fri Dec 19 01:48:19 2025" to "Fri Dec 19 01:50:19 2025"
Data ranges updated - Y: 0.3 to 0.7 Time: "Fri Dec 19 01:48:19 2025" to "Fri Dec 19 01:50:19 2025" Interval: "15 minutes" Auto-update: enabled Range limiting: enabled
Data point added. New size: 14
Warning: Custom range doesn't overlap with data range, using data range
Custom range: 0 to 0
Data range: 0.3 to 0.7
Time range set from data - Time: "Fri Dec 19 01:48:09 2025" to "Fri Dec 19 01:50:19 2025"
Data ranges updated - Y: 0.3 to 0.7 Time: "Fri Dec 19 01:48:09 2025" to "Fri Dec 19 01:50:19 2025" Interval: "15 minutes" Auto-update: enabled Range limiting: enabled
Data point added. New size: 14
Warning: Custom range doesn't overlap with data range, using data range
Custom range: 0 to 0
Data range: 0.3 to 0.7
Time range set from data - Time: "Fri Dec 19 01:48:09 2025" to "Fri Dec 19 01:50:19 2025"
Data ranges updated - Y: 0.3 to 0.7 Time: "Fri Dec 19 01:48:09 2025" to "Fri Dec 19 01:50:19 2025" Interval: "15 minutes" Auto-update: enabled Range limiting: enabled
Data point added. New size: 15
Warning: Custom range doesn't overlap with data range, using data range
Custom range: 0 to 0
Data range: 0.3 to 0.7
Time range set from data - Time: "Fri Dec 19 01:47:59 2025" to "Fri Dec 19 01:50:19 2025"
Data ranges updated - Y: 0.3 to 0.7 Time: "Fri Dec 19 01:47:59 2025" to "Fri Dec 19 01:50:19 2025" Interval: "15 minutes" Auto-update: enabled Range limiting: enabled
Data point added. New size: 15
Warning: Custom range doesn't overlap with data range, using data range
Custom range: 0 to 0
Data range: 0.3 to 0.7
Time range set from data - Time: "Fri Dec 19 01:47:59 2025" to "Fri Dec 19 01:50:19 2025"
Data ranges updated - Y: 0.3 to 0.7 Time: "Fri Dec 19 01:47:59 2025" to "Fri Dec 19 01:50:19 2025" Interval: "15 minutes" Auto-update: enabled Range limiting: enabled
Data point added. New size: 16
Warning: Custom range doesn't overlap with data range, using data range
Custom range: 0 to 0
Data range: 0.3 to 0.7
Time range set from data - Time: "Fri Dec 19 01:47:49 2025" to "Fri Dec 19 01:50:19 2025"
Data ranges updated - Y: 0.3 to 0.7 Time: "Fri Dec 19 01:47:49 2025" to "Fri Dec 19 01:50:19 2025" Interval: "15 minutes" Auto-update: enabled Range limiting: enabled
Data point added. New size: 16
Warning: Custom range doesn't overlap with data range, using data range
Custom range: 0 to 0
Data range: 0.3 to 0.7
Time range set from data - Time: "Fri Dec 19 01:47:49 2025" to "Fri Dec 19 01:50:19 2025"
Data ranges updated - Y: 0.3 to 0.7 Time: "Fri Dec 19 01:47:49 2025" to "Fri Dec 19 01:50:19 2025" Interval: "15 minutes" Auto-update: enabled Range limiting: enabled
Data point added. New size: 17
Warning: Custom range doesn't overlap with data range, using data range
Custom range: 0 to 0
Data range: 0.3 to 0.718936
Time range set from data - Time: "Fri Dec 19 01:47:39 2025" to "Fri Dec 19 01:50:19 2025"
Data ranges updated - Y: 0.3 to 0.718936 Time: "Fri Dec 19 01:47:39 2025" to "Fri Dec 19 01:50:19 2025" Interval: "15 minutes" Auto-update: enabled Range limiting: enabled
Data point added. New size: 17
Warning: Custom range doesn't overlap with data range, using data range
Custom range: 0 to 0
Data range: 0.3 to 0.718936
Time range set from data - Time: "Fri Dec 19 01:47:39 2025" to "Fri Dec 19 01:50:19 2025"
Data ranges updated - Y: 0.3 to 0.718936 Time: "Fri Dec 19 01:47:39 2025" to "Fri Dec 19 01:50:19 2025" Interval: "15 minutes" Auto-update: enabled Range limiting: enabled
Data point added. New size: 18
Warning: Custom range doesn't overlap with data range, using data range
Custom range: 0 to 0
Data range: 0.3 to 0.719849
Time range set from data - Time: "Fri Dec 19 01:47:29 2025" to "Fri Dec 19 01:50:19 2025"
Data ranges updated - Y: 0.3 to 0.719849 Time: "Fri Dec 19 01:47:29 2025" to "Fri Dec 19 01:50:19 2025" Interval: "15 minutes" Auto-update: enabled Range limiting: enabled
Data point added. New size: 18
Warning: Custom range doesn't overlap with data range, using data range
Custom range: 0 to 0
Data range: 0.3 to 0.719849
Time range set from data - Time: "Fri Dec 19 01:47:29 2025" to "Fri Dec 19 01:50:19 2025"
Data ranges updated - Y: 0.3 to 0.719849 Time: "Fri Dec 19 01:47:29 2025" to "Fri Dec 19 01:50:19 2025" Interval: "15 minutes" Auto-update: enabled Range limiting: enabled
Data point added. New size: 19
Warning: Custom range doesn't overlap with data range, using data range
Custom range: 0 to 0
Data range: 0.3 to 0.719849
Time range set from data - Time: "Fri Dec 19 01:47:19 2025" to "Fri Dec 19 01:50:19 2025"
Data ranges updated - Y: 0.3 to 0.719849 Time: "Fri Dec 19 01:47:19 2025" to "Fri Dec 19 01:50:19 2025" Interval: "15 minutes" Auto-update: enabled Range limiting: enabled
Data point added. New size: 19
Warning: Custom range doesn't overlap with data range, using data range
Custom range: 0 to 0
Data range: 0.3 to 0.719849
Time range set from data - Time: "Fri Dec 19 01:47:19 2025" to "Fri Dec 19 01:50:19 2025"
Data ranges updated - Y: 0.3 to 0.719849 Time: "Fri Dec 19 01:47:19 2025" to "Fri Dec 19 01:50:19 2025" Interval: "15 minutes" Auto-update: enabled Range limiting: enabled
Data point added. New size: 20
Warning: Custom range doesn't overlap with data range, using data range
Custom range: 0 to 0
Data range: 0.3 to 0.719849
Time range set from data - Time: "Fri Dec 19 01:47:09 2025" to "Fri Dec 19 01:50:19 2025"
Data ranges updated - Y: 0.3 to 0.719849 Time: "Fri Dec 19 01:47:09 2025" to "Fri Dec 19 01:50:19 2025" Interval: "15 minutes" Auto-update: enabled Range limiting: enabled
Data point added. New size: 20
Warning: Custom range doesn't overlap with data range, using data range
Custom range: 0 to 0
Data range: 0.3 to 0.719849
Time range set from data - Time: "Fri Dec 19 01:47:09 2025" to "Fri Dec 19 01:50:19 2025"
Data ranges updated - Y: 0.3 to 0.719849 Time: "Fri Dec 19 01:47:09 2025" to "Fri Dec 19 01:50:19 2025" Interval: "15 minutes" Auto-update: enabled Range limiting: enabled
Test WaterfallGraph created in controls tab with 20 test data points
Crosshair enabled: true
Test WaterfallGraph geometry: QRect(500,10 400x500)
Test WaterfallGraph visible: false
=== Setting up TimelineView Tab ===
TimelineView created in dedicated Timeline View tab
TimelineView geometry: QRect(50,50 64x600)
TimelineView visible: false
=== Setting up RTW Symbols Test ===
RTW Symbols test widget created in new tab
RTW Symbols test widget geometry: QRect(10,10 1200x800)
RTW Symbols test widget visible: false
ZoomPanel: Original values initialized - Left: 0 Center: 0.5 Right: 1
Time selection history storage initialized (max 5 selections)
Manoeuvre buttons created and connected in horizontal layout
WaterfallData: Added RTW symbol "TM" at timestamp "Fri Dec 19 01:48:19 2025" with range 15
RTW: draw() called
RTW: draw() - no dataSource or dataSource is empty
RTW: No manually placed R markers in data source
RTW: drawRTWSymbols() - dataSource pointer: 0x46918a0
RTW: drawRTWSymbols() - symbols count from dataSource: 1
RTW: No valid time range, using all symbols and updating time range
RTW: Updated time range from symbols: "Fri Dec 19 01:47:19 2025" to "Fri Dec 19 01:49:19 2025"
RTW: Time range filtering - Total symbols: 1 - Visible symbols: 1 - Time range: "Fri Dec 19 01:47:19 2025" to "Fri Dec 19 01:49:19 2025" - Time range valid: false
RTW: Drawing area: QRectF(0,0 0x0)
RTW: Processing symbol 0 - Name: "TM" Range: 15 Time: "Fri Dec 19 01:48:19 2025" Screen: QPointF(0,0) In area: false Drawing area: QRectF(0,0 0x0)
RTW: Symbol "TM" outside drawing area, skipping
GraphLayout: Redrew graph type 6 in container
RTW: draw() called
RTW: draw() - no dataSource or dataSource is empty
RTW: No manually placed R markers in data source
RTW: drawRTWSymbols() - dataSource pointer: 0x46918a0
RTW: drawRTWSymbols() - symbols count from dataSource: 1
RTW: No valid time range, using all symbols and updating time range
RTW: Updated time range from symbols: "Fri Dec 19 01:47:19 2025" to "Fri Dec 19 01:49:19 2025"
RTW: Time range filtering - Total symbols: 1 - Visible symbols: 1 - Time range: "Fri Dec 19 01:47:19 2025" to "Fri Dec 19 01:49:19 2025" - Time range valid: false
RTW: Drawing area: QRectF(0,0 0x0)
RTW: Processing symbol 0 - Name: "TM" Range: 15 Time: "Fri Dec 19 01:48:19 2025" Screen: QPointF(0,0) In area: false Drawing area: QRectF(0,0 0x0)
RTW: Symbol "TM" outside drawing area, skipping
GraphLayout: Redrew graph type 6 in container
RTW: draw() called
RTW: draw() - no dataSource or dataSource is empty
RTW: No manually placed R markers in data source
RTW: drawRTWSymbols() - dataSource pointer: 0x46918a0
RTW: drawRTWSymbols() - symbols count from dataSource: 1
RTW: No valid time range, using all symbols and updating time range
RTW: Updated time range from symbols: "Fri Dec 19 01:47:19 2025" to "Fri Dec 19 01:49:19 2025"
RTW: Time range filtering - Total symbols: 1 - Visible symbols: 1 - Time range: "Fri Dec 19 01:47:19 2025" to "Fri Dec 19 01:49:19 2025" - Time range valid: false
RTW: Drawing area: QRectF(0,0 0x0)
RTW: Processing symbol 0 - Name: "TM" Range: 15 Time: "Fri Dec 19 01:48:19 2025" Screen: QPointF(0,0) In area: false Drawing area: QRectF(0,0 0x0)
RTW: Symbol "TM" outside drawing area, skipping
GraphLayout: Redrew graph type 6 in container
RTW: draw() called
RTW: draw() - no dataSource or dataSource is empty
RTW: No manually placed R markers in data source
RTW: drawRTWSymbols() - dataSource pointer: 0x46918a0
RTW: drawRTWSymbols() - symbols count from dataSource: 1
RTW: No valid time range, using all symbols and updating time range
RTW: Updated time range from symbols: "Fri Dec 19 01:47:19 2025" to "Fri Dec 19 01:49:19 2025"
RTW: Time range filtering - Total symbols: 1 - Visible symbols: 1 - Time range: "Fri Dec 19 01:47:19 2025" to "Fri Dec 19 01:49:19 2025" - Time range valid: false
RTW: Drawing area: QRectF(0,0 0x0)
RTW: Processing symbol 0 - Name: "TM" Range: 15 Time: "Fri Dec 19 01:48:19 2025" Screen: QPointF(0,0) In area: false Drawing area: QRectF(0,0 0x0)
RTW: Symbol "TM" outside drawing area, skipping
GraphLayout: Redrew graph type 6 in container
GraphLayout: Added RTW symbol "TM" to graph type 6
MainWindow: Added test RTW symbol 'TM' at timestamp: "2025-12-19 01:48:19"
ZoomPanel: Calculated optimal font size: 11 for max width: 50
ZoomPanel: Calculated optimal font size: 11 for max width: 50
Updated indicator bounds - Left: 0 Right: 1 Width: 249 X: 2
ZoomPanel: Show event - updated indicator to value: 1
updateGraphicsDimensions - Widget size: QSize(253, 605)
BDW zero axis drawn at x: 0
updateGraphicsDimensions - Widget size: QSize(253, 605)
BDW zero axis drawn at x: 0
ZoomPanel: Calculated optimal font size: 11 for max width: 80
ZoomPanel: Calculated optimal font size: 11 for max width: 80
Updated indicator bounds - Left: 0 Right: 1 Width: 390 X: 5
ZoomPanel: Show event - updated indicator to value: 1
updateGraphicsDimensions - Widget size: QSize(400, 500)
Warning: Custom range doesn't overlap with data range, using data range
Custom range: 0 to 0
Data range: 0.3 to 0.719849
Time range set from data - Time: "Fri Dec 19 01:47:09 2025" to "Fri Dec 19 01:50:19 2025"
Data ranges updated - Y: 0.3 to 0.719849 Time: "Fri Dec 19 01:47:09 2025" to "Fri Dec 19 01:50:19 2025" Interval: "15 minutes" Auto-update: enabled Range limiting: enabled
updateGraphicsDimensions - Widget size: QSize(400, 500)
Warning: Custom range doesn't overlap with data range, using data range
Custom range: 0 to 0
Data range: 0.3 to 0.719849
Time range set from data - Time: "Fri Dec 19 01:47:09 2025" to "Fri Dec 19 01:50:19 2025"
Data ranges updated - Y: 0.3 to 0.719849 Time: "Fri Dec 19 01:47:09 2025" to "Fri Dec 19 01:50:19 2025" Interval: "15 minutes" Auto-update: enabled Range limiting: enabled
qt.qpa.wayland: Wayland does not support QWindow::requestActivate()
BDW zero axis drawn at x: 0
Custom time range set to: "Fri Dec 19 01:35:22 2025" to "Fri Dec 19 01:50:22 2025"
BDW zero axis drawn at x: 0
Custom time range set to: "Fri Dec 19 01:35:22 2025" to "Fri Dec 19 01:50:22 2025"
GraphContainer: Setting current time to "01:50:22"
Custom time range set to: "Fri Dec 19 01:35:22 2025" to "Fri Dec 19 01:50:22 2025"
Custom time range set to: "Fri Dec 19 01:35:22 2025" to "Fri Dec 19 01:50:22 2025"
GraphLayout: Container time scope changed from "Fri Dec 19 01:35:22 2025" to "Fri Dec 19 01:50:22 2025"
Custom time range set to: "Fri Dec 19 01:35:22 2025" to "Fri Dec 19 01:50:22 2025"
Custom time range set to: "Fri Dec 19 01:35:22 2025" to "Fri Dec 19 01:50:22 2025"
Custom time range set to: "Fri Dec 19 01:35:22 2025" to "Fri Dec 19 01:50:22 2025"
GraphLayout: Container time scope changed from "Fri Dec 19 01:35:22 2025" to "Fri Dec 19 01:50:22 2025"
Custom time range set to: "Fri Dec 19 01:35:22 2025" to "Fri Dec 19 01:50:22 2025"
Custom time range set to: "Fri Dec 19 01:35:22 2025" to "Fri Dec 19 01:50:22 2025"
Custom time range set to: "Fri Dec 19 01:35:22 2025" to "Fri Dec 19 01:50:22 2025"
GraphContainer: Setting current time to "01:50:22"
Custom time range set to: "Fri Dec 19 01:35:22 2025" to "Fri Dec 19 01:50:22 2025"
GraphLayout: Container time scope changed from "Fri Dec 19 01:35:22 2025" to "Fri Dec 19 01:50:22 2025"
Custom time range set to: "Fri Dec 19 01:35:22 2025" to "Fri Dec 19 01:50:22 2025"
Custom time range set to: "Fri Dec 19 01:35:22 2025" to "Fri Dec 19 01:50:22 2025"
Custom time range set to: "Fri Dec 19 01:35:22 2025" to "Fri Dec 19 01:50:22 2025"
GraphContainer: Setting current time to "01:50:22"
Custom time range set to: "Fri Dec 19 01:35:22 2025" to "Fri Dec 19 01:50:22 2025"
Custom time range set to: "Fri Dec 19 01:35:22 2025" to "Fri Dec 19 01:50:22 2025"
GraphLayout: Container time scope changed from "Fri Dec 19 01:35:22 2025" to "Fri Dec 19 01:50:22 2025"
Custom time range set to: "Fri Dec 19 01:35:22 2025" to "Fri Dec 19 01:50:22 2025"
Custom time range set to: "Fri Dec 19 01:35:22 2025" to "Fri Dec 19 01:50:22 2025"
Custom time range set to: "Fri Dec 19 01:35:22 2025" to "Fri Dec 19 01:50:22 2025"
GraphLayout: Container time scope changed from "Fri Dec 19 01:35:22 2025" to "Fri Dec 19 01:50:22 2025"
Custom time range set to: "Fri Dec 19 01:35:22 2025" to "Fri Dec 19 01:50:22 2025"
Custom time range set to: "Fri Dec 19 01:35:22 2025" to "Fri Dec 19 01:50:22 2025"
Custom time range set to: "Fri Dec 19 01:35:22 2025" to "Fri Dec 19 01:50:22 2025"
GraphContainer: Setting current time to "01:50:22"
Custom time range set to: "Fri Dec 19 01:35:22 2025" to "Fri Dec 19 01:50:22 2025"
GraphLayout: Container time scope changed from "Fri Dec 19 01:35:22 2025" to "Fri Dec 19 01:50:22 2025"
Custom time range set to: "Fri Dec 19 01:35:22 2025" to "Fri Dec 19 01:50:22 2025"
Custom time range set to: "Fri Dec 19 01:35:22 2025" to "Fri Dec 19 01:50:22 2025"
Custom time range set to: "Fri Dec 19 01:35:22 2025" to "Fri Dec 19 01:50:22 2025"
GraphContainer: Set chevron label 1 to: "Start"
GraphContainer: Set chevron label 1 to: "Start"
GraphContainer: Set chevron label 1 to: "Start"
GraphContainer: Set chevron label 1 to: "Start"
GraphLayout: Set chevron label 1 to: "Start" for all visible containers
GraphContainer: Set chevron label 2 to: "Now"
GraphContainer: Set chevron label 2 to: "Now"
GraphContainer: Set chevron label 2 to: "Now"
GraphContainer: Set chevron label 2 to: "Now"
GraphLayout: Set chevron label 2 to: "Now" for all visible containers
GraphContainer: Set chevron label 3 to: "End"
GraphContainer: Set chevron label 3 to: "End"
GraphContainer: Set chevron label 3 to: "End"
GraphContainer: Set chevron label 3 to: "End"
GraphLayout: Set chevron label 3 to: "End" for all visible containers
Custom time range set to: "Fri Dec 19 01:35:22 2025" to "Fri Dec 19 01:50:22 2025"
Custom time range set to: "Fri Dec 19 01:35:22 2025" to "Fri Dec 19 01:50:22 2025"
GraphLayout: Container time scope changed from "Fri Dec 19 01:35:22 2025" to "Fri Dec 19 01:50:22 2025"
Custom time range set to: "Fri Dec 19 01:35:22 2025" to "Fri Dec 19 01:50:22 2025"
Custom time range set to: "Fri Dec 19 01:35:22 2025" to "Fri Dec 19 01:50:22 2025"
Custom time range set to: "Fri Dec 19 01:35:22 2025" to "Fri Dec 19 01:50:22 2025"
GraphLayout: Container time scope changed from "Fri Dec 19 01:35:22 2025" to "Fri Dec 19 01:50:22 2025"
Custom time range set to: "Fri Dec 19 01:35:22 2025" to "Fri Dec 19 01:50:22 2025"
Custom time range set to: "Fri Dec 19 01:35:22 2025" to "Fri Dec 19 01:50:22 2025"
Custom time range set to: "Fri Dec 19 01:35:22 2025" to "Fri Dec 19 01:50:22 2025"
Custom time range set to: "Fri Dec 19 01:35:22 2025" to "Fri Dec 19 01:50:22 2025"
GraphLayout: Container time scope changed from "Fri Dec 19 01:35:22 2025" to "Fri Dec 19 01:50:22 2025"
Custom time range set to: "Fri Dec 19 01:35:22 2025" to "Fri Dec 19 01:50:22 2025"
Custom time range set to: "Fri Dec 19 01:35:22 2025" to "Fri Dec 19 01:50:22 2025"
Custom time range set to: "Fri Dec 19 01:35:22 2025" to "Fri Dec 19 01:50:22 2025"
Custom time range set to: "Fri Dec 19 01:35:22 2025" to "Fri Dec 19 01:50:22 2025"
Custom time range set to: "Fri Dec 19 01:35:22 2025" to "Fri Dec 19 01:50:22 2025"
GraphLayout: Container time scope changed from "Fri Dec 19 01:35:22 2025" to "Fri Dec 19 01:50:22 2025"
Custom time range set to: "Fri Dec 19 01:35:22 2025" to "Fri Dec 19 01:50:22 2025"
Custom time range set to: "Fri Dec 19 01:35:22 2025" to "Fri Dec 19 01:50:22 2025"
Custom time range set to: "Fri Dec 19 01:35:22 2025" to "Fri Dec 19 01:50:22 2025"
GraphLayout: Container time scope changed from "Fri Dec 19 01:35:22 2025" to "Fri Dec 19 01:50:22 2025"
Custom time range set to: "Fri Dec 19 01:35:22 2025" to "Fri Dec 19 01:50:22 2025"
Custom time range set to: "Fri Dec 19 01:35:22 2025" to "Fri Dec 19 01:50:22 2025"
Custom time range set to: "Fri Dec 19 01:35:22 2025" to "Fri Dec 19 01:50:22 2025"
Custom time range set to: "Fri Dec 19 01:35:22 2025" to "Fri Dec 19 01:50:22 2025"
GraphLayout: Container time scope changed from "Fri Dec 19 01:35:22 2025" to "Fri Dec 19 01:50:22 2025"
Custom time range set to: "Fri Dec 19 01:35:22 2025" to "Fri Dec 19 01:50:22 2025"
Custom time range set to: "Fri Dec 19 01:35:22 2025" to "Fri Dec 19 01:50:22 2025"
Custom time range set to: "Fri Dec 19 01:35:22 2025" to "Fri Dec 19 01:50:22 2025"
Simulator::onTimerTick() called
Added data point to "FDW" series "FDW-1" y: 4.43492 time: "Fri Dec 19 01:50:22 2025"
Added data point to "FDW" series "FDW-2" y: 14.4349 time: "Fri Dec 19 01:50:22 2025"
Added data point to "BDW" series "BDW-1" y: 2.02633 time: "Fri Dec 19 01:50:22 2025"
Added data point to "BDW" series "BDW-2" y: 12.0263 time: "Fri Dec 19 01:50:22 2025"
Added data point to "BRW" series "BRW-1" y: 0.344932 time: "Fri Dec 19 01:50:22 2025"
Added data point to "BRW" series "BRW-2" y: 10.3449 time: "Fri Dec 19 01:50:22 2025"
Added data point to "LTW" series "LTW-1" y: 22.4867 time: "Fri Dec 19 01:50:22 2025"
Added data point to "LTW" series "LTW-2" y: 32.4867 time: "Fri Dec 19 01:50:22 2025"
Added data point to "BTW" series "BTW-1" y: 25.7026 time: "Fri Dec 19 01:50:22 2025"
Data ranges updated - Y: 5 to 75 Time: "Fri Dec 19 01:35:22 2025" to "Fri Dec 19 01:50:22 2025" Interval: "15 minutes" Auto-update: disabled Range limiting: enabled
drawDataLine: no data available for series "ADOPTED"
Default scatterplot drawn with 1 points
No data available for default scatterplot
No data available for default scatterplot
Custom time range set to: "Fri Dec 19 01:35:22 2025" to "Fri Dec 19 01:50:22 2025"
GraphContainer: Updated time range to show new data - "Fri Dec 19 01:35:22 2025" to "Fri Dec 19 01:50:22 2025"
GraphContainer: Using stored range limit for "BTW" - Min: 5 Max: 75
ZoomPanel: Original range values explicitly set - Left: 5 Center: 40 Right: 75
GraphContainer: Zoom panel limits updated - Min: 5 Center: 40 Max: 75 - User has not customized
Data ranges updated - Y: 5 to 75 Time: "Fri Dec 19 01:35:22 2025" to "Fri Dec 19 01:50:22 2025" Interval: "15 minutes" Auto-update: disabled Range limiting: enabled
drawDataLine: no data available for series "ADOPTED"
Default scatterplot drawn with 1 points
No data available for default scatterplot
No data available for default scatterplot
GraphContainer: Updated TimeSelectionVisualizer valid range to "01:50:22" to "01:50:22"
Data ranges updated - Y: 5 to 75 Time: "Fri Dec 19 01:35:22 2025" to "Fri Dec 19 01:50:22 2025" Interval: "15 minutes" Auto-update: disabled Range limiting: enabled
drawDataLine: no data available for series "ADOPTED"
Default scatterplot drawn with 1 points
No data available for default scatterplot
No data available for default scatterplot
Custom time range set to: "Fri Dec 19 01:35:22 2025" to "Fri Dec 19 01:50:22 2025"
GraphContainer: Updated time range to show new data - "Fri Dec 19 01:35:22 2025" to "Fri Dec 19 01:50:22 2025"
GraphContainer: Using stored range limit for "BTW" - Min: 5 Max: 75
ZoomPanel: Original range values explicitly set - Left: 5 Center: 40 Right: 75
GraphContainer: Zoom panel limits updated - Min: 5 Center: 40 Max: 75 - User has not customized
Data ranges updated - Y: 5 to 75 Time: "Fri Dec 19 01:35:22 2025" to "Fri Dec 19 01:50:22 2025" Interval: "15 minutes" Auto-update: disabled Range limiting: enabled
drawDataLine: no data available for series "ADOPTED"
Default scatterplot drawn with 1 points
No data available for default scatterplot
No data available for default scatterplot
GraphContainer: Updated TimeSelectionVisualizer valid range to "01:50:22" to "01:50:22"
Data ranges updated - Y: 5 to 75 Time: "Fri Dec 19 01:35:22 2025" to "Fri Dec 19 01:50:22 2025" Interval: "15 minutes" Auto-update: disabled Range limiting: enabled
drawDataLine: no data available for series "ADOPTED"
Default scatterplot drawn with 1 points
No data available for default scatterplot
No data available for default scatterplot
Custom time range set to: "Fri Dec 19 01:35:22 2025" to "Fri Dec 19 01:50:22 2025"
GraphContainer: Updated time range to show new data - "Fri Dec 19 01:35:22 2025" to "Fri Dec 19 01:50:22 2025"
GraphContainer: Using stored range limit for "BTW" - Min: 5 Max: 75
ZoomPanel: Original range values explicitly set - Left: 5 Center: 40 Right: 75
GraphContainer: Zoom panel limits updated - Min: 5 Center: 40 Max: 75 - User has not customized
Data ranges updated - Y: 5 to 75 Time: "Fri Dec 19 01:35:22 2025" to "Fri Dec 19 01:50:22 2025" Interval: "15 minutes" Auto-update: disabled Range limiting: enabled
drawDataLine: no data available for series "ADOPTED"
Default scatterplot drawn with 1 points
No data available for default scatterplot
No data available for default scatterplot
GraphContainer: Updated TimeSelectionVisualizer valid range to "01:50:22" to "01:50:22"
Data ranges updated - Y: 5 to 75 Time: "Fri Dec 19 01:35:22 2025" to "Fri Dec 19 01:50:22 2025" Interval: "15 minutes" Auto-update: disabled Range limiting: enabled
drawDataLine: no data available for series "ADOPTED"
Default scatterplot drawn with 1 points
No data available for default scatterplot
No data available for default scatterplot
Custom time range set to: "Fri Dec 19 01:35:22 2025" to "Fri Dec 19 01:50:22 2025"
GraphContainer: Updated time range to show new data - "Fri Dec 19 01:35:22 2025" to "Fri Dec 19 01:50:22 2025"
GraphContainer: Using stored range limit for "BTW" - Min: 5 Max: 75
ZoomPanel: Original range values explicitly set - Left: 5 Center: 40 Right: 75
GraphContainer: Zoom panel limits updated - Min: 5 Center: 40 Max: 75 - User has not customized
Data ranges updated - Y: 5 to 75 Time: "Fri Dec 19 01:35:22 2025" to "Fri Dec 19 01:50:22 2025" Interval: "15 minutes" Auto-update: disabled Range limiting: enabled
drawDataLine: no data available for series "ADOPTED"
Default scatterplot drawn with 1 points
No data available for default scatterplot
No data available for default scatterplot
GraphContainer: Updated TimeSelectionVisualizer valid range to "01:50:22" to "01:50:22"
Added data point to "BTW" series "BTW-2" y: 35.7026 time: "Fri Dec 19 01:50:22 2025"
GraphContainer: Using stored range limit for "BTW" - Min: 5 Max: 75
ZoomPanel: Original range values explicitly set - Left: 5 Center: 40 Right: 75
GraphContainer: Zoom panel limits updated - Min: 5 Center: 40 Max: 75 - User has not customized
Data ranges updated - Y: 5 to 75 Time: "Fri Dec 19 01:35:22 2025" to "Fri Dec 19 01:50:22 2025" Interval: "15 minutes" Auto-update: disabled Range limiting: enabled
drawDataLine: no data available for series "ADOPTED"
Default scatterplot drawn with 1 points
Default scatterplot drawn with 1 points
No data available for default scatterplot
GraphContainer: Updated TimeSelectionVisualizer valid range to "01:50:22" to "01:50:22"
GraphContainer: Using stored range limit for "BTW" - Min: 5 Max: 75
ZoomPanel: Original range values explicitly set - Left: 5 Center: 40 Right: 75
GraphContainer: Zoom panel limits updated - Min: 5 Center: 40 Max: 75 - User has not customized
Data ranges updated - Y: 5 to 75 Time: "Fri Dec 19 01:35:22 2025" to "Fri Dec 19 01:50:22 2025" Interval: "15 minutes" Auto-update: disabled Range limiting: enabled
drawDataLine: no data available for series "ADOPTED"
Default scatterplot drawn with 1 points
Default scatterplot drawn with 1 points
No data available for default scatterplot
GraphContainer: Updated TimeSelectionVisualizer valid range to "01:50:22" to "01:50:22"
GraphContainer: Using stored range limit for "BTW" - Min: 5 Max: 75
ZoomPanel: Original range values explicitly set - Left: 5 Center: 40 Right: 75
GraphContainer: Zoom panel limits updated - Min: 5 Center: 40 Max: 75 - User has not customized
Data ranges updated - Y: 5 to 75 Time: "Fri Dec 19 01:35:22 2025" to "Fri Dec 19 01:50:22 2025" Interval: "15 minutes" Auto-update: disabled Range limiting: enabled
drawDataLine: no data available for series "ADOPTED"
Default scatterplot drawn with 1 points
Default scatterplot drawn with 1 points
No data available for default scatterplot
GraphContainer: Updated TimeSelectionVisualizer valid range to "01:50:22" to "01:50:22"
GraphContainer: Using stored range limit for "BTW" - Min: 5 Max: 75
ZoomPanel: Original range values explicitly set - Left: 5 Center: 40 Right: 75
GraphContainer: Zoom panel limits updated - Min: 5 Center: 40 Max: 75 - User has not customized
Data ranges updated - Y: 5 to 75 Time: "Fri Dec 19 01:35:22 2025" to "Fri Dec 19 01:50:22 2025" Interval: "15 minutes" Auto-update: disabled Range limiting: enabled
drawDataLine: no data available for series "ADOPTED"
Default scatterplot drawn with 1 points
Default scatterplot drawn with 1 points
No data available for default scatterplot
GraphContainer: Updated TimeSelectionVisualizer valid range to "01:50:22" to "01:50:22"
Added data point to "BTW" series "BTW-3" y: 35.7026 time: "Fri Dec 19 01:50:22 2025"
GraphContainer: Using stored range limit for "BTW" - Min: 5 Max: 75
ZoomPanel: Original range values explicitly set - Left: 5 Center: 40 Right: 75
GraphContainer: Zoom panel limits updated - Min: 5 Center: 40 Max: 75 - User has not customized
Data ranges updated - Y: 5 to 75 Time: "Fri Dec 19 01:35:22 2025" to "Fri Dec 19 01:50:22 2025" Interval: "15 minutes" Auto-update: disabled Range limiting: enabled
drawDataLine: no data available for series "ADOPTED"
Default scatterplot drawn with 1 points
Default scatterplot drawn with 1 points
Default scatterplot drawn with 1 points
GraphContainer: Updated TimeSelectionVisualizer valid range to "01:50:22" to "01:50:22"
GraphContainer: Using stored range limit for "BTW" - Min: 5 Max: 75
ZoomPanel: Original range values explicitly set - Left: 5 Center: 40 Right: 75
GraphContainer: Zoom panel limits updated - Min: 5 Center: 40 Max: 75 - User has not customized
Data ranges updated - Y: 5 to 75 Time: "Fri Dec 19 01:35:22 2025" to "Fri Dec 19 01:50:22 2025" Interval: "15 minutes" Auto-update: disabled Range limiting: enabled
drawDataLine: no data available for series "ADOPTED"
Default scatterplot drawn with 1 points
Default scatterplot drawn with 1 points
Default scatterplot drawn with 1 points
GraphContainer: Updated TimeSelectionVisualizer valid range to "01:50:22" to "01:50:22"
GraphContainer: Using stored range limit for "BTW" - Min: 5 Max: 75
ZoomPanel: Original range values explicitly set - Left: 5 Center: 40 Right: 75
GraphContainer: Zoom panel limits updated - Min: 5 Center: 40 Max: 75 - User has not customized
Data ranges updated - Y: 5 to 75 Time: "Fri Dec 19 01:35:22 2025" to "Fri Dec 19 01:50:22 2025" Interval: "15 minutes" Auto-update: disabled Range limiting: enabled
drawDataLine: no data available for series "ADOPTED"
Default scatterplot drawn with 1 points
Default scatterplot drawn with 1 points
Default scatterplot drawn with 1 points
GraphContainer: Updated TimeSelectionVisualizer valid range to "01:50:22" to "01:50:22"
GraphContainer: Using stored range limit for "BTW" - Min: 5 Max: 75
ZoomPanel: Original range values explicitly set - Left: 5 Center: 40 Right: 75
GraphContainer: Zoom panel limits updated - Min: 5 Center: 40 Max: 75 - User has not customized
Data ranges updated - Y: 5 to 75 Time: "Fri Dec 19 01:35:22 2025" to "Fri Dec 19 01:50:22 2025" Interval: "15 minutes" Auto-update: disabled Range limiting: enabled
drawDataLine: no data available for series "ADOPTED"
Default scatterplot drawn with 1 points
Default scatterplot drawn with 1 points
Default scatterplot drawn with 1 points
GraphContainer: Updated TimeSelectionVisualizer valid range to "01:50:22" to "01:50:22"
Added data point to "RTW" series "RTW-1" y: 14.4217 time: "Fri Dec 19 01:50:22 2025"
Added data point to "RTW" series "ADOPTED" y: 24.4217 time: "Fri Dec 19 01:50:22 2025"
Added data point to "FTW" series "FTW-1" y: 21.2621 time: "Fri Dec 19 01:50:22 2025"
Added data point to "FTW" series "FTW-2" y: 31.2621 time: "Fri Dec 19 01:50:22 2025"
Added data points - FDW: 4.43492 BDW: 2.02633 BRW: 0.344932 LTW: 22.4867 BTW: 25.7026 RTW: 14.4217 FTW: 21.2621
TimeScopeChanged - Start: "01:35:22" End: "01:50:22" Duration: "00:15:00"
Data ranges updated - Y: 5 to 75 Time: "Fri Dec 19 01:35:22 2025" to "Fri Dec 19 01:50:22 2025" Interval: "15 minutes" Auto-update: disabled Range limiting: enabled
drawDataLine: no data available for series "ADOPTED"
Default scatterplot drawn with 1 points
Default scatterplot drawn with 1 points
Default scatterplot drawn with 1 points
Data ranges updated - Y: 5 to 75 Time: "Fri Dec 19 01:35:22 2025" to "Fri Dec 19 01:50:22 2025" Interval: "15 minutes" Auto-update: disabled Range limiting: enabled
drawDataLine: no data available for series "ADOPTED"
Default scatterplot drawn with 1 points
Default scatterplot drawn with 1 points
Default scatterplot drawn with 1 points
GraphContainer: Created synced shaded region: "{4e47c4c6-8daf-4429-a123-ead21a8da60d}"
Data ranges updated - Y: 5 to 75 Time: "Fri Dec 19 01:35:22 2025" to "Fri Dec 19 01:50:22 2025" Interval: "15 minutes" Auto-update: disabled Range limiting: enabled
drawDataLine: no data available for series "ADOPTED"
Default scatterplot drawn with 1 points
Default scatterplot drawn with 1 points
Default scatterplot drawn with 1 points
GraphContainer: Created synced shaded region: "{4e47c4c6-8daf-4429-a123-ead21a8da60d}"
Data ranges updated - Y: 5 to 75 Time: "Fri Dec 19 01:35:22 2025" to "Fri Dec 19 01:50:22 2025" Interval: "15 minutes" Auto-update: disabled Range limiting: enabled
drawDataLine: no data available for series "ADOPTED"
Default scatterplot drawn with 1 points
Default scatterplot drawn with 1 points
Default scatterplot drawn with 1 points
GraphContainer: Created synced shaded region: "{4e47c4c6-8daf-4429-a123-ead21a8da60d}"
MainWindow: Test - Added vertical shaded region 1 X range: 30.0 to 40.0, Y= "2025-12-19 01:50:22.732"
RTW: ===== Timer callback fired - attempting to add test symbols to overview tab =====
RTW: GraphLayout RTW data source pointer: 0x46918a0
RTW: Current symbols in GraphLayout RTW data: 1
RTW: Found 4 RTW graph(s) in GraphLayout
RTW: Found RTW graph using GraphLayout RTW data source
RTW: Current graph time range: "Fri Dec 19 01:47:19 2025" to "Fri Dec 19 01:49:19 2025" - Valid: true
RTW: Symbol timestamps:
  Symbol1 (TM): "Fri Dec 19 01:47:19 2025"
  Symbol2 (DP): "Fri Dec 19 01:51:29 2025"
  Symbol3 (LY): "Fri Dec 19 01:48:59 2025"
  Symbol4 (CircleI): "Fri Dec 19 01:49:49 2025"
  Symbol5 (Triangle): "Fri Dec 19 01:50:39 2025"
RTW: Time range for filtering: "Fri Dec 19 01:47:19 2025" to "Fri Dec 19 01:49:19 2025"
RTW: Adding test symbols via RTW graph->addRTWSymbol() within time range
WaterfallData: Added RTW symbol "TM" at timestamp "Fri Dec 19 01:47:19 2025" with range 10
RTW: Added symbol "TM" at timestamp "Fri Dec 19 01:47:19 2025" with range 10 to data source
RTW: draw() called
RTW: draw() - dataSource available, updating ranges and drawing series
Time range set from data - Time: "Fri Dec 19 01:50:22 2025" to "Fri Dec 19 01:50:22 2025"
Data ranges updated - Y: 14.4217 to 24.4217 Time: "Fri Dec 19 01:50:22 2025" to "Fri Dec 19 01:50:22 2025" Interval: "15 minutes" Auto-update: enabled Range limiting: enabled
RTW: Current Y range: 14.4217 to 24.4217
RTW: Data source title: "RTW"
RTW: Data source empty? false
RTW: draw() - found 2 series labels
RTW: Series label: "ADOPTED" size: 1
RTW: Series label: "RTW-1" size: 1
RTW: draw() - drawing ADOPTED series as line
Data line drawn for series "ADOPTED" with 1 visible point
Default scatterplot drawn with 1 points
RTW: No manually placed R markers in data source
RTW: drawRTWSymbols() - dataSource pointer: 0x46918a0
RTW: drawRTWSymbols() - symbols count from dataSource: 2
RTW: Time range filtering - Total symbols: 2 - Visible symbols: 0 - Time range: "Fri Dec 19 01:50:22 2025" to "Fri Dec 19 01:50:22 2025" - Time range valid: true
RTW: No visible symbols after filtering
WaterfallData: Added RTW symbol "DP" at timestamp "Fri Dec 19 01:51:29 2025" with range 15
RTW: Added symbol "DP" at timestamp "Fri Dec 19 01:51:29 2025" with range 15 to data source
RTW: draw() called
RTW: draw() - dataSource available, updating ranges and drawing series
Time range set from data - Time: "Fri Dec 19 01:50:22 2025" to "Fri Dec 19 01:50:22 2025"
Data ranges updated - Y: 14.4217 to 24.4217 Time: "Fri Dec 19 01:50:22 2025" to "Fri Dec 19 01:50:22 2025" Interval: "15 minutes" Auto-update: enabled Range limiting: enabled
RTW: Current Y range: 14.4217 to 24.4217
RTW: Data source title: "RTW"
RTW: Data source empty? false
RTW: draw() - found 2 series labels
RTW: Series label: "ADOPTED" size: 1
RTW: Series label: "RTW-1" size: 1
RTW: draw() - drawing ADOPTED series as line
Data line drawn for series "ADOPTED" with 1 visible point
Default scatterplot drawn with 1 points
RTW: No manually placed R markers in data source
RTW: drawRTWSymbols() - dataSource pointer: 0x46918a0
RTW: drawRTWSymbols() - symbols count from dataSource: 3
RTW: Time range filtering - Total symbols: 3 - Visible symbols: 0 - Time range: "Fri Dec 19 01:50:22 2025" to "Fri Dec 19 01:50:22 2025" - Time range valid: true
RTW: No visible symbols after filtering
WaterfallData: Added RTW symbol "LY" at timestamp "Fri Dec 19 01:48:59 2025" with range 20
RTW: Added symbol "LY" at timestamp "Fri Dec 19 01:48:59 2025" with range 20 to data source
RTW: draw() called
RTW: draw() - dataSource available, updating ranges and drawing series
Time range set from data - Time: "Fri Dec 19 01:50:22 2025" to "Fri Dec 19 01:50:22 2025"
Data ranges updated - Y: 14.4217 to 24.4217 Time: "Fri Dec 19 01:50:22 2025" to "Fri Dec 19 01:50:22 2025" Interval: "15 minutes" Auto-update: enabled Range limiting: enabled
RTW: Current Y range: 14.4217 to 24.4217
RTW: Data source title: "RTW"
RTW: Data source empty? false
RTW: draw() - found 2 series labels
RTW: Series label: "ADOPTED" size: 1
RTW: Series label: "RTW-1" size: 1
RTW: draw() - drawing ADOPTED series as line
Data line drawn for series "ADOPTED" with 1 visible point
Default scatterplot drawn with 1 points
RTW: No manually placed R markers in data source
RTW: drawRTWSymbols() - dataSource pointer: 0x46918a0
RTW: drawRTWSymbols() - symbols count from dataSource: 4
RTW: Time range filtering - Total symbols: 4 - Visible symbols: 0 - Time range: "Fri Dec 19 01:50:22 2025" to "Fri Dec 19 01:50:22 2025" - Time range valid: true
RTW: No visible symbols after filtering
WaterfallData: Added RTW symbol "CircleI" at timestamp "Fri Dec 19 01:49:49 2025" with range 8
RTW: Added symbol "CircleI" at timestamp "Fri Dec 19 01:49:49 2025" with range 8 to data source
RTW: draw() called
RTW: draw() - dataSource available, updating ranges and drawing series
Time range set from data - Time: "Fri Dec 19 01:50:22 2025" to "Fri Dec 19 01:50:22 2025"
Data ranges updated - Y: 14.4217 to 24.4217 Time: "Fri Dec 19 01:50:22 2025" to "Fri Dec 19 01:50:22 2025" Interval: "15 minutes" Auto-update: enabled Range limiting: enabled
RTW: Current Y range: 14.4217 to 24.4217
RTW: Data source title: "RTW"
RTW: Data source empty? false
RTW: draw() - found 2 series labels
RTW: Series label: "ADOPTED" size: 1
RTW: Series label: "RTW-1" size: 1
RTW: draw() - drawing ADOPTED series as line
Data line drawn for series "ADOPTED" with 1 visible point
Default scatterplot drawn with 1 points
RTW: No manually placed R markers in data source
RTW: drawRTWSymbols() - dataSource pointer: 0x46918a0
RTW: drawRTWSymbols() - symbols count from dataSource: 5
RTW: Time range filtering - Total symbols: 5 - Visible symbols: 0 - Time range: "Fri Dec 19 01:50:22 2025" to "Fri Dec 19 01:50:22 2025" - Time range valid: true
RTW: No visible symbols after filtering
WaterfallData: Added RTW symbol "Triangle" at timestamp "Fri Dec 19 01:50:39 2025" with range 12
RTW: Added symbol "Triangle" at timestamp "Fri Dec 19 01:50:39 2025" with range 12 to data source
RTW: draw() called
RTW: draw() - dataSource available, updating ranges and drawing series
Time range set from data - Time: "Fri Dec 19 01:50:22 2025" to "Fri Dec 19 01:50:22 2025"
Data ranges updated - Y: 14.4217 to 24.4217 Time: "Fri Dec 19 01:50:22 2025" to "Fri Dec 19 01:50:22 2025" Interval: "15 minutes" Auto-update: enabled Range limiting: enabled
RTW: Current Y range: 14.4217 to 24.4217
RTW: Data source title: "RTW"
RTW: Data source empty? false
RTW: draw() - found 2 series labels
RTW: Series label: "ADOPTED" size: 1
RTW: Series label: "RTW-1" size: 1
RTW: draw() - drawing ADOPTED series as line
Data line drawn for series "ADOPTED" with 1 visible point
Default scatterplot drawn with 1 points
RTW: No manually placed R markers in data source
RTW: drawRTWSymbols() - dataSource pointer: 0x46918a0
RTW: drawRTWSymbols() - symbols count from dataSource: 6
RTW: Time range filtering - Total symbols: 6 - Visible symbols: 0 - Time range: "Fri Dec 19 01:50:22 2025" to "Fri Dec 19 01:50:22 2025" - Time range valid: true
RTW: No visible symbols after filtering
RTW: After adding - symbols in GraphLayout RTW data: 6
RTW: ===== Finished adding 5 test symbols to overview tab RTW graph =====
BDW zero axis drawn at x: 0
Custom time range set to: "Fri Dec 19 01:35:24 2025" to "Fri Dec 19 01:50:24 2025"
BDW zero axis drawn at x: 0
Custom time range set to: "Fri Dec 19 01:35:24 2025" to "Fri Dec 19 01:50:24 2025"
GraphContainer: Setting current time to "01:50:24"
Data ranges updated - Y: 5 to 75 Time: "Fri Dec 19 01:35:24 2025" to "Fri Dec 19 01:50:24 2025" Interval: "15 minutes" Auto-update: disabled Range limiting: enabled
drawDataLine: no data available for series "ADOPTED"
Default scatterplot drawn with 1 points
Default scatterplot drawn with 1 points
Default scatterplot drawn with 1 points
Custom time range set to: "Fri Dec 19 01:35:24 2025" to "Fri Dec 19 01:50:24 2025"
Data ranges updated - Y: 5 to 75 Time: "Fri Dec 19 01:35:24 2025" to "Fri Dec 19 01:50:24 2025" Interval: "15 minutes" Auto-update: disabled Range limiting: enabled
drawDataLine: no data available for series "ADOPTED"
Default scatterplot drawn with 1 points
Default scatterplot drawn with 1 points
Default scatterplot drawn with 1 points
Custom time range set to: "Fri Dec 19 01:35:24 2025" to "Fri Dec 19 01:50:24 2025"
GraphLayout: Container time scope changed from "Fri Dec 19 01:35:24 2025" to "Fri Dec 19 01:50:24 2025"
Data ranges updated - Y: 5 to 75 Time: "Fri Dec 19 01:35:24 2025" to "Fri Dec 19 01:50:24 2025" Interval: "15 minutes" Auto-update: disabled Range limiting: enabled
drawDataLine: no data available for series "ADOPTED"
Default scatterplot drawn with 1 points
Default scatterplot drawn with 1 points
Default scatterplot drawn with 1 points
Custom time range set to: "Fri Dec 19 01:35:24 2025" to "Fri Dec 19 01:50:24 2025"
Data ranges updated - Y: 5 to 75 Time: "Fri Dec 19 01:35:24 2025" to "Fri Dec 19 01:50:24 2025" Interval: "15 minutes" Auto-update: disabled Range limiting: enabled
drawDataLine: no data available for series "ADOPTED"
Default scatterplot drawn with 1 points
Default scatterplot drawn with 1 points
Default scatterplot drawn with 1 points
Custom time range set to: "Fri Dec 19 01:35:24 2025" to "Fri Dec 19 01:50:24 2025"
Data ranges updated - Y: 5 to 75 Time: "Fri Dec 19 01:35:24 2025" to "Fri Dec 19 01:50:24 2025" Interval: "15 minutes" Auto-update: disabled Range limiting: enabled
drawDataLine: no data available for series "ADOPTED"
Default scatterplot drawn with 1 points
Default scatterplot drawn with 1 points
Default scatterplot drawn with 1 points
Custom time range set to: "Fri Dec 19 01:35:24 2025" to "Fri Dec 19 01:50:24 2025"
GraphLayout: Container time scope changed from "Fri Dec 19 01:35:24 2025" to "Fri Dec 19 01:50:24 2025"
Data ranges updated - Y: 5 to 75 Time: "Fri Dec 19 01:35:24 2025" to "Fri Dec 19 01:50:24 2025" Interval: "15 minutes" Auto-update: disabled Range limiting: enabled
drawDataLine: no data available for series "ADOPTED"
Default scatterplot drawn with 1 points
Default scatterplot drawn with 1 points
Default scatterplot drawn with 1 points
Custom time range set to: "Fri Dec 19 01:35:24 2025" to "Fri Dec 19 01:50:24 2025"
Data ranges updated - Y: 5 to 75 Time: "Fri Dec 19 01:35:24 2025" to "Fri Dec 19 01:50:24 2025" Interval: "15 minutes" Auto-update: disabled Range limiting: enabled
drawDataLine: no data available for series "ADOPTED"
Default scatterplot drawn with 1 points
Default scatterplot drawn with 1 points
Default scatterplot drawn with 1 points
Custom time range set to: "Fri Dec 19 01:35:24 2025" to "Fri Dec 19 01:50:24 2025"
Data ranges updated - Y: 5 to 75 Time: "Fri Dec 19 01:35:24 2025" to "Fri Dec 19 01:50:24 2025" Interval: "15 minutes" Auto-update: disabled Range limiting: enabled
drawDataLine: no data available for series "ADOPTED"
Default scatterplot drawn with 1 points
Default scatterplot drawn with 1 points
Default scatterplot drawn with 1 points
Custom time range set to: "Fri Dec 19 01:35:24 2025" to "Fri Dec 19 01:50:24 2025"
GraphContainer: Setting current time to "01:50:24"
Data ranges updated - Y: 5 to 75 Time: "Fri Dec 19 01:35:24 2025" to "Fri Dec 19 01:50:24 2025" Interval: "15 minutes" Auto-update: disabled Range limiting: enabled
drawDataLine: no data available for series "ADOPTED"
Default scatterplot drawn with 1 points
Default scatterplot drawn with 1 points
Default scatterplot drawn with 1 points
Custom time range set to: "Fri Dec 19 01:35:24 2025" to "Fri Dec 19 01:50:24 2025"
GraphLayout: Container time scope changed from "Fri Dec 19 01:35:24 2025" to "Fri Dec 19 01:50:24 2025"
Data ranges updated - Y: 5 to 75 Time: "Fri Dec 19 01:35:24 2025" to "Fri Dec 19 01:50:24 2025" Interval: "15 minutes" Auto-update: disabled Range limiting: enabled
drawDataLine: no data available for series "ADOPTED"
Default scatterplot drawn with 1 points
Default scatterplot drawn with 1 points
Default scatterplot drawn with 1 points
Custom time range set to: "Fri Dec 19 01:35:24 2025" to "Fri Dec 19 01:50:24 2025"
Data ranges updated - Y: 5 to 75 Time: "Fri Dec 19 01:35:24 2025" to "Fri Dec 19 01:50:24 2025" Interval: "15 minutes" Auto-update: disabled Range limiting: enabled
drawDataLine: no data available for series "ADOPTED"
Default scatterplot drawn with 1 points
Default scatterplot drawn with 1 points
Default scatterplot drawn with 1 points
Custom time range set to: "Fri Dec 19 01:35:24 2025" to "Fri Dec 19 01:50:24 2025"
Data ranges updated - Y: 5 to 75 Time: "Fri Dec 19 01:35:24 2025" to "Fri Dec 19 01:50:24 2025" Interval: "15 minutes" Auto-update: disabled Range limiting: enabled
drawDataLine: no data available for series "ADOPTED"
Default scatterplot drawn with 1 points
Default scatterplot drawn with 1 points
Default scatterplot drawn with 1 points
Custom time range set to: "Fri Dec 19 01:35:24 2025" to "Fri Dec 19 01:50:24 2025"
GraphContainer: Setting current time to "01:50:24"
Data ranges updated - Y: 5 to 75 Time: "Fri Dec 19 01:35:24 2025" to "Fri Dec 19 01:50:24 2025" Interval: "15 minutes" Auto-update: disabled Range limiting: enabled
drawDataLine: no data available for series "ADOPTED"
Default scatterplot drawn with 1 points
Default scatterplot drawn with 1 points
Default scatterplot drawn with 1 points
Custom time range set to: "Fri Dec 19 01:35:24 2025" to "Fri Dec 19 01:50:24 2025"
Data ranges updated - Y: 5 to 75 Time: "Fri Dec 19 01:35:24 2025" to "Fri Dec 19 01:50:24 2025" Interval: "15 minutes" Auto-update: disabled Range limiting: enabled
drawDataLine: no data available for series "ADOPTED"
Default scatterplot drawn with 1 points
Default scatterplot drawn with 1 points
Default scatterplot drawn with 1 points
Custom time range set to: "Fri Dec 19 01:35:24 2025" to "Fri Dec 19 01:50:24 2025"
GraphLayout: Container time scope changed from "Fri Dec 19 01:35:24 2025" to "Fri Dec 19 01:50:24 2025"
Data ranges updated - Y: 5 to 75 Time: "Fri Dec 19 01:35:24 2025" to "Fri Dec 19 01:50:24 2025" Interval: "15 minutes" Auto-update: disabled Range limiting: enabled
drawDataLine: no data available for series "ADOPTED"
Default scatterplot drawn with 1 points
Default scatterplot drawn with 1 points
Default scatterplot drawn with 1 points
Custom time range set to: "Fri Dec 19 01:35:24 2025" to "Fri Dec 19 01:50:24 2025"
Data ranges updated - Y: 5 to 75 Time: "Fri Dec 19 01:35:24 2025" to "Fri Dec 19 01:50:24 2025" Interval: "15 minutes" Auto-update: disabled Range limiting: enabled
drawDataLine: no data available for series "ADOPTED"
Default scatterplot drawn with 1 points
Default scatterplot drawn with 1 points
Default scatterplot drawn with 1 points
Custom time range set to: "Fri Dec 19 01:35:24 2025" to "Fri Dec 19 01:50:24 2025"
Data ranges updated - Y: 5 to 75 Time: "Fri Dec 19 01:35:24 2025" to "Fri Dec 19 01:50:24 2025" Interval: "15 minutes" Auto-update: disabled Range limiting: enabled
drawDataLine: no data available for series "ADOPTED"
Default scatterplot drawn with 1 points
Default scatterplot drawn with 1 points
Default scatterplot drawn with 1 points
Custom time range set to: "Fri Dec 19 01:35:24 2025" to "Fri Dec 19 01:50:24 2025"
GraphLayout: Container time scope changed from "Fri Dec 19 01:35:24 2025" to "Fri Dec 19 01:50:24 2025"
Data ranges updated - Y: 5 to 75 Time: "Fri Dec 19 01:35:24 2025" to "Fri Dec 19 01:50:24 2025" Interval: "15 minutes" Auto-update: disabled Range limiting: enabled
drawDataLine: no data available for series "ADOPTED"
Default scatterplot drawn with 1 points
Default scatterplot drawn with 1 points
Default scatterplot drawn with 1 points
Custom time range set to: "Fri Dec 19 01:35:24 2025" to "Fri Dec 19 01:50:24 2025"
Data ranges updated - Y: 5 to 75 Time: "Fri Dec 19 01:35:24 2025" to "Fri Dec 19 01:50:24 2025" Interval: "15 minutes" Auto-update: disabled Range limiting: enabled
drawDataLine: no data available for series "ADOPTED"
Default scatterplot drawn with 1 points
Default scatterplot drawn with 1 points
Default scatterplot drawn with 1 points
Custom time range set to: "Fri Dec 19 01:35:24 2025" to "Fri Dec 19 01:50:24 2025"
Data ranges updated - Y: 5 to 75 Time: "Fri Dec 19 01:35:24 2025" to "Fri Dec 19 01:50:24 2025" Interval: "15 minutes" Auto-update: disabled Range limiting: enabled
drawDataLine: no data available for series "ADOPTED"
Default scatterplot drawn with 1 points
Default scatterplot drawn with 1 points
Default scatterplot drawn with 1 points
Custom time range set to: "Fri Dec 19 01:35:24 2025" to "Fri Dec 19 01:50:24 2025"
GraphContainer: Setting current time to "01:50:24"
Data ranges updated - Y: 5 to 75 Time: "Fri Dec 19 01:35:24 2025" to "Fri Dec 19 01:50:24 2025" Interval: "15 minutes" Auto-update: disabled Range limiting: enabled
drawDataLine: no data available for series "ADOPTED"
Default scatterplot drawn with 1 points
Default scatterplot drawn with 1 points
Default scatterplot drawn with 1 points
Custom time range set to: "Fri Dec 19 01:35:24 2025" to "Fri Dec 19 01:50:24 2025"
GraphLayout: Container time scope changed from "Fri Dec 19 01:35:24 2025" to "Fri Dec 19 01:50:24 2025"
Data ranges updated - Y: 5 to 75 Time: "Fri Dec 19 01:35:24 2025" to "Fri Dec 19 01:50:24 2025" Interval: "15 minutes" Auto-update: disabled Range limiting: enabled
drawDataLine: no data available for series "ADOPTED"
Default scatterplot drawn with 1 points
Default scatterplot drawn with 1 points
Default scatterplot drawn with 1 points
Custom time range set to: "Fri Dec 19 01:35:24 2025" to "Fri Dec 19 01:50:24 2025"
Data ranges updated - Y: 5 to 75 Time: "Fri Dec 19 01:35:24 2025" to "Fri Dec 19 01:50:24 2025" Interval: "15 minutes" Auto-update: disabled Range limiting: enabled
drawDataLine: no data available for series "ADOPTED"
Default scatterplot drawn with 1 points
Default scatterplot drawn with 1 points
Default scatterplot drawn with 1 points
Custom time range set to: "Fri Dec 19 01:35:24 2025" to "Fri Dec 19 01:50:24 2025"
Data ranges updated - Y: 5 to 75 Time: "Fri Dec 19 01:35:24 2025" to "Fri Dec 19 01:50:24 2025" Interval: "15 minutes" Auto-update: disabled Range limiting: enabled
drawDataLine: no data available for series "ADOPTED"
Default scatterplot drawn with 1 points
Default scatterplot drawn with 1 points
Default scatterplot drawn with 1 points
Custom time range set to: "Fri Dec 19 01:35:24 2025" to "Fri Dec 19 01:50:24 2025"
GraphContainer: Set chevron label 1 to: "Start"
GraphContainer: Set chevron label 1 to: "Start"
GraphContainer: Set chevron label 1 to: "Start"
GraphContainer: Set chevron label 1 to: "Start"
GraphLayout: Set chevron label 1 to: "Start" for all visible containers
GraphContainer: Set chevron label 2 to: "Now"
GraphContainer: Set chevron label 2 to: "Now"
GraphContainer: Set chevron label 2 to: "Now"
GraphContainer: Set chevron label 2 to: "Now"
GraphLayout: Set chevron label 2 to: "Now" for all visible containers
GraphContainer: Set chevron label 3 to: "End"
GraphContainer: Set chevron label 3 to: "End"
GraphContainer: Set chevron label 3 to: "End"
GraphContainer: Set chevron label 3 to: "End"
GraphLayout: Set chevron label 3 to: "End" for all visible containers
Data ranges updated - Y: 5 to 75 Time: "Fri Dec 19 01:35:24 2025" to "Fri Dec 19 01:50:24 2025" Interval: "15 minutes" Auto-update: disabled Range limiting: enabled
drawDataLine: no data available for series "ADOPTED"
Default scatterplot drawn with 1 points
Default scatterplot drawn with 1 points
Default scatterplot drawn with 1 points
Custom time range set to: "Fri Dec 19 01:35:24 2025" to "Fri Dec 19 01:50:24 2025"
Data ranges updated - Y: 5 to 75 Time: "Fri Dec 19 01:35:24 2025" to "Fri Dec 19 01:50:24 2025" Interval: "15 minutes" Auto-update: disabled Range limiting: enabled
drawDataLine: no data available for series "ADOPTED"
Default scatterplot drawn with 1 points
Default scatterplot drawn with 1 points
Default scatterplot drawn with 1 points
Custom time range set to: "Fri Dec 19 01:35:24 2025" to "Fri Dec 19 01:50:24 2025"
GraphLayout: Container time scope changed from "Fri Dec 19 01:35:24 2025" to "Fri Dec 19 01:50:24 2025"
Data ranges updated - Y: 5 to 75 Time: "Fri Dec 19 01:35:24 2025" to "Fri Dec 19 01:50:24 2025" Interval: "15 minutes" Auto-update: disabled Range limiting: enabled
drawDataLine: no data available for series "ADOPTED"
Default scatterplot drawn with 1 points
Default scatterplot drawn with 1 points
Default scatterplot drawn with 1 points
Custom time range set to: "Fri Dec 19 01:35:24 2025" to "Fri Dec 19 01:50:24 2025"
Data ranges updated - Y: 5 to 75 Time: "Fri Dec 19 01:35:24 2025" to "Fri Dec 19 01:50:24 2025" Interval: "15 minutes" Auto-update: disabled Range limiting: enabled
drawDataLine: no data available for series "ADOPTED"
Default scatterplot drawn with 1 points
Default scatterplot drawn with 1 points
Default scatterplot drawn with 1 points
Custom time range set to: "Fri Dec 19 01:35:24 2025" to "Fri Dec 19 01:50:24 2025"
Data ranges updated - Y: 5 to 75 Time: "Fri Dec 19 01:35:24 2025" to "Fri Dec 19 01:50:24 2025" Interval: "15 minutes" Auto-update: disabled Range limiting: enabled
drawDataLine: no data available for series "ADOPTED"
Default scatterplot drawn with 1 points
Default scatterplot drawn with 1 points
Default scatterplot drawn with 1 points
Custom time range set to: "Fri Dec 19 01:35:24 2025" to "Fri Dec 19 01:50:24 2025"
GraphLayout: Container time scope changed from "Fri Dec 19 01:35:24 2025" to "Fri Dec 19 01:50:24 2025"
Data ranges updated - Y: 5 to 75 Time: "Fri Dec 19 01:35:24 2025" to "Fri Dec 19 01:50:24 2025" Interval: "15 minutes" Auto-update: disabled Range limiting: enabled
drawDataLine: no data available for series "ADOPTED"
Default scatterplot drawn with 1 points
Default scatterplot drawn with 1 points
Default scatterplot drawn with 1 points
Custom time range set to: "Fri Dec 19 01:35:24 2025" to "Fri Dec 19 01:50:24 2025"
Data ranges updated - Y: 5 to 75 Time: "Fri Dec 19 01:35:24 2025" to "Fri Dec 19 01:50:24 2025" Interval: "15 minutes" Auto-update: disabled Range limiting: enabled
drawDataLine: no data available for series "ADOPTED"
Default scatterplot drawn with 1 points
Default scatterplot drawn with 1 points
Default scatterplot drawn with 1 points
Custom time range set to: "Fri Dec 19 01:35:24 2025" to "Fri Dec 19 01:50:24 2025"
Data ranges updated - Y: 5 to 75 Time: "Fri Dec 19 01:35:24 2025" to "Fri Dec 19 01:50:24 2025" Interval: "15 minutes" Auto-update: disabled Range limiting: enabled
drawDataLine: no data available for series "ADOPTED"
Default scatterplot drawn with 1 points
Default scatterplot drawn with 1 points
Default scatterplot drawn with 1 points
Custom time range set to: "Fri Dec 19 01:35:24 2025" to "Fri Dec 19 01:50:24 2025"
Data ranges updated - Y: 5 to 75 Time: "Fri Dec 19 01:35:24 2025" to "Fri Dec 19 01:50:24 2025" Interval: "15 minutes" Auto-update: disabled Range limiting: enabled
drawDataLine: no data available for series "ADOPTED"
Default scatterplot drawn with 1 points
Default scatterplot drawn with 1 points
Default scatterplot drawn with 1 points
Custom time range set to: "Fri Dec 19 01:35:24 2025" to "Fri Dec 19 01:50:24 2025"
GraphLayout: Container time scope changed from "Fri Dec 19 01:35:24 2025" to "Fri Dec 19 01:50:24 2025"
Data ranges updated - Y: 5 to 75 Time: "Fri Dec 19 01:35:24 2025" to "Fri Dec 19 01:50:24 2025" Interval: "15 minutes" Auto-update: disabled Range limiting: enabled
drawDataLine: no data available for series "ADOPTED"
Default scatterplot drawn with 1 points
Default scatterplot drawn with 1 points
Default scatterplot drawn with 1 points
Custom time range set to: "Fri Dec 19 01:35:24 2025" to "Fri Dec 19 01:50:24 2025"
Data ranges updated - Y: 5 to 75 Time: "Fri Dec 19 01:35:24 2025" to "Fri Dec 19 01:50:24 2025" Interval: "15 minutes" Auto-update: disabled Range limiting: enabled
drawDataLine: no data available for series "ADOPTED"
Default scatterplot drawn with 1 points
Default scatterplot drawn with 1 points
Default scatterplot drawn with 1 points
Custom time range set to: "Fri Dec 19 01:35:24 2025" to "Fri Dec 19 01:50:24 2025"
Data ranges updated - Y: 5 to 75 Time: "Fri Dec 19 01:35:24 2025" to "Fri Dec 19 01:50:24 2025" Interval: "15 minutes" Auto-update: disabled Range limiting: enabled
drawDataLine: no data available for series "ADOPTED"
Default scatterplot drawn with 1 points
Default scatterplot drawn with 1 points
Default scatterplot drawn with 1 points
Custom time range set to: "Fri Dec 19 01:35:24 2025" to "Fri Dec 19 01:50:24 2025"
Data ranges updated - Y: 5 to 75 Time: "Fri Dec 19 01:35:24 2025" to "Fri Dec 19 01:50:24 2025" Interval: "15 minutes" Auto-update: disabled Range limiting: enabled
drawDataLine: no data available for series "ADOPTED"
Default scatterplot drawn with 1 points
Default scatterplot drawn with 1 points
Default scatterplot drawn with 1 points
Custom time range set to: "Fri Dec 19 01:35:24 2025" to "Fri Dec 19 01:50:24 2025"
Data ranges updated - Y: 5 to 75 Time: "Fri Dec 19 01:35:24 2025" to "Fri Dec 19 01:50:24 2025" Interval: "15 minutes" Auto-update: disabled Range limiting: enabled
drawDataLine: no data available for series "ADOPTED"
Default scatterplot drawn with 1 points
Default scatterplot drawn with 1 points
Default scatterplot drawn with 1 points
Custom time range set to: "Fri Dec 19 01:35:24 2025" to "Fri Dec 19 01:50:24 2025"
GraphLayout: Container time scope changed from "Fri Dec 19 01:35:24 2025" to "Fri Dec 19 01:50:24 2025"
Data ranges updated - Y: 5 to 75 Time: "Fri Dec 19 01:35:24 2025" to "Fri Dec 19 01:50:24 2025" Interval: "15 minutes" Auto-update: disabled Range limiting: enabled
drawDataLine: no data available for series "ADOPTED"
Default scatterplot drawn with 1 points
Default scatterplot drawn with 1 points
Default scatterplot drawn with 1 points
Custom time range set to: "Fri Dec 19 01:35:24 2025" to "Fri Dec 19 01:50:24 2025"
Data ranges updated - Y: 5 to 75 Time: "Fri Dec 19 01:35:24 2025" to "Fri Dec 19 01:50:24 2025" Interval: "15 minutes" Auto-update: disabled Range limiting: enabled
drawDataLine: no data available for series "ADOPTED"
Default scatterplot drawn with 1 points
Default scatterplot drawn with 1 points
Default scatterplot drawn with 1 points
Custom time range set to: "Fri Dec 19 01:35:24 2025" to "Fri Dec 19 01:50:24 2025"
Data ranges updated - Y: 5 to 75 Time: "Fri Dec 19 01:35:24 2025" to "Fri Dec 19 01:50:24 2025" Interval: "15 minutes" Auto-update: disabled Range limiting: enabled
drawDataLine: no data available for series "ADOPTED"
Default scatterplot drawn with 1 points
Default scatterplot drawn with 1 points
Default scatterplot drawn with 1 points
Custom time range set to: "Fri Dec 19 01:35:24 2025" to "Fri Dec 19 01:50:24 2025"
GraphLayout: Container time scope changed from "Fri Dec 19 01:35:24 2025" to "Fri Dec 19 01:50:24 2025"
Data ranges updated - Y: 5 to 75 Time: "Fri Dec 19 01:35:24 2025" to "Fri Dec 19 01:50:24 2025" Interval: "15 minutes" Auto-update: disabled Range limiting: enabled
drawDataLine: no data available for series "ADOPTED"
Default scatterplot drawn with 1 points
Default scatterplot drawn with 1 points
Default scatterplot drawn with 1 points
Custom time range set to: "Fri Dec 19 01:35:24 2025" to "Fri Dec 19 01:50:24 2025"
Data ranges updated - Y: 5 to 75 Time: "Fri Dec 19 01:35:24 2025" to "Fri Dec 19 01:50:24 2025" Interval: "15 minutes" Auto-update: disabled Range limiting: enabled
drawDataLine: no data available for series "ADOPTED"
Default scatterplot drawn with 1 points
Default scatterplot drawn with 1 points
Default scatterplot drawn with 1 points
Custom time range set to: "Fri Dec 19 01:35:24 2025" to "Fri Dec 19 01:50:24 2025"
Data ranges updated - Y: 5 to 75 Time: "Fri Dec 19 01:35:24 2025" to "Fri Dec 19 01:50:24 2025" Interval: "15 minutes" Auto-update: disabled Range limiting: enabled
drawDataLine: no data available for series "ADOPTED"
Default scatterplot drawn with 1 points
Default scatterplot drawn with 1 points
Default scatterplot drawn with 1 points
Custom time range set to: "Fri Dec 19 01:35:24 2025" to "Fri Dec 19 01:50:24 2025"
Data ranges updated - Y: 5 to 75 Time: "Fri Dec 19 01:35:24 2025" to "Fri Dec 19 01:50:24 2025" Interval: "15 minutes" Auto-update: disabled Range limiting: enabled
drawDataLine: no data available for series "ADOPTED"
Default scatterplot drawn with 1 points
Default scatterplot drawn with 1 points
Default scatterplot drawn with 1 points
Custom time range set to: "Fri Dec 19 01:35:24 2025" to "Fri Dec 19 01:50:24 2025"
GraphLayout: Container time scope changed from "Fri Dec 19 01:35:24 2025" to "Fri Dec 19 01:50:24 2025"
Data ranges updated - Y: 5 to 75 Time: "Fri Dec 19 01:35:24 2025" to "Fri Dec 19 01:50:24 2025" Interval: "15 minutes" Auto-update: disabled Range limiting: enabled
drawDataLine: no data available for series "ADOPTED"
Default scatterplot drawn with 1 points
Default scatterplot drawn with 1 points
Default scatterplot drawn with 1 points
Custom time range set to: "Fri Dec 19 01:35:24 2025" to "Fri Dec 19 01:50:24 2025"
Data ranges updated - Y: 5 to 75 Time: "Fri Dec 19 01:35:24 2025" to "Fri Dec 19 01:50:24 2025" Interval: "15 minutes" Auto-update: disabled Range limiting: enabled
drawDataLine: no data available for series "ADOPTED"
Default scatterplot drawn with 1 points
Default scatterplot drawn with 1 points
Default scatterplot drawn with 1 points
Custom time range set to: "Fri Dec 19 01:35:24 2025" to "Fri Dec 19 01:50:24 2025"
Data ranges updated - Y: 5 to 75 Time: "Fri Dec 19 01:35:24 2025" to "Fri Dec 19 01:50:24 2025" Interval: "15 minutes" Auto-update: disabled Range limiting: enabled
drawDataLine: no data available for series "ADOPTED"
Default scatterplot drawn with 1 points
Default scatterplot drawn with 1 points
Default scatterplot drawn with 1 points
Custom time range set to: "Fri Dec 19 01:35:24 2025" to "Fri Dec 19 01:50:24 2025"
Simulator::onTimerTick() called
Added data point to "FDW" series "FDW-1" y: 0.92076 time: "Fri Dec 19 01:50:24 2025"
Added data point to "FDW" series "FDW-2" y: 10.9208 time: "Fri Dec 19 01:50:24 2025"
Added data point to "BDW" series "BDW-1" y: -3.61744 time: "Fri Dec 19 01:50:24 2025"
Added data point to "BDW" series "BDW-2" y: 6.38256 time: "Fri Dec 19 01:50:24 2025"
Added data point to "BRW" series "BRW-1" y: 3.52664 time: "Fri Dec 19 01:50:24 2025"
Added data point to "BRW" series "BRW-2" y: 13.5266 time: "Fri Dec 19 01:50:24 2025"
Added data point to "LTW" series "LTW-1" y: 22.2172 time: "Fri Dec 19 01:50:24 2025"
Added data point to "LTW" series "LTW-2" y: 32.2172 time: "Fri Dec 19 01:50:24 2025"
Added data point to "BTW" series "BTW-1" y: 23.9789 time: "Fri Dec 19 01:50:24 2025"
Data ranges updated - Y: 5 to 75 Time: "Fri Dec 19 01:35:24 2025" to "Fri Dec 19 01:50:24 2025" Interval: "15 minutes" Auto-update: disabled Range limiting: enabled
drawDataLine: no data available for series "ADOPTED"
Default scatterplot drawn with 2 points
Default scatterplot drawn with 1 points
Default scatterplot drawn with 1 points
Custom time range set to: "Fri Dec 19 01:35:24 2025" to "Fri Dec 19 01:50:24 2025"
GraphContainer: Updated time range to show new data - "Fri Dec 19 01:35:24 2025" to "Fri Dec 19 01:50:24 2025"
GraphContainer: Using stored range limit for "BTW" - Min: 5 Max: 75
ZoomPanel: Original range values explicitly set - Left: 5 Center: 40 Right: 75
GraphContainer: Zoom panel limits updated - Min: 5 Center: 40 Max: 75 - User has not customized
Data ranges updated - Y: 5 to 75 Time: "Fri Dec 19 01:35:24 2025" to "Fri Dec 19 01:50:24 2025" Interval: "15 minutes" Auto-update: disabled Range limiting: enabled
drawDataLine: no data available for series "ADOPTED"
Default scatterplot drawn with 2 points
Default scatterplot drawn with 1 points
Default scatterplot drawn with 1 points
GraphContainer: Updated TimeSelectionVisualizer valid range to "01:50:22" to "01:50:24"
Data ranges updated - Y: 5 to 75 Time: "Fri Dec 19 01:35:24 2025" to "Fri Dec 19 01:50:24 2025" Interval: "15 minutes" Auto-update: disabled Range limiting: enabled
drawDataLine: no data available for series "ADOPTED"
Default scatterplot drawn with 2 points
Default scatterplot drawn with 1 points
Default scatterplot drawn with 1 points
Custom time range set to: "Fri Dec 19 01:35:24 2025" to "Fri Dec 19 01:50:24 2025"
GraphContainer: Updated time range to show new data - "Fri Dec 19 01:35:24 2025" to "Fri Dec 19 01:50:24 2025"
GraphContainer: Using stored range limit for "BTW" - Min: 5 Max: 75
ZoomPanel: Original range values explicitly set - Left: 5 Center: 40 Right: 75
GraphContainer: Zoom panel limits updated - Min: 5 Center: 40 Max: 75 - User has not customized
Data ranges updated - Y: 5 to 75 Time: "Fri Dec 19 01:35:24 2025" to "Fri Dec 19 01:50:24 2025" Interval: "15 minutes" Auto-update: disabled Range limiting: enabled
drawDataLine: no data available for series "ADOPTED"
Default scatterplot drawn with 2 points
Default scatterplot drawn with 1 points
Default scatterplot drawn with 1 points
GraphContainer: Updated TimeSelectionVisualizer valid range to "01:50:22" to "01:50:24"
Data ranges updated - Y: 5 to 75 Time: "Fri Dec 19 01:35:24 2025" to "Fri Dec 19 01:50:24 2025" Interval: "15 minutes" Auto-update: disabled Range limiting: enabled
drawDataLine: no data available for series "ADOPTED"
Default scatterplot drawn with 2 points
Default scatterplot drawn with 1 points
Default scatterplot drawn with 1 points
Custom time range set to: "Fri Dec 19 01:35:24 2025" to "Fri Dec 19 01:50:24 2025"
GraphContainer: Updated time range to show new data - "Fri Dec 19 01:35:24 2025" to "Fri Dec 19 01:50:24 2025"
GraphContainer: Using stored range limit for "BTW" - Min: 5 Max: 75
ZoomPanel: Original range values explicitly set - Left: 5 Center: 40 Right: 75
GraphContainer: Zoom panel limits updated - Min: 5 Center: 40 Max: 75 - User has not customized
Data ranges updated - Y: 5 to 75 Time: "Fri Dec 19 01:35:24 2025" to "Fri Dec 19 01:50:24 2025" Interval: "15 minutes" Auto-update: disabled Range limiting: enabled
drawDataLine: no data available for series "ADOPTED"
Default scatterplot drawn with 2 points
Default scatterplot drawn with 1 points
Default scatterplot drawn with 1 points
GraphContainer: Updated TimeSelectionVisualizer valid range to "01:50:22" to "01:50:24"
Data ranges updated - Y: 5 to 75 Time: "Fri Dec 19 01:35:24 2025" to "Fri Dec 19 01:50:24 2025" Interval: "15 minutes" Auto-update: disabled Range limiting: enabled
drawDataLine: no data available for series "ADOPTED"
Default scatterplot drawn with 2 points
Default scatterplot drawn with 1 points
Default scatterplot drawn with 1 points
Custom time range set to: "Fri Dec 19 01:35:24 2025" to "Fri Dec 19 01:50:24 2025"
GraphContainer: Updated time range to show new data - "Fri Dec 19 01:35:24 2025" to "Fri Dec 19 01:50:24 2025"
GraphContainer: Using stored range limit for "BTW" - Min: 5 Max: 75
ZoomPanel: Original range values explicitly set - Left: 5 Center: 40 Right: 75
GraphContainer: Zoom panel limits updated - Min: 5 Center: 40 Max: 75 - User has not customized
Data ranges updated - Y: 5 to 75 Time: "Fri Dec 19 01:35:24 2025" to "Fri Dec 19 01:50:24 2025" Interval: "15 minutes" Auto-update: disabled Range limiting: enabled
drawDataLine: no data available for series "ADOPTED"
Default scatterplot drawn with 2 points
Default scatterplot drawn with 1 points
Default scatterplot drawn with 1 points
GraphContainer: Updated TimeSelectionVisualizer valid range to "01:50:22" to "01:50:24"
Added data point to "BTW" series "BTW-2" y: 33.9789 time: "Fri Dec 19 01:50:24 2025"
GraphContainer: Using stored range limit for "BTW" - Min: 5 Max: 75
ZoomPanel: Original range values explicitly set - Left: 5 Center: 40 Right: 75
GraphContainer: Zoom panel limits updated - Min: 5 Center: 40 Max: 75 - User has not customized
Data ranges updated - Y: 5 to 75 Time: "Fri Dec 19 01:35:24 2025" to "Fri Dec 19 01:50:24 2025" Interval: "15 minutes" Auto-update: disabled Range limiting: enabled
drawDataLine: no data available for series "ADOPTED"
Default scatterplot drawn with 2 points
Default scatterplot drawn with 2 points
Default scatterplot drawn with 1 points
GraphContainer: Updated TimeSelectionVisualizer valid range to "01:50:22" to "01:50:24"
GraphContainer: Using stored range limit for "BTW" - Min: 5 Max: 75
ZoomPanel: Original range values explicitly set - Left: 5 Center: 40 Right: 75
GraphContainer: Zoom panel limits updated - Min: 5 Center: 40 Max: 75 - User has not customized
Data ranges updated - Y: 5 to 75 Time: "Fri Dec 19 01:35:24 2025" to "Fri Dec 19 01:50:24 2025" Interval: "15 minutes" Auto-update: disabled Range limiting: enabled
drawDataLine: no data available for series "ADOPTED"
Default scatterplot drawn with 2 points
Default scatterplot drawn with 2 points
Default scatterplot drawn with 1 points
GraphContainer: Updated TimeSelectionVisualizer valid range to "01:50:22" to "01:50:24"
GraphContainer: Using stored range limit for "BTW" - Min: 5 Max: 75
ZoomPanel: Original range values explicitly set - Left: 5 Center: 40 Right: 75
GraphContainer: Zoom panel limits updated - Min: 5 Center: 40 Max: 75 - User has not customized
Data ranges updated - Y: 5 to 75 Time: "Fri Dec 19 01:35:24 2025" to "Fri Dec 19 01:50:24 2025" Interval: "15 minutes" Auto-update: disabled Range limiting: enabled
drawDataLine: no data available for series "ADOPTED"
Default scatterplot drawn with 2 points
Default scatterplot drawn with 2 points
Default scatterplot drawn with 1 points
GraphContainer: Updated TimeSelectionVisualizer valid range to "01:50:22" to "01:50:24"
GraphContainer: Using stored range limit for "BTW" - Min: 5 Max: 75
ZoomPanel: Original range values explicitly set - Left: 5 Center: 40 Right: 75
GraphContainer: Zoom panel limits updated - Min: 5 Center: 40 Max: 75 - User has not customized
Data ranges updated - Y: 5 to 75 Time: "Fri Dec 19 01:35:24 2025" to "Fri Dec 19 01:50:24 2025" Interval: "15 minutes" Auto-update: disabled Range limiting: enabled
drawDataLine: no data available for series "ADOPTED"
Default scatterplot drawn with 2 points
Default scatterplot drawn with 2 points
Default scatterplot drawn with 1 points
GraphContainer: Updated TimeSelectionVisualizer valid range to "01:50:22" to "01:50:24"
Added data point to "BTW" series "BTW-3" y: 33.9789 time: "Fri Dec 19 01:50:24 2025"
GraphContainer: Using stored range limit for "BTW" - Min: 5 Max: 75
ZoomPanel: Original range values explicitly set - Left: 5 Center: 40 Right: 75
GraphContainer: Zoom panel limits updated - Min: 5 Center: 40 Max: 75 - User has not customized
Data ranges updated - Y: 5 to 75 Time: "Fri Dec 19 01:35:24 2025" to "Fri Dec 19 01:50:24 2025" Interval: "15 minutes" Auto-update: disabled Range limiting: enabled
drawDataLine: no data available for series "ADOPTED"
Default scatterplot drawn with 2 points
Default scatterplot drawn with 2 points
Default scatterplot drawn with 2 points
GraphContainer: Updated TimeSelectionVisualizer valid range to "01:50:22" to "01:50:24"
GraphContainer: Using stored range limit for "BTW" - Min: 5 Max: 75
ZoomPanel: Original range values explicitly set - Left: 5 Center: 40 Right: 75
GraphContainer: Zoom panel limits updated - Min: 5 Center: 40 Max: 75 - User has not customized
Data ranges updated - Y: 5 to 75 Time: "Fri Dec 19 01:35:24 2025" to "Fri Dec 19 01:50:24 2025" Interval: "15 minutes" Auto-update: disabled Range limiting: enabled
drawDataLine: no data available for series "ADOPTED"
Default scatterplot drawn with 2 points
Default scatterplot drawn with 2 points
Default scatterplot drawn with 2 points
GraphContainer: Updated TimeSelectionVisualizer valid range to "01:50:22" to "01:50:24"
GraphContainer: Using stored range limit for "BTW" - Min: 5 Max: 75
ZoomPanel: Original range values explicitly set - Left: 5 Center: 40 Right: 75
GraphContainer: Zoom panel limits updated - Min: 5 Center: 40 Max: 75 - User has not customized
Data ranges updated - Y: 5 to 75 Time: "Fri Dec 19 01:35:24 2025" to "Fri Dec 19 01:50:24 2025" Interval: "15 minutes" Auto-update: disabled Range limiting: enabled
drawDataLine: no data available for series "ADOPTED"
Default scatterplot drawn with 2 points
Default scatterplot drawn with 2 points
Default scatterplot drawn with 2 points
GraphContainer: Updated TimeSelectionVisualizer valid range to "01:50:22" to "01:50:24"
GraphContainer: Using stored range limit for "BTW" - Min: 5 Max: 75
ZoomPanel: Original range values explicitly set - Left: 5 Center: 40 Right: 75
GraphContainer: Zoom panel limits updated - Min: 5 Center: 40 Max: 75 - User has not customized
Data ranges updated - Y: 5 to 75 Time: "Fri Dec 19 01:35:24 2025" to "Fri Dec 19 01:50:24 2025" Interval: "15 minutes" Auto-update: disabled Range limiting: enabled
drawDataLine: no data available for series "ADOPTED"
Default scatterplot drawn with 2 points
Default scatterplot drawn with 2 points
Default scatterplot drawn with 2 points
GraphContainer: Updated TimeSelectionVisualizer valid range to "01:50:22" to "01:50:24"
Added data point to "RTW" series "RTW-1" y: 13.324 time: "Fri Dec 19 01:50:24 2025"
Added data point to "RTW" series "ADOPTED" y: 23.324 time: "Fri Dec 19 01:50:24 2025"
Added data point to "FTW" series "FTW-1" y: 21.6055 time: "Fri Dec 19 01:50:24 2025"
Added data point to "FTW" series "FTW-2" y: 31.6055 time: "Fri Dec 19 01:50:24 2025"
Added data points - FDW: 0.92076 BDW: -3.61744 BRW: 3.52664 LTW: 22.2172 BTW: 23.9789 RTW: 13.324 FTW: 21.6055
TimeScopeChanged - Start: "01:35:24" End: "01:50:24" Duration: "00:15:00"
Data ranges updated - Y: 5 to 75 Time: "Fri Dec 19 01:35:24 2025" to "Fri Dec 19 01:50:24 2025" Interval: "15 minutes" Auto-update: disabled Range limiting: enabled
drawDataLine: no data available for series "ADOPTED"
Default scatterplot drawn with 2 points
Default scatterplot drawn with 2 points
Default scatterplot drawn with 2 points
Data ranges updated - Y: 5 to 75 Time: "Fri Dec 19 01:35:24 2025" to "Fri Dec 19 01:50:24 2025" Interval: "15 minutes" Auto-update: disabled Range limiting: enabled
drawDataLine: no data available for series "ADOPTED"
Default scatterplot drawn with 2 points
Default scatterplot drawn with 2 points
Default scatterplot drawn with 2 points
GraphContainer: Created synced shaded region: "{8909efbb-71f3-4717-8324-d0c0caeec213}"
Data ranges updated - Y: 5 to 75 Time: "Fri Dec 19 01:35:24 2025" to "Fri Dec 19 01:50:24 2025" Interval: "15 minutes" Auto-update: disabled Range limiting: enabled
drawDataLine: no data available for series "ADOPTED"
Default scatterplot drawn with 2 points
Default scatterplot drawn with 2 points
Default scatterplot drawn with 2 points
GraphContainer: Created synced shaded region: "{8909efbb-71f3-4717-8324-d0c0caeec213}"
Data ranges updated - Y: 5 to 75 Time: "Fri Dec 19 01:35:24 2025" to "Fri Dec 19 01:50:24 2025" Interval: "15 minutes" Auto-update: disabled Range limiting: enabled
drawDataLine: no data available for series "ADOPTED"
Default scatterplot drawn with 2 points
Default scatterplot drawn with 2 points
Default scatterplot drawn with 2 points
GraphContainer: Created synced shaded region: "{8909efbb-71f3-4717-8324-d0c0caeec213}"
MainWindow: Test - Added second vertical shaded region 2 X range: 50.0 to 60.0, Y= "2025-12-19 01:50:22.732"
BDW zero axis drawn at x: 0
Custom time range set to: "Fri Dec 19 01:35:25 2025" to "Fri Dec 19 01:50:25 2025"
BDW zero axis drawn at x: 0
Custom time range set to: "Fri Dec 19 01:35:25 2025" to "Fri Dec 19 01:50:25 2025"
GraphContainer: Setting current time to "01:50:25"
Data ranges updated - Y: 5 to 75 Time: "Fri Dec 19 01:35:25 2025" to "Fri Dec 19 01:50:25 2025" Interval: "15 minutes" Auto-update: disabled Range limiting: enabled
drawDataLine: no data available for series "ADOPTED"
Default scatterplot drawn with 2 points
Default scatterplot drawn with 2 points
Default scatterplot drawn with 2 points
Custom time range set to: "Fri Dec 19 01:35:25 2025" to "Fri Dec 19 01:50:25 2025"
Data ranges updated - Y: 5 to 75 Time: "Fri Dec 19 01:35:25 2025" to "Fri Dec 19 01:50:25 2025" Interval: "15 minutes" Auto-update: disabled Range limiting: enabled
drawDataLine: no data available for series "ADOPTED"
Default scatterplot drawn with 2 points
Default scatterplot drawn with 2 points
Default scatterplot drawn with 2 points
Custom time range set to: "Fri Dec 19 01:35:25 2025" to "Fri Dec 19 01:50:25 2025"
GraphLayout: Container time scope changed from "Fri Dec 19 01:35:25 2025" to "Fri Dec 19 01:50:25 2025"
Data ranges updated - Y: 5 to 75 Time: "Fri Dec 19 01:35:25 2025" to "Fri Dec 19 01:50:25 2025" Interval: "15 minutes" Auto-update: disabled Range limiting: enabled
drawDataLine: no data available for series "ADOPTED"
Default scatterplot drawn with 2 points
Default scatterplot drawn with 2 points
Default scatterplot drawn with 2 points
Custom time range set to: "Fri Dec 19 01:35:25 2025" to "Fri Dec 19 01:50:25 2025"
Data ranges updated - Y: 5 to 75 Time: "Fri Dec 19 01:35:25 2025" to "Fri Dec 19 01:50:25 2025" Interval: "15 minutes" Auto-update: disabled Range limiting: enabled
drawDataLine: no data available for series "ADOPTED"
Default scatterplot drawn with 2 points
Default scatterplot drawn with 2 points
Default scatterplot drawn with 2 points
Custom time range set to: "Fri Dec 19 01:35:25 2025" to "Fri Dec 19 01:50:25 2025"
Data ranges updated - Y: 5 to 75 Time: "Fri Dec 19 01:35:25 2025" to "Fri Dec 19 01:50:25 2025" Interval: "15 minutes" Auto-update: disabled Range limiting: enabled
drawDataLine: no data available for series "ADOPTED"
Default scatterplot drawn with 2 points
Default scatterplot drawn with 2 points
Default scatterplot drawn with 2 points
Custom time range set to: "Fri Dec 19 01:35:25 2025" to "Fri Dec 19 01:50:25 2025"
GraphLayout: Container time scope changed from "Fri Dec 19 01:35:25 2025" to "Fri Dec 19 01:50:25 2025"
Data ranges updated - Y: 5 to 75 Time: "Fri Dec 19 01:35:25 2025" to "Fri Dec 19 01:50:25 2025" Interval: "15 minutes" Auto-update: disabled Range limiting: enabled
drawDataLine: no data available for series "ADOPTED"
Default scatterplot drawn with 2 points
Default scatterplot drawn with 2 points
Default scatterplot drawn with 2 points
Custom time range set to: "Fri Dec 19 01:35:25 2025" to "Fri Dec 19 01:50:25 2025"
Data ranges updated - Y: 5 to 75 Time: "Fri Dec 19 01:35:25 2025" to "Fri Dec 19 01:50:25 2025" Interval: "15 minutes" Auto-update: disabled Range limiting: enabled
drawDataLine: no data available for series "ADOPTED"
Default scatterplot drawn with 2 points
Default scatterplot drawn with 2 points
Default scatterplot drawn with 2 points
Custom time range set to: "Fri Dec 19 01:35:25 2025" to "Fri Dec 19 01:50:25 2025"
Data ranges updated - Y: 5 to 75 Time: "Fri Dec 19 01:35:25 2025" to "Fri Dec 19 01:50:25 2025" Interval: "15 minutes" Auto-update: disabled Range limiting: enabled
drawDataLine: no data available for series "ADOPTED"
Default scatterplot drawn with 2 points
Default scatterplot drawn with 2 points
Default scatterplot drawn with 2 points
Custom time range set to: "Fri Dec 19 01:35:25 2025" to "Fri Dec 19 01:50:25 2025"
GraphContainer: Setting current time to "01:50:25"
Data ranges updated - Y: 5 to 75 Time: "Fri Dec 19 01:35:25 2025" to "Fri Dec 19 01:50:25 2025" Interval: "15 minutes" Auto-update: disabled Range limiting: enabled
drawDataLine: no data available for series "ADOPTED"
Default scatterplot drawn with 2 points
Default scatterplot drawn with 2 points
Default scatterplot drawn with 2 points
Custom time range set to: "Fri Dec 19 01:35:25 2025" to "Fri Dec 19 01:50:25 2025"
GraphLayout: Container time scope changed from "Fri Dec 19 01:35:25 2025" to "Fri Dec 19 01:50:25 2025"
Data ranges updated - Y: 5 to 75 Time: "Fri Dec 19 01:35:25 2025" to "Fri Dec 19 01:50:25 2025" Interval: "15 minutes" Auto-update: disabled Range limiting: enabled
drawDataLine: no data available for series "ADOPTED"
Default scatterplot drawn with 2 points
Default scatterplot drawn with 2 points
Default scatterplot drawn with 2 points
Custom time range set to: "Fri Dec 19 01:35:25 2025" to "Fri Dec 19 01:50:25 2025"
Data ranges updated - Y: 5 to 75 Time: "Fri Dec 19 01:35:25 2025" to "Fri Dec 19 01:50:25 2025" Interval: "15 minutes" Auto-update: disabled Range limiting: enabled
drawDataLine: no data available for series "ADOPTED"
Default scatterplot drawn with 2 points
Default scatterplot drawn with 2 points
Default scatterplot drawn with 2 points
Custom time range set to: "Fri Dec 19 01:35:25 2025" to "Fri Dec 19 01:50:25 2025"
Data ranges updated - Y: 5 to 75 Time: "Fri Dec 19 01:35:25 2025" to "Fri Dec 19 01:50:25 2025" Interval: "15 minutes" Auto-update: disabled Range limiting: enabled
drawDataLine: no data available for series "ADOPTED"
Default scatterplot drawn with 2 points
Default scatterplot drawn with 2 points
Default scatterplot drawn with 2 points
Custom time range set to: "Fri Dec 19 01:35:25 2025" to "Fri Dec 19 01:50:25 2025"
GraphContainer: Setting current time to "01:50:25"
Data ranges updated - Y: 5 to 75 Time: "Fri Dec 19 01:35:25 2025" to "Fri Dec 19 01:50:25 2025" Interval: "15 minutes" Auto-update: disabled Range limiting: enabled
drawDataLine: no data available for series "ADOPTED"
Default scatterplot drawn with 2 points
Default scatterplot drawn with 2 points
Default scatterplot drawn with 2 points
Custom time range set to: "Fri Dec 19 01:35:25 2025" to "Fri Dec 19 01:50:25 2025"
Data ranges updated - Y: 5 to 75 Time: "Fri Dec 19 01:35:25 2025" to "Fri Dec 19 01:50:25 2025" Interval: "15 minutes" Auto-update: disabled Range limiting: enabled
drawDataLine: no data available for series "ADOPTED"
Default scatterplot drawn with 2 points
Default scatterplot drawn with 2 points
Default scatterplot drawn with 2 points
Custom time range set to: "Fri Dec 19 01:35:25 2025" to "Fri Dec 19 01:50:25 2025"
GraphLayout: Container time scope changed from "Fri Dec 19 01:35:25 2025" to "Fri Dec 19 01:50:25 2025"
Data ranges updated - Y: 5 to 75 Time: "Fri Dec 19 01:35:25 2025" to "Fri Dec 19 01:50:25 2025" Interval: "15 minutes" Auto-update: disabled Range limiting: enabled
drawDataLine: no data available for series "ADOPTED"
Default scatterplot drawn with 2 points
Default scatterplot drawn with 2 points
Default scatterplot drawn with 2 points
Custom time range set to: "Fri Dec 19 01:35:25 2025" to "Fri Dec 19 01:50:25 2025"
Data ranges updated - Y: 5 to 75 Time: "Fri Dec 19 01:35:25 2025" to "Fri Dec 19 01:50:25 2025" Interval: "15 minutes" Auto-update: disabled Range limiting: enabled
drawDataLine: no data available for series "ADOPTED"
Default scatterplot drawn with 2 points
Default scatterplot drawn with 2 points
Default scatterplot drawn with 2 points
Custom time range set to: "Fri Dec 19 01:35:25 2025" to "Fri Dec 19 01:50:25 2025"
Data ranges updated - Y: 5 to 75 Time: "Fri Dec 19 01:35:25 2025" to "Fri Dec 19 01:50:25 2025" Interval: "15 minutes" Auto-update: disabled Range limiting: enabled
drawDataLine: no data available for series "ADOPTED"
Default scatterplot drawn with 2 points
Default scatterplot drawn with 2 points
Default scatterplot drawn with 2 points
Custom time range set to: "Fri Dec 19 01:35:25 2025" to "Fri Dec 19 01:50:25 2025"
GraphLayout: Container time scope changed from "Fri Dec 19 01:35:25 2025" to "Fri Dec 19 01:50:25 2025"
Data ranges updated - Y: 5 to 75 Time: "Fri Dec 19 01:35:25 2025" to "Fri Dec 19 01:50:25 2025" Interval: "15 minutes" Auto-update: disabled Range limiting: enabled
drawDataLine: no data available for series "ADOPTED"
Default scatterplot drawn with 2 points
Default scatterplot drawn with 2 points
Default scatterplot drawn with 2 points
Custom time range set to: "Fri Dec 19 01:35:25 2025" to "Fri Dec 19 01:50:25 2025"
Data ranges updated - Y: 5 to 75 Time: "Fri Dec 19 01:35:25 2025" to "Fri Dec 19 01:50:25 2025" Interval: "15 minutes" Auto-update: disabled Range limiting: enabled
drawDataLine: no data available for series "ADOPTED"
Default scatterplot drawn with 2 points
Default scatterplot drawn with 2 points
Default scatterplot drawn with 2 points
Custom time range set to: "Fri Dec 19 01:35:25 2025" to "Fri Dec 19 01:50:25 2025"
Data ranges updated - Y: 5 to 75 Time: "Fri Dec 19 01:35:25 2025" to "Fri Dec 19 01:50:25 2025" Interval: "15 minutes" Auto-update: disabled Range limiting: enabled
drawDataLine: no data available for series "ADOPTED"
Default scatterplot drawn with 2 points
Default scatterplot drawn with 2 points
Default scatterplot drawn with 2 points
Custom time range set to: "Fri Dec 19 01:35:25 2025" to "Fri Dec 19 01:50:25 2025"
GraphContainer: Setting current time to "01:50:25"
Data ranges updated - Y: 5 to 75 Time: "Fri Dec 19 01:35:25 2025" to "Fri Dec 19 01:50:25 2025" Interval: "15 minutes" Auto-update: disabled Range limiting: enabled
drawDataLine: no data available for series "ADOPTED"
Default scatterplot drawn with 2 points
Default scatterplot drawn with 2 points
Default scatterplot drawn with 2 points
Custom time range set to: "Fri Dec 19 01:35:25 2025" to "Fri Dec 19 01:50:25 2025"
GraphLayout: Container time scope changed from "Fri Dec 19 01:35:25 2025" to "Fri Dec 19 01:50:25 2025"
Data ranges updated - Y: 5 to 75 Time: "Fri Dec 19 01:35:25 2025" to "Fri Dec 19 01:50:25 2025" Interval: "15 minutes" Auto-update: disabled Range limiting: enabled
drawDataLine: no data available for series "ADOPTED"
Default scatterplot drawn with 2 points
Default scatterplot drawn with 2 points
Default scatterplot drawn with 2 points
Custom time range set to: "Fri Dec 19 01:35:25 2025" to "Fri Dec 19 01:50:25 2025"
Data ranges updated - Y: 5 to 75 Time: "Fri Dec 19 01:35:25 2025" to "Fri Dec 19 01:50:25 2025" Interval: "15 minutes" Auto-update: disabled Range limiting: enabled
drawDataLine: no data available for series "ADOPTED"
Default scatterplot drawn with 2 points
Default scatterplot drawn with 2 points
Default scatterplot drawn with 2 points
Custom time range set to: "Fri Dec 19 01:35:25 2025" to "Fri Dec 19 01:50:25 2025"
Data ranges updated - Y: 5 to 75 Time: "Fri Dec 19 01:35:25 2025" to "Fri Dec 19 01:50:25 2025" Interval: "15 minutes" Auto-update: disabled Range limiting: enabled
drawDataLine: no data available for series "ADOPTED"
Default scatterplot drawn with 2 points
Default scatterplot drawn with 2 points
Default scatterplot drawn with 2 points
Custom time range set to: "Fri Dec 19 01:35:25 2025" to "Fri Dec 19 01:50:25 2025"
GraphContainer: Set chevron label 1 to: "Start"
GraphContainer: Set chevron label 1 to: "Start"
GraphContainer: Set chevron label 1 to: "Start"
GraphContainer: Set chevron label 1 to: "Start"
GraphLayout: Set chevron label 1 to: "Start" for all visible containers
GraphContainer: Set chevron label 2 to: "Now"
GraphContainer: Set chevron label 2 to: "Now"
GraphContainer: Set chevron label 2 to: "Now"
GraphContainer: Set chevron label 2 to: "Now"
GraphLayout: Set chevron label 2 to: "Now" for all visible containers
GraphContainer: Set chevron label 3 to: "End"
GraphContainer: Set chevron label 3 to: "End"
GraphContainer: Set chevron label 3 to: "End"
GraphContainer: Set chevron label 3 to: "End"
GraphLayout: Set chevron label 3 to: "End" for all visible containers
Data ranges updated - Y: 5 to 75 Time: "Fri Dec 19 01:35:25 2025" to "Fri Dec 19 01:50:25 2025" Interval: "15 minutes" Auto-update: disabled Range limiting: enabled
drawDataLine: no data available for series "ADOPTED"
Default scatterplot drawn with 2 points
Default scatterplot drawn with 2 points
Default scatterplot drawn with 2 points
Custom time range set to: "Fri Dec 19 01:35:25 2025" to "Fri Dec 19 01:50:25 2025"
Data ranges updated - Y: 5 to 75 Time: "Fri Dec 19 01:35:25 2025" to "Fri Dec 19 01:50:25 2025" Interval: "15 minutes" Auto-update: disabled Range limiting: enabled
drawDataLine: no data available for series "ADOPTED"
Default scatterplot drawn with 2 points
Default scatterplot drawn with 2 points
Default scatterplot drawn with 2 points
Custom time range set to: "Fri Dec 19 01:35:25 2025" to "Fri Dec 19 01:50:25 2025"
GraphLayout: Container time scope changed from "Fri Dec 19 01:35:25 2025" to "Fri Dec 19 01:50:25 2025"
Data ranges updated - Y: 5 to 75 Time: "Fri Dec 19 01:35:25 2025" to "Fri Dec 19 01:50:25 2025" Interval: "15 minutes" Auto-update: disabled Range limiting: enabled
drawDataLine: no data available for series "ADOPTED"
Default scatterplot drawn with 2 points
Default scatterplot drawn with 2 points
Default scatterplot drawn with 2 points
Custom time range set to: "Fri Dec 19 01:35:25 2025" to "Fri Dec 19 01:50:25 2025"
Data ranges updated - Y: 5 to 75 Time: "Fri Dec 19 01:35:25 2025" to "Fri Dec 19 01:50:25 2025" Interval: "15 minutes" Auto-update: disabled Range limiting: enabled
drawDataLine: no data available for series "ADOPTED"
Default scatterplot drawn with 2 points
Default scatterplot drawn with 2 points
Default scatterplot drawn with 2 points
Custom time range set to: "Fri Dec 19 01:35:25 2025" to "Fri Dec 19 01:50:25 2025"
Data ranges updated - Y: 5 to 75 Time: "Fri Dec 19 01:35:25 2025" to "Fri Dec 19 01:50:25 2025" Interval: "15 minutes" Auto-update: disabled Range limiting: enabled
drawDataLine: no data available for series "ADOPTED"
Default scatterplot drawn with 2 points
Default scatterplot drawn with 2 points
Default scatterplot drawn with 2 points
Custom time range set to: "Fri Dec 19 01:35:25 2025" to "Fri Dec 19 01:50:25 2025"
GraphLayout: Container time scope changed from "Fri Dec 19 01:35:25 2025" to "Fri Dec 19 01:50:25 2025"
Data ranges updated - Y: 5 to 75 Time: "Fri Dec 19 01:35:25 2025" to "Fri Dec 19 01:50:25 2025" Interval: "15 minutes" Auto-update: disabled Range limiting: enabled
drawDataLine: no data available for series "ADOPTED"
Default scatterplot drawn with 2 points
Default scatterplot drawn with 2 points
Default scatterplot drawn with 2 points
Custom time range set to: "Fri Dec 19 01:35:25 2025" to "Fri Dec 19 01:50:25 2025"
Data ranges updated - Y: 5 to 75 Time: "Fri Dec 19 01:35:25 2025" to "Fri Dec 19 01:50:25 2025" Interval: "15 minutes" Auto-update: disabled Range limiting: enabled
drawDataLine: no data available for series "ADOPTED"
Default scatterplot drawn with 2 points
Default scatterplot drawn with 2 points
Default scatterplot drawn with 2 points
Custom time range set to: "Fri Dec 19 01:35:25 2025" to "Fri Dec 19 01:50:25 2025"
Data ranges updated - Y: 5 to 75 Time: "Fri Dec 19 01:35:25 2025" to "Fri Dec 19 01:50:25 2025" Interval: "15 minutes" Auto-update: disabled Range limiting: enabled
drawDataLine: no data available for series "ADOPTED"
Default scatterplot drawn with 2 points
Default scatterplot drawn with 2 points
Default scatterplot drawn with 2 points
Custom time range set to: "Fri Dec 19 01:35:25 2025" to "Fri Dec 19 01:50:25 2025"
Data ranges updated - Y: 5 to 75 Time: "Fri Dec 19 01:35:25 2025" to "Fri Dec 19 01:50:25 2025" Interval: "15 minutes" Auto-update: disabled Range limiting: enabled
drawDataLine: no data available for series "ADOPTED"
Default scatterplot drawn with 2 points
Default scatterplot drawn with 2 points
Default scatterplot drawn with 2 points
Custom time range set to: "Fri Dec 19 01:35:25 2025" to "Fri Dec 19 01:50:25 2025"
GraphLayout: Container time scope changed from "Fri Dec 19 01:35:25 2025" to "Fri Dec 19 01:50:25 2025"
Data ranges updated - Y: 5 to 75 Time: "Fri Dec 19 01:35:25 2025" to "Fri Dec 19 01:50:25 2025" Interval: "15 minutes" Auto-update: disabled Range limiting: enabled
drawDataLine: no data available for series "ADOPTED"
Default scatterplot drawn with 2 points
Default scatterplot drawn with 2 points
Default scatterplot drawn with 2 points
Custom time range set to: "Fri Dec 19 01:35:25 2025" to "Fri Dec 19 01:50:25 2025"
Data ranges updated - Y: 5 to 75 Time: "Fri Dec 19 01:35:25 2025" to "Fri Dec 19 01:50:25 2025" Interval: "15 minutes" Auto-update: disabled Range limiting: enabled
drawDataLine: no data available for series "ADOPTED"
Default scatterplot drawn with 2 points
Default scatterplot drawn with 2 points
Default scatterplot drawn with 2 points
Custom time range set to: "Fri Dec 19 01:35:25 2025" to "Fri Dec 19 01:50:25 2025"
Data ranges updated - Y: 5 to 75 Time: "Fri Dec 19 01:35:25 2025" to "Fri Dec 19 01:50:25 2025" Interval: "15 minutes" Auto-update: disabled Range limiting: enabled
drawDataLine: no data available for series "ADOPTED"
Default scatterplot drawn with 2 points
Default scatterplot drawn with 2 points
Default scatterplot drawn with 2 points
Custom time range set to: "Fri Dec 19 01:35:25 2025" to "Fri Dec 19 01:50:25 2025"
Data ranges updated - Y: 5 to 75 Time: "Fri Dec 19 01:35:25 2025" to "Fri Dec 19 01:50:25 2025" Interval: "15 minutes" Auto-update: disabled Range limiting: enabled
drawDataLine: no data available for series "ADOPTED"
Default scatterplot drawn with 2 points
Default scatterplot drawn with 2 points
Default scatterplot drawn with 2 points
Custom time range set to: "Fri Dec 19 01:35:25 2025" to "Fri Dec 19 01:50:25 2025"
Data ranges updated - Y: 5 to 75 Time: "Fri Dec 19 01:35:25 2025" to "Fri Dec 19 01:50:25 2025" Interval: "15 minutes" Auto-update: disabled Range limiting: enabled
drawDataLine: no data available for series "ADOPTED"
Default scatterplot drawn with 2 points
Default scatterplot drawn with 2 points
Default scatterplot drawn with 2 points
Custom time range set to: "Fri Dec 19 01:35:25 2025" to "Fri Dec 19 01:50:25 2025"
GraphLayout: Container time scope changed from "Fri Dec 19 01:35:25 2025" to "Fri Dec 19 01:50:25 2025"
Data ranges updated - Y: 5 to 75 Time: "Fri Dec 19 01:35:25 2025" to "Fri Dec 19 01:50:25 2025" Interval: "15 minutes" Auto-update: disabled Range limiting: enabled
drawDataLine: no data available for series "ADOPTED"
Default scatterplot drawn with 2 points
Default scatterplot drawn with 2 points
Default scatterplot drawn with 2 points
Custom time range set to: "Fri Dec 19 01:35:25 2025" to "Fri Dec 19 01:50:25 2025"
Data ranges updated - Y: 5 to 75 Time: "Fri Dec 19 01:35:25 2025" to "Fri Dec 19 01:50:25 2025" Interval: "15 minutes" Auto-update: disabled Range limiting: enabled
drawDataLine: no data available for series "ADOPTED"
Default scatterplot drawn with 2 points
Default scatterplot drawn with 2 points
Default scatterplot drawn with 2 points
Custom time range set to: "Fri Dec 19 01:35:25 2025" to "Fri Dec 19 01:50:25 2025"
Data ranges updated - Y: 5 to 75 Time: "Fri Dec 19 01:35:25 2025" to "Fri Dec 19 01:50:25 2025" Interval: "15 minutes" Auto-update: disabled Range limiting: enabled
drawDataLine: no data available for series "ADOPTED"
Default scatterplot drawn with 2 points
Default scatterplot drawn with 2 points
Default scatterplot drawn with 2 points
Custom time range set to: "Fri Dec 19 01:35:25 2025" to "Fri Dec 19 01:50:25 2025"
GraphLayout: Container time scope changed from "Fri Dec 19 01:35:25 2025" to "Fri Dec 19 01:50:25 2025"
Data ranges updated - Y: 5 to 75 Time: "Fri Dec 19 01:35:25 2025" to "Fri Dec 19 01:50:25 2025" Interval: "15 minutes" Auto-update: disabled Range limiting: enabled
drawDataLine: no data available for series "ADOPTED"
Default scatterplot drawn with 2 points
Default scatterplot drawn with 2 points
Default scatterplot drawn with 2 points
Custom time range set to: "Fri Dec 19 01:35:25 2025" to "Fri Dec 19 01:50:25 2025"
Data ranges updated - Y: 5 to 75 Time: "Fri Dec 19 01:35:25 2025" to "Fri Dec 19 01:50:25 2025" Interval: "15 minutes" Auto-update: disabled Range limiting: enabled
drawDataLine: no data available for series "ADOPTED"
Default scatterplot drawn with 2 points
Default scatterplot drawn with 2 points
Default scatterplot drawn with 2 points
Custom time range set to: "Fri Dec 19 01:35:25 2025" to "Fri Dec 19 01:50:25 2025"
Data ranges updated - Y: 5 to 75 Time: "Fri Dec 19 01:35:25 2025" to "Fri Dec 19 01:50:25 2025" Interval: "15 minutes" Auto-update: disabled Range limiting: enabled
drawDataLine: no data available for series "ADOPTED"
Default scatterplot drawn with 2 points
Default scatterplot drawn with 2 points
Default scatterplot drawn with 2 points
Custom time range set to: "Fri Dec 19 01:35:25 2025" to "Fri Dec 19 01:50:25 2025"
Data ranges updated - Y: 5 to 75 Time: "Fri Dec 19 01:35:25 2025" to "Fri Dec 19 01:50:25 2025" Interval: "15 minutes" Auto-update: disabled Range limiting: enabled
drawDataLine: no data available for series "ADOPTED"
Default scatterplot drawn with 2 points
Default scatterplot drawn with 2 points
Default scatterplot drawn with 2 points
Custom time range set to: "Fri Dec 19 01:35:25 2025" to "Fri Dec 19 01:50:25 2025"
GraphLayout: Container time scope changed from "Fri Dec 19 01:35:25 2025" to "Fri Dec 19 01:50:25 2025"
Data ranges updated - Y: 5 to 75 Time: "Fri Dec 19 01:35:25 2025" to "Fri Dec 19 01:50:25 2025" Interval: "15 minutes" Auto-update: disabled Range limiting: enabled
drawDataLine: no data available for series "ADOPTED"
Default scatterplot drawn with 2 points
Default scatterplot drawn with 2 points
Default scatterplot drawn with 2 points
Custom time range set to: "Fri Dec 19 01:35:25 2025" to "Fri Dec 19 01:50:25 2025"
Data ranges updated - Y: 5 to 75 Time: "Fri Dec 19 01:35:25 2025" to "Fri Dec 19 01:50:25 2025" Interval: "15 minutes" Auto-update: disabled Range limiting: enabled
drawDataLine: no data available for series "ADOPTED"
Default scatterplot drawn with 2 points
Default scatterplot drawn with 2 points
Default scatterplot drawn with 2 points
Custom time range set to: "Fri Dec 19 01:35:25 2025" to "Fri Dec 19 01:50:25 2025"
Data ranges updated - Y: 5 to 75 Time: "Fri Dec 19 01:35:25 2025" to "Fri Dec 19 01:50:25 2025" Interval: "15 minutes" Auto-update: disabled Range limiting: enabled
drawDataLine: no data available for series "ADOPTED"
Default scatterplot drawn with 2 points
Default scatterplot drawn with 2 points
Default scatterplot drawn with 2 points
Custom time range set to: "Fri Dec 19 01:35:25 2025" to "Fri Dec 19 01:50:25 2025"
Simulator::onTimerTick() called
Added data point to "FDW" series "FDW-1" y: 6.10507 time: "Fri Dec 19 01:50:25 2025"
Added data point to "FDW" series "FDW-2" y: 16.1051 time: "Fri Dec 19 01:50:25 2025"
Added data point to "BDW" series "BDW-1" y: -9.32515 time: "Fri Dec 19 01:50:25 2025"
Added data point to "BDW" series "BDW-2" y: 0.674852 time: "Fri Dec 19 01:50:25 2025"
Added data point to "BRW" series "BRW-1" y: 4.86823 time: "Fri Dec 19 01:50:25 2025"
Added data point to "BRW" series "BRW-2" y: 14.8682 time: "Fri Dec 19 01:50:25 2025"
Added data point to "LTW" series "LTW-1" y: 23.5803 time: "Fri Dec 19 01:50:25 2025"
Added data point to "LTW" series "LTW-2" y: 33.5803 time: "Fri Dec 19 01:50:25 2025"
Added data point to "BTW" series "BTW-1" y: 23.0642 time: "Fri Dec 19 01:50:25 2025"
Data ranges updated - Y: 5 to 75 Time: "Fri Dec 19 01:35:25 2025" to "Fri Dec 19 01:50:25 2025" Interval: "15 minutes" Auto-update: disabled Range limiting: enabled
drawDataLine: no data available for series "ADOPTED"
Default scatterplot drawn with 3 points
Default scatterplot drawn with 2 points
Default scatterplot drawn with 2 points
Custom time range set to: "Fri Dec 19 01:35:25 2025" to "Fri Dec 19 01:50:25 2025"
GraphContainer: Updated time range to show new data - "Fri Dec 19 01:35:25 2025" to "Fri Dec 19 01:50:25 2025"
GraphContainer: Using stored range limit for "BTW" - Min: 5 Max: 75
ZoomPanel: Original range values explicitly set - Left: 5 Center: 40 Right: 75
GraphContainer: Zoom panel limits updated - Min: 5 Center: 40 Max: 75 - User has not customized
Data ranges updated - Y: 5 to 75 Time: "Fri Dec 19 01:35:25 2025" to "Fri Dec 19 01:50:25 2025" Interval: "15 minutes" Auto-update: disabled Range limiting: enabled
drawDataLine: no data available for series "ADOPTED"
Default scatterplot drawn with 3 points
Default scatterplot drawn with 2 points
Default scatterplot drawn with 2 points
GraphContainer: Updated TimeSelectionVisualizer valid range to "01:50:22" to "01:50:25"
Data ranges updated - Y: 5 to 75 Time: "Fri Dec 19 01:35:25 2025" to "Fri Dec 19 01:50:25 2025" Interval: "15 minutes" Auto-update: disabled Range limiting: enabled
drawDataLine: no data available for series "ADOPTED"
Default scatterplot drawn with 3 points
Default scatterplot drawn with 2 points
Default scatterplot drawn with 2 points
Custom time range set to: "Fri Dec 19 01:35:25 2025" to "Fri Dec 19 01:50:25 2025"
GraphContainer: Updated time range to show new data - "Fri Dec 19 01:35:25 2025" to "Fri Dec 19 01:50:25 2025"
GraphContainer: Using stored range limit for "BTW" - Min: 5 Max: 75
ZoomPanel: Original range values explicitly set - Left: 5 Center: 40 Right: 75
GraphContainer: Zoom panel limits updated - Min: 5 Center: 40 Max: 75 - User has not customized
Data ranges updated - Y: 5 to 75 Time: "Fri Dec 19 01:35:25 2025" to "Fri Dec 19 01:50:25 2025" Interval: "15 minutes" Auto-update: disabled Range limiting: enabled
drawDataLine: no data available for series "ADOPTED"
Default scatterplot drawn with 3 points
Default scatterplot drawn with 2 points
Default scatterplot drawn with 2 points
GraphContainer: Updated TimeSelectionVisualizer valid range to "01:50:22" to "01:50:25"
Data ranges updated - Y: 5 to 75 Time: "Fri Dec 19 01:35:25 2025" to "Fri Dec 19 01:50:25 2025" Interval: "15 minutes" Auto-update: disabled Range limiting: enabled
drawDataLine: no data available for series "ADOPTED"
Default scatterplot drawn with 3 points
Default scatterplot drawn with 2 points
Default scatterplot drawn with 2 points
Custom time range set to: "Fri Dec 19 01:35:25 2025" to "Fri Dec 19 01:50:25 2025"
GraphContainer: Updated time range to show new data - "Fri Dec 19 01:35:25 2025" to "Fri Dec 19 01:50:25 2025"
GraphContainer: Using stored range limit for "BTW" - Min: 5 Max: 75
ZoomPanel: Original range values explicitly set - Left: 5 Center: 40 Right: 75
GraphContainer: Zoom panel limits updated - Min: 5 Center: 40 Max: 75 - User has not customized
Data ranges updated - Y: 5 to 75 Time: "Fri Dec 19 01:35:25 2025" to "Fri Dec 19 01:50:25 2025" Interval: "15 minutes" Auto-update: disabled Range limiting: enabled
drawDataLine: no data available for series "ADOPTED"
Default scatterplot drawn with 3 points
Default scatterplot drawn with 2 points
Default scatterplot drawn with 2 points
GraphContainer: Updated TimeSelectionVisualizer valid range to "01:50:22" to "01:50:25"
Data ranges updated - Y: 5 to 75 Time: "Fri Dec 19 01:35:25 2025" to "Fri Dec 19 01:50:25 2025" Interval: "15 minutes" Auto-update: disabled Range limiting: enabled
drawDataLine: no data available for series "ADOPTED"
Default scatterplot drawn with 3 points
Default scatterplot drawn with 2 points
Default scatterplot drawn with 2 points
Custom time range set to: "Fri Dec 19 01:35:25 2025" to "Fri Dec 19 01:50:25 2025"
GraphContainer: Updated time range to show new data - "Fri Dec 19 01:35:25 2025" to "Fri Dec 19 01:50:25 2025"
GraphContainer: Using stored range limit for "BTW" - Min: 5 Max: 75
ZoomPanel: Original range values explicitly set - Left: 5 Center: 40 Right: 75
GraphContainer: Zoom panel limits updated - Min: 5 Center: 40 Max: 75 - User has not customized
Data ranges updated - Y: 5 to 75 Time: "Fri Dec 19 01:35:25 2025" to "Fri Dec 19 01:50:25 2025" Interval: "15 minutes" Auto-update: disabled Range limiting: enabled
drawDataLine: no data available for series "ADOPTED"
Default scatterplot drawn with 3 points
Default scatterplot drawn with 2 points
Default scatterplot drawn with 2 points
GraphContainer: Updated TimeSelectionVisualizer valid range to "01:50:22" to "01:50:25"
Added data point to "BTW" series "BTW-2" y: 33.0642 time: "Fri Dec 19 01:50:25 2025"
GraphContainer: Using stored range limit for "BTW" - Min: 5 Max: 75
ZoomPanel: Original range values explicitly set - Left: 5 Center: 40 Right: 75
GraphContainer: Zoom panel limits updated - Min: 5 Center: 40 Max: 75 - User has not customized
Data ranges updated - Y: 5 to 75 Time: "Fri Dec 19 01:35:25 2025" to "Fri Dec 19 01:50:25 2025" Interval: "15 minutes" Auto-update: disabled Range limiting: enabled
drawDataLine: no data available for series "ADOPTED"
Default scatterplot drawn with 3 points
Default scatterplot drawn with 3 points
Default scatterplot drawn with 2 points
GraphContainer: Updated TimeSelectionVisualizer valid range to "01:50:22" to "01:50:25"
GraphContainer: Using stored range limit for "BTW" - Min: 5 Max: 75
ZoomPanel: Original range values explicitly set - Left: 5 Center: 40 Right: 75
GraphContainer: Zoom panel limits updated - Min: 5 Center: 40 Max: 75 - User has not customized
Data ranges updated - Y: 5 to 75 Time: "Fri Dec 19 01:35:25 2025" to "Fri Dec 19 01:50:25 2025" Interval: "15 minutes" Auto-update: disabled Range limiting: enabled
drawDataLine: no data available for series "ADOPTED"
Default scatterplot drawn with 3 points
Default scatterplot drawn with 3 points
Default scatterplot drawn with 2 points
GraphContainer: Updated TimeSelectionVisualizer valid range to "01:50:22" to "01:50:25"
GraphContainer: Using stored range limit for "BTW" - Min: 5 Max: 75
ZoomPanel: Original range values explicitly set - Left: 5 Center: 40 Right: 75
GraphContainer: Zoom panel limits updated - Min: 5 Center: 40 Max: 75 - User has not customized
Data ranges updated - Y: 5 to 75 Time: "Fri Dec 19 01:35:25 2025" to "Fri Dec 19 01:50:25 2025" Interval: "15 minutes" Auto-update: disabled Range limiting: enabled
drawDataLine: no data available for series "ADOPTED"
Default scatterplot drawn with 3 points
Default scatterplot drawn with 3 points
Default scatterplot drawn with 2 points
GraphContainer: Updated TimeSelectionVisualizer valid range to "01:50:22" to "01:50:25"
GraphContainer: Using stored range limit for "BTW" - Min: 5 Max: 75
ZoomPanel: Original range values explicitly set - Left: 5 Center: 40 Right: 75
GraphContainer: Zoom panel limits updated - Min: 5 Center: 40 Max: 75 - User has not customized
Data ranges updated - Y: 5 to 75 Time: "Fri Dec 19 01:35:25 2025" to "Fri Dec 19 01:50:25 2025" Interval: "15 minutes" Auto-update: disabled Range limiting: enabled
drawDataLine: no data available for series "ADOPTED"
Default scatterplot drawn with 3 points
Default scatterplot drawn with 3 points
Default scatterplot drawn with 2 points
GraphContainer: Updated TimeSelectionVisualizer valid range to "01:50:22" to "01:50:25"
Added data point to "BTW" series "BTW-3" y: 33.0642 time: "Fri Dec 19 01:50:25 2025"
GraphContainer: Using stored range limit for "BTW" - Min: 5 Max: 75
ZoomPanel: Original range values explicitly set - Left: 5 Center: 40 Right: 75
GraphContainer: Zoom panel limits updated - Min: 5 Center: 40 Max: 75 - User has not customized
Data ranges updated - Y: 5 to 75 Time: "Fri Dec 19 01:35:25 2025" to "Fri Dec 19 01:50:25 2025" Interval: "15 minutes" Auto-update: disabled Range limiting: enabled
drawDataLine: no data available for series "ADOPTED"
Default scatterplot drawn with 3 points
Default scatterplot drawn with 3 points
Default scatterplot drawn with 3 points
GraphContainer: Updated TimeSelectionVisualizer valid range to "01:50:22" to "01:50:25"
GraphContainer: Using stored range limit for "BTW" - Min: 5 Max: 75
ZoomPanel: Original range values explicitly set - Left: 5 Center: 40 Right: 75
GraphContainer: Zoom panel limits updated - Min: 5 Center: 40 Max: 75 - User has not customized
Data ranges updated - Y: 5 to 75 Time: "Fri Dec 19 01:35:25 2025" to "Fri Dec 19 01:50:25 2025" Interval: "15 minutes" Auto-update: disabled Range limiting: enabled
drawDataLine: no data available for series "ADOPTED"
Default scatterplot drawn with 3 points
Default scatterplot drawn with 3 points
Default scatterplot drawn with 3 points
GraphContainer: Updated TimeSelectionVisualizer valid range to "01:50:22" to "01:50:25"
GraphContainer: Using stored range limit for "BTW" - Min: 5 Max: 75
ZoomPanel: Original range values explicitly set - Left: 5 Center: 40 Right: 75
GraphContainer: Zoom panel limits updated - Min: 5 Center: 40 Max: 75 - User has not customized
Data ranges updated - Y: 5 to 75 Time: "Fri Dec 19 01:35:25 2025" to "Fri Dec 19 01:50:25 2025" Interval: "15 minutes" Auto-update: disabled Range limiting: enabled
drawDataLine: no data available for series "ADOPTED"
Default scatterplot drawn with 3 points
Default scatterplot drawn with 3 points
Default scatterplot drawn with 3 points
GraphContainer: Updated TimeSelectionVisualizer valid range to "01:50:22" to "01:50:25"
GraphContainer: Using stored range limit for "BTW" - Min: 5 Max: 75
ZoomPanel: Original range values explicitly set - Left: 5 Center: 40 Right: 75
GraphContainer: Zoom panel limits updated - Min: 5 Center: 40 Max: 75 - User has not customized
Data ranges updated - Y: 5 to 75 Time: "Fri Dec 19 01:35:25 2025" to "Fri Dec 19 01:50:25 2025" Interval: "15 minutes" Auto-update: disabled Range limiting: enabled
drawDataLine: no data available for series "ADOPTED"
Default scatterplot drawn with 3 points
Default scatterplot drawn with 3 points
Default scatterplot drawn with 3 points
GraphContainer: Updated TimeSelectionVisualizer valid range to "01:50:22" to "01:50:25"
Added data point to "RTW" series "RTW-1" y: 14.2968 time: "Fri Dec 19 01:50:25 2025"
Added data point to "RTW" series "ADOPTED" y: 24.2968 time: "Fri Dec 19 01:50:25 2025"
Added data point to "FTW" series "FTW-1" y: 21.5612 time: "Fri Dec 19 01:50:25 2025"
Added data point to "FTW" series "FTW-2" y: 31.5612 time: "Fri Dec 19 01:50:25 2025"
Added data points - FDW: 6.10507 BDW: -9.32515 BRW: 4.86823 LTW: 23.5803 BTW: 23.0642 RTW: 14.2968 FTW: 21.5612
TimeScopeChanged - Start: "01:35:25" End: "01:50:25" Duration: "00:15:00"
BDW zero axis drawn at x: 0
Custom time range set to: "Fri Dec 19 01:35:26 2025" to "Fri Dec 19 01:50:26 2025"
BDW zero axis drawn at x: 0
Custom time range set to: "Fri Dec 19 01:35:26 2025" to "Fri Dec 19 01:50:26 2025"
GraphContainer: Setting current time to "01:50:26"
Data ranges updated - Y: 5 to 75 Time: "Fri Dec 19 01:35:26 2025" to "Fri Dec 19 01:50:26 2025" Interval: "15 minutes" Auto-update: disabled Range limiting: enabled
drawDataLine: no data available for series "ADOPTED"
Default scatterplot drawn with 3 points
Default scatterplot drawn with 3 points
Default scatterplot drawn with 3 points
Custom time range set to: "Fri Dec 19 01:35:26 2025" to "Fri Dec 19 01:50:26 2025"
Data ranges updated - Y: 5 to 75 Time: "Fri Dec 19 01:35:26 2025" to "Fri Dec 19 01:50:26 2025" Interval: "15 minutes" Auto-update: disabled Range limiting: enabled
drawDataLine: no data available for series "ADOPTED"
Default scatterplot drawn with 3 points
Default scatterplot drawn with 3 points
Default scatterplot drawn with 3 points
Custom time range set to: "Fri Dec 19 01:35:26 2025" to "Fri Dec 19 01:50:26 2025"
GraphLayout: Container time scope changed from "Fri Dec 19 01:35:26 2025" to "Fri Dec 19 01:50:26 2025"
Data ranges updated - Y: 5 to 75 Time: "Fri Dec 19 01:35:26 2025" to "Fri Dec 19 01:50:26 2025" Interval: "15 minutes" Auto-update: disabled Range limiting: enabled
drawDataLine: no data available for series "ADOPTED"
Default scatterplot drawn with 3 points
Default scatterplot drawn with 3 points
Default scatterplot drawn with 3 points
Custom time range set to: "Fri Dec 19 01:35:26 2025" to "Fri Dec 19 01:50:26 2025"
Data ranges updated - Y: 5 to 75 Time: "Fri Dec 19 01:35:26 2025" to "Fri Dec 19 01:50:26 2025" Interval: "15 minutes" Auto-update: disabled Range limiting: enabled
drawDataLine: no data available for series "ADOPTED"
Default scatterplot drawn with 3 points
Default scatterplot drawn with 3 points
Default scatterplot drawn with 3 points
Custom time range set to: "Fri Dec 19 01:35:26 2025" to "Fri Dec 19 01:50:26 2025"
Data ranges updated - Y: 5 to 75 Time: "Fri Dec 19 01:35:26 2025" to "Fri Dec 19 01:50:26 2025" Interval: "15 minutes" Auto-update: disabled Range limiting: enabled
drawDataLine: no data available for series "ADOPTED"
Default scatterplot drawn with 3 points
Default scatterplot drawn with 3 points
Default scatterplot drawn with 3 points
Custom time range set to: "Fri Dec 19 01:35:26 2025" to "Fri Dec 19 01:50:26 2025"
GraphLayout: Container time scope changed from "Fri Dec 19 01:35:26 2025" to "Fri Dec 19 01:50:26 2025"
Data ranges updated - Y: 5 to 75 Time: "Fri Dec 19 01:35:26 2025" to "Fri Dec 19 01:50:26 2025" Interval: "15 minutes" Auto-update: disabled Range limiting: enabled
drawDataLine: no data available for series "ADOPTED"
Default scatterplot drawn with 3 points
Default scatterplot drawn with 3 points
Default scatterplot drawn with 3 points
Custom time range set to: "Fri Dec 19 01:35:26 2025" to "Fri Dec 19 01:50:26 2025"
Data ranges updated - Y: 5 to 75 Time: "Fri Dec 19 01:35:26 2025" to "Fri Dec 19 01:50:26 2025" Interval: "15 minutes" Auto-update: disabled Range limiting: enabled
drawDataLine: no data available for series "ADOPTED"
Default scatterplot drawn with 3 points
Default scatterplot drawn with 3 points
Default scatterplot drawn with 3 points
Custom time range set to: "Fri Dec 19 01:35:26 2025" to "Fri Dec 19 01:50:26 2025"
Data ranges updated - Y: 5 to 75 Time: "Fri Dec 19 01:35:26 2025" to "Fri Dec 19 01:50:26 2025" Interval: "15 minutes" Auto-update: disabled Range limiting: enabled
drawDataLine: no data available for series "ADOPTED"
Default scatterplot drawn with 3 points
Default scatterplot drawn with 3 points
Default scatterplot drawn with 3 points
Custom time range set to: "Fri Dec 19 01:35:26 2025" to "Fri Dec 19 01:50:26 2025"
GraphContainer: Setting current time to "01:50:26"
Data ranges updated - Y: 5 to 75 Time: "Fri Dec 19 01:35:26 2025" to "Fri Dec 19 01:50:26 2025" Interval: "15 minutes" Auto-update: disabled Range limiting: enabled
drawDataLine: no data available for series "ADOPTED"
Default scatterplot drawn with 3 points
Default scatterplot drawn with 3 points
Default scatterplot drawn with 3 points
Custom time range set to: "Fri Dec 19 01:35:26 2025" to "Fri Dec 19 01:50:26 2025"
GraphLayout: Container time scope changed from "Fri Dec 19 01:35:26 2025" to "Fri Dec 19 01:50:26 2025"
Data ranges updated - Y: 5 to 75 Time: "Fri Dec 19 01:35:26 2025" to "Fri Dec 19 01:50:26 2025" Interval: "15 minutes" Auto-update: disabled Range limiting: enabled
drawDataLine: no data available for series "ADOPTED"
Default scatterplot drawn with 3 points
Default scatterplot drawn with 3 points
Default scatterplot drawn with 3 points
Custom time range set to: "Fri Dec 19 01:35:26 2025" to "Fri Dec 19 01:50:26 2025"
Data ranges updated - Y: 5 to 75 Time: "Fri Dec 19 01:35:26 2025" to "Fri Dec 19 01:50:26 2025" Interval: "15 minutes" Auto-update: disabled Range limiting: enabled
drawDataLine: no data available for series "ADOPTED"
Default scatterplot drawn with 3 points
Default scatterplot drawn with 3 points
Default scatterplot drawn with 3 points
Custom time range set to: "Fri Dec 19 01:35:26 2025" to "Fri Dec 19 01:50:26 2025"
Data ranges updated - Y: 5 to 75 Time: "Fri Dec 19 01:35:26 2025" to "Fri Dec 19 01:50:26 2025" Interval: "15 minutes" Auto-update: disabled Range limiting: enabled
drawDataLine: no data available for series "ADOPTED"
Default scatterplot drawn with 3 points
Default scatterplot drawn with 3 points
Default scatterplot drawn with 3 points
Custom time range set to: "Fri Dec 19 01:35:26 2025" to "Fri Dec 19 01:50:26 2025"
GraphContainer: Setting current time to "01:50:26"
Data ranges updated - Y: 5 to 75 Time: "Fri Dec 19 01:35:26 2025" to "Fri Dec 19 01:50:26 2025" Interval: "15 minutes" Auto-update: disabled Range limiting: enabled
drawDataLine: no data available for series "ADOPTED"
Default scatterplot drawn with 3 points
Default scatterplot drawn with 3 points
Default scatterplot drawn with 3 points
Custom time range set to: "Fri Dec 19 01:35:26 2025" to "Fri Dec 19 01:50:26 2025"
Data ranges updated - Y: 5 to 75 Time: "Fri Dec 19 01:35:26 2025" to "Fri Dec 19 01:50:26 2025" Interval: "15 minutes" Auto-update: disabled Range limiting: enabled
drawDataLine: no data available for series "ADOPTED"
Default scatterplot drawn with 3 points
Default scatterplot drawn with 3 points
Default scatterplot drawn with 3 points
Custom time range set to: "Fri Dec 19 01:35:26 2025" to "Fri Dec 19 01:50:26 2025"
GraphLayout: Container time scope changed from "Fri Dec 19 01:35:26 2025" to "Fri Dec 19 01:50:26 2025"
Data ranges updated - Y: 5 to 75 Time: "Fri Dec 19 01:35:26 2025" to "Fri Dec 19 01:50:26 2025" Interval: "15 minutes" Auto-update: disabled Range limiting: enabled
drawDataLine: no data available for series "ADOPTED"
Default scatterplot drawn with 3 points
Default scatterplot drawn with 3 points
Default scatterplot drawn with 3 points
Custom time range set to: "Fri Dec 19 01:35:26 2025" to "Fri Dec 19 01:50:26 2025"
Data ranges updated - Y: 5 to 75 Time: "Fri Dec 19 01:35:26 2025" to "Fri Dec 19 01:50:26 2025" Interval: "15 minutes" Auto-update: disabled Range limiting: enabled
drawDataLine: no data available for series "ADOPTED"
Default scatterplot drawn with 3 points
Default scatterplot drawn with 3 points
Default scatterplot drawn with 3 points
Custom time range set to: "Fri Dec 19 01:35:26 2025" to "Fri Dec 19 01:50:26 2025"
Data ranges updated - Y: 5 to 75 Time: "Fri Dec 19 01:35:26 2025" to "Fri Dec 19 01:50:26 2025" Interval: "15 minutes" Auto-update: disabled Range limiting: enabled
drawDataLine: no data available for series "ADOPTED"
Default scatterplot drawn with 3 points
Default scatterplot drawn with 3 points
Default scatterplot drawn with 3 points
Custom time range set to: "Fri Dec 19 01:35:26 2025" to "Fri Dec 19 01:50:26 2025"
GraphLayout: Container time scope changed from "Fri Dec 19 01:35:26 2025" to "Fri Dec 19 01:50:26 2025"
Data ranges updated - Y: 5 to 75 Time: "Fri Dec 19 01:35:26 2025" to "Fri Dec 19 01:50:26 2025" Interval: "15 minutes" Auto-update: disabled Range limiting: enabled
drawDataLine: no data available for series "ADOPTED"
Default scatterplot drawn with 3 points
Default scatterplot drawn with 3 points
Default scatterplot drawn with 3 points
Custom time range set to: "Fri Dec 19 01:35:26 2025" to "Fri Dec 19 01:50:26 2025"
Data ranges updated - Y: 5 to 75 Time: "Fri Dec 19 01:35:26 2025" to "Fri Dec 19 01:50:26 2025" Interval: "15 minutes" Auto-update: disabled Range limiting: enabled
drawDataLine: no data available for series "ADOPTED"
Default scatterplot drawn with 3 points
Default scatterplot drawn with 3 points
Default scatterplot drawn with 3 points
Custom time range set to: "Fri Dec 19 01:35:26 2025" to "Fri Dec 19 01:50:26 2025"
Data ranges updated - Y: 5 to 75 Time: "Fri Dec 19 01:35:26 2025" to "Fri Dec 19 01:50:26 2025" Interval: "15 minutes" Auto-update: disabled Range limiting: enabled
drawDataLine: no data available for series "ADOPTED"
Default scatterplot drawn with 3 points
Default scatterplot drawn with 3 points
Default scatterplot drawn with 3 points
Custom time range set to: "Fri Dec 19 01:35:26 2025" to "Fri Dec 19 01:50:26 2025"
GraphContainer: Setting current time to "01:50:26"
Data ranges updated - Y: 5 to 75 Time: "Fri Dec 19 01:35:26 2025" to "Fri Dec 19 01:50:26 2025" Interval: "15 minutes" Auto-update: disabled Range limiting: enabled
drawDataLine: no data available for series "ADOPTED"
Default scatterplot drawn with 3 points
Default scatterplot drawn with 3 points
Default scatterplot drawn with 3 points
Custom time range set to: "Fri Dec 19 01:35:26 2025" to "Fri Dec 19 01:50:26 2025"
GraphLayout: Container time scope changed from "Fri Dec 19 01:35:26 2025" to "Fri Dec 19 01:50:26 2025"
Data ranges updated - Y: 5 to 75 Time: "Fri Dec 19 01:35:26 2025" to "Fri Dec 19 01:50:26 2025" Interval: "15 minutes" Auto-update: disabled Range limiting: enabled
drawDataLine: no data available for series "ADOPTED"
Default scatterplot drawn with 3 points
Default scatterplot drawn with 3 points
Default scatterplot drawn with 3 points
Custom time range set to: "Fri Dec 19 01:35:26 2025" to "Fri Dec 19 01:50:26 2025"
Data ranges updated - Y: 5 to 75 Time: "Fri Dec 19 01:35:26 2025" to "Fri Dec 19 01:50:26 2025" Interval: "15 minutes" Auto-update: disabled Range limiting: enabled
drawDataLine: no data available for series "ADOPTED"
Default scatterplot drawn with 3 points
Default scatterplot drawn with 3 points
Default scatterplot drawn with 3 points
Custom time range set to: "Fri Dec 19 01:35:26 2025" to "Fri Dec 19 01:50:26 2025"
Data ranges updated - Y: 5 to 75 Time: "Fri Dec 19 01:35:26 2025" to "Fri Dec 19 01:50:26 2025" Interval: "15 minutes" Auto-update: disabled Range limiting: enabled
drawDataLine: no data available for series "ADOPTED"
Default scatterplot drawn with 3 points
Default scatterplot drawn with 3 points
Default scatterplot drawn with 3 points
Custom time range set to: "Fri Dec 19 01:35:26 2025" to "Fri Dec 19 01:50:26 2025"
GraphContainer: Set chevron label 1 to: "Start"
GraphContainer: Set chevron label 1 to: "Start"
GraphContainer: Set chevron label 1 to: "Start"
GraphContainer: Set chevron label 1 to: "Start"
GraphLayout: Set chevron label 1 to: "Start" for all visible containers
GraphContainer: Set chevron label 2 to: "Now"
GraphContainer: Set chevron label 2 to: "Now"
GraphContainer: Set chevron label 2 to: "Now"
GraphContainer: Set chevron label 2 to: "Now"
GraphLayout: Set chevron label 2 to: "Now" for all visible containers
GraphContainer: Set chevron label 3 to: "End"
GraphContainer: Set chevron label 3 to: "End"
GraphContainer: Set chevron label 3 to: "End"
GraphContainer: Set chevron label 3 to: "End"
GraphLayout: Set chevron label 3 to: "End" for all visible containers
Data ranges updated - Y: 5 to 75 Time: "Fri Dec 19 01:35:26 2025" to "Fri Dec 19 01:50:26 2025" Interval: "15 minutes" Auto-update: disabled Range limiting: enabled
drawDataLine: no data available for series "ADOPTED"
Default scatterplot drawn with 3 points
Default scatterplot drawn with 3 points
Default scatterplot drawn with 3 points
Custom time range set to: "Fri Dec 19 01:35:26 2025" to "Fri Dec 19 01:50:26 2025"
Data ranges updated - Y: 5 to 75 Time: "Fri Dec 19 01:35:26 2025" to "Fri Dec 19 01:50:26 2025" Interval: "15 minutes" Auto-update: disabled Range limiting: enabled
drawDataLine: no data available for series "ADOPTED"
Default scatterplot drawn with 3 points
Default scatterplot drawn with 3 points
Default scatterplot drawn with 3 points
Custom time range set to: "Fri Dec 19 01:35:26 2025" to "Fri Dec 19 01:50:26 2025"
GraphLayout: Container time scope changed from "Fri Dec 19 01:35:26 2025" to "Fri Dec 19 01:50:26 2025"
Data ranges updated - Y: 5 to 75 Time: "Fri Dec 19 01:35:26 2025" to "Fri Dec 19 01:50:26 2025" Interval: "15 minutes" Auto-update: disabled Range limiting: enabled
drawDataLine: no data available for series "ADOPTED"
Default scatterplot drawn with 3 points
Default scatterplot drawn with 3 points
Default scatterplot drawn with 3 points
Custom time range set to: "Fri Dec 19 01:35:26 2025" to "Fri Dec 19 01:50:26 2025"
Data ranges updated - Y: 5 to 75 Time: "Fri Dec 19 01:35:26 2025" to "Fri Dec 19 01:50:26 2025" Interval: "15 minutes" Auto-update: disabled Range limiting: enabled
drawDataLine: no data available for series "ADOPTED"
Default scatterplot drawn with 3 points
Default scatterplot drawn with 3 points
Default scatterplot drawn with 3 points
Custom time range set to: "Fri Dec 19 01:35:26 2025" to "Fri Dec 19 01:50:26 2025"
Data ranges updated - Y: 5 to 75 Time: "Fri Dec 19 01:35:26 2025" to "Fri Dec 19 01:50:26 2025" Interval: "15 minutes" Auto-update: disabled Range limiting: enabled
drawDataLine: no data available for series "ADOPTED"
Default scatterplot drawn with 3 points
Default scatterplot drawn with 3 points
Default scatterplot drawn with 3 points
Custom time range set to: "Fri Dec 19 01:35:26 2025" to "Fri Dec 19 01:50:26 2025"
GraphLayout: Container time scope changed from "Fri Dec 19 01:35:26 2025" to "Fri Dec 19 01:50:26 2025"
Data ranges updated - Y: 5 to 75 Time: "Fri Dec 19 01:35:26 2025" to "Fri Dec 19 01:50:26 2025" Interval: "15 minutes" Auto-update: disabled Range limiting: enabled
drawDataLine: no data available for series "ADOPTED"
Default scatterplot drawn with 3 points
Default scatterplot drawn with 3 points
Default scatterplot drawn with 3 points
Custom time range set to: "Fri Dec 19 01:35:26 2025" to "Fri Dec 19 01:50:26 2025"
Data ranges updated - Y: 5 to 75 Time: "Fri Dec 19 01:35:26 2025" to "Fri Dec 19 01:50:26 2025" Interval: "15 minutes" Auto-update: disabled Range limiting: enabled
drawDataLine: no data available for series "ADOPTED"
Default scatterplot drawn with 3 points
Default scatterplot drawn with 3 points
Default scatterplot drawn with 3 points
Custom time range set to: "Fri Dec 19 01:35:26 2025" to "Fri Dec 19 01:50:26 2025"
Data ranges updated - Y: 5 to 75 Time: "Fri Dec 19 01:35:26 2025" to "Fri Dec 19 01:50:26 2025" Interval: "15 minutes" Auto-update: disabled Range limiting: enabled
drawDataLine: no data available for series "ADOPTED"
Default scatterplot drawn with 3 points
Default scatterplot drawn with 3 points
Default scatterplot drawn with 3 points
Custom time range set to: "Fri Dec 19 01:35:26 2025" to "Fri Dec 19 01:50:26 2025"
Data ranges updated - Y: 5 to 75 Time: "Fri Dec 19 01:35:26 2025" to "Fri Dec 19 01:50:26 2025" Interval: "15 minutes" Auto-update: disabled Range limiting: enabled
drawDataLine: no data available for series "ADOPTED"
Default scatterplot drawn with 3 points
Default scatterplot drawn with 3 points
Default scatterplot drawn with 3 points
Custom time range set to: "Fri Dec 19 01:35:26 2025" to "Fri Dec 19 01:50:26 2025"
GraphLayout: Container time scope changed from "Fri Dec 19 01:35:26 2025" to "Fri Dec 19 01:50:26 2025"
Data ranges updated - Y: 5 to 75 Time: "Fri Dec 19 01:35:26 2025" to "Fri Dec 19 01:50:26 2025" Interval: "15 minutes" Auto-update: disabled Range limiting: enabled
drawDataLine: no data available for series "ADOPTED"
Default scatterplot drawn with 3 points
Default scatterplot drawn with 3 points
Default scatterplot drawn with 3 points
Custom time range set to: "Fri Dec 19 01:35:26 2025" to "Fri Dec 19 01:50:26 2025"
Data ranges updated - Y: 5 to 75 Time: "Fri Dec 19 01:35:26 2025" to "Fri Dec 19 01:50:26 2025" Interval: "15 minutes" Auto-update: disabled Range limiting: enabled
drawDataLine: no data available for series "ADOPTED"
Default scatterplot drawn with 3 points
Default scatterplot drawn with 3 points
Default scatterplot drawn with 3 points
Custom time range set to: "Fri Dec 19 01:35:26 2025" to "Fri Dec 19 01:50:26 2025"
Data ranges updated - Y: 5 to 75 Time: "Fri Dec 19 01:35:26 2025" to "Fri Dec 19 01:50:26 2025" Interval: "15 minutes" Auto-update: disabled Range limiting: enabled
drawDataLine: no data available for series "ADOPTED"
Default scatterplot drawn with 3 points
Default scatterplot drawn with 3 points
Default scatterplot drawn with 3 points
Custom time range set to: "Fri Dec 19 01:35:26 2025" to "Fri Dec 19 01:50:26 2025"
Data ranges updated - Y: 5 to 75 Time: "Fri Dec 19 01:35:26 2025" to "Fri Dec 19 01:50:26 2025" Interval: "15 minutes" Auto-update: disabled Range limiting: enabled
drawDataLine: no data available for series "ADOPTED"
Default scatterplot drawn with 3 points
Default scatterplot drawn with 3 points
Default scatterplot drawn with 3 points
Custom time range set to: "Fri Dec 19 01:35:26 2025" to "Fri Dec 19 01:50:26 2025"
Data ranges updated - Y: 5 to 75 Time: "Fri Dec 19 01:35:26 2025" to "Fri Dec 19 01:50:26 2025" Interval: "15 minutes" Auto-update: disabled Range limiting: enabled
drawDataLine: no data available for series "ADOPTED"
Default scatterplot drawn with 3 points
Default scatterplot drawn with 3 points
Default scatterplot drawn with 3 points
Custom time range set to: "Fri Dec 19 01:35:26 2025" to "Fri Dec 19 01:50:26 2025"
GraphLayout: Container time scope changed from "Fri Dec 19 01:35:26 2025" to "Fri Dec 19 01:50:26 2025"
Data ranges updated - Y: 5 to 75 Time: "Fri Dec 19 01:35:26 2025" to "Fri Dec 19 01:50:26 2025" Interval: "15 minutes" Auto-update: disabled Range limiting: enabled
drawDataLine: no data available for series "ADOPTED"
Default scatterplot drawn with 3 points
Default scatterplot drawn with 3 points
Default scatterplot drawn with 3 points
Custom time range set to: "Fri Dec 19 01:35:26 2025" to "Fri Dec 19 01:50:26 2025"
Data ranges updated - Y: 5 to 75 Time: "Fri Dec 19 01:35:26 2025" to "Fri Dec 19 01:50:26 2025" Interval: "15 minutes" Auto-update: disabled Range limiting: enabled
drawDataLine: no data available for series "ADOPTED"
Default scatterplot drawn with 3 points
Default scatterplot drawn with 3 points
Default scatterplot drawn with 3 points
Custom time range set to: "Fri Dec 19 01:35:26 2025" to "Fri Dec 19 01:50:26 2025"
Data ranges updated - Y: 5 to 75 Time: "Fri Dec 19 01:35:26 2025" to "Fri Dec 19 01:50:26 2025" Interval: "15 minutes" Auto-update: disabled Range limiting: enabled
drawDataLine: no data available for series "ADOPTED"
Default scatterplot drawn with 3 points
Default scatterplot drawn with 3 points
Default scatterplot drawn with 3 points
Custom time range set to: "Fri Dec 19 01:35:26 2025" to "Fri Dec 19 01:50:26 2025"
GraphLayout: Container time scope changed from "Fri Dec 19 01:35:26 2025" to "Fri Dec 19 01:50:26 2025"
Data ranges updated - Y: 5 to 75 Time: "Fri Dec 19 01:35:26 2025" to "Fri Dec 19 01:50:26 2025" Interval: "15 minutes" Auto-update: disabled Range limiting: enabled
drawDataLine: no data available for series "ADOPTED"
Default scatterplot drawn with 3 points
Default scatterplot drawn with 3 points
Default scatterplot drawn with 3 points
Custom time range set to: "Fri Dec 19 01:35:26 2025" to "Fri Dec 19 01:50:26 2025"
Data ranges updated - Y: 5 to 75 Time: "Fri Dec 19 01:35:26 2025" to "Fri Dec 19 01:50:26 2025" Interval: "15 minutes" Auto-update: disabled Range limiting: enabled
drawDataLine: no data available for series "ADOPTED"
Default scatterplot drawn with 3 points
Default scatterplot drawn with 3 points
Default scatterplot drawn with 3 points
Custom time range set to: "Fri Dec 19 01:35:26 2025" to "Fri Dec 19 01:50:26 2025"
Data ranges updated - Y: 5 to 75 Time: "Fri Dec 19 01:35:26 2025" to "Fri Dec 19 01:50:26 2025" Interval: "15 minutes" Auto-update: disabled Range limiting: enabled
drawDataLine: no data available for series "ADOPTED"
Default scatterplot drawn with 3 points
Default scatterplot drawn with 3 points
Default scatterplot drawn with 3 points
Custom time range set to: "Fri Dec 19 01:35:26 2025" to "Fri Dec 19 01:50:26 2025"
Data ranges updated - Y: 5 to 75 Time: "Fri Dec 19 01:35:26 2025" to "Fri Dec 19 01:50:26 2025" Interval: "15 minutes" Auto-update: disabled Range limiting: enabled
drawDataLine: no data available for series "ADOPTED"
Default scatterplot drawn with 3 points
Default scatterplot drawn with 3 points
Default scatterplot drawn with 3 points
Custom time range set to: "Fri Dec 19 01:35:26 2025" to "Fri Dec 19 01:50:26 2025"
GraphLayout: Container time scope changed from "Fri Dec 19 01:35:26 2025" to "Fri Dec 19 01:50:26 2025"
Data ranges updated - Y: 5 to 75 Time: "Fri Dec 19 01:35:26 2025" to "Fri Dec 19 01:50:26 2025" Interval: "15 minutes" Auto-update: disabled Range limiting: enabled
drawDataLine: no data available for series "ADOPTED"
Default scatterplot drawn with 3 points
Default scatterplot drawn with 3 points
Default scatterplot drawn with 3 points
Custom time range set to: "Fri Dec 19 01:35:26 2025" to "Fri Dec 19 01:50:26 2025"
Data ranges updated - Y: 5 to 75 Time: "Fri Dec 19 01:35:26 2025" to "Fri Dec 19 01:50:26 2025" Interval: "15 minutes" Auto-update: disabled Range limiting: enabled
drawDataLine: no data available for series "ADOPTED"
Default scatterplot drawn with 3 points
Default scatterplot drawn with 3 points
Default scatterplot drawn with 3 points
Custom time range set to: "Fri Dec 19 01:35:26 2025" to "Fri Dec 19 01:50:26 2025"
Data ranges updated - Y: 5 to 75 Time: "Fri Dec 19 01:35:26 2025" to "Fri Dec 19 01:50:26 2025" Interval: "15 minutes" Auto-update: disabled Range limiting: enabled
drawDataLine: no data available for series "ADOPTED"
Default scatterplot drawn with 3 points
Default scatterplot drawn with 3 points
Default scatterplot drawn with 3 points
Custom time range set to: "Fri Dec 19 01:35:26 2025" to "Fri Dec 19 01:50:26 2025"
Simulator::onTimerTick() called
Added data point to "FDW" series "FDW-1" y: 7.33786 time: "Fri Dec 19 01:50:26 2025"
Added data point to "FDW" series "FDW-2" y: 17.3379 time: "Fri Dec 19 01:50:26 2025"
Added data point to "BDW" series "BDW-1" y: -8.82228 time: "Fri Dec 19 01:50:26 2025"
Added data point to "BDW" series "BDW-2" y: 1.17772 time: "Fri Dec 19 01:50:26 2025"
Added data point to "BRW" series "BRW-1" y: 10.031 time: "Fri Dec 19 01:50:26 2025"
Added data point to "BRW" series "BRW-2" y: 20.031 time: "Fri Dec 19 01:50:26 2025"
Added data point to "LTW" series "LTW-1" y: 22.8817 time: "Fri Dec 19 01:50:26 2025"
Added data point to "LTW" series "LTW-2" y: 32.8817 time: "Fri Dec 19 01:50:26 2025"
Added data point to "BTW" series "BTW-1" y: 25.2678 time: "Fri Dec 19 01:50:26 2025"
Data ranges updated - Y: 5 to 75 Time: "Fri Dec 19 01:35:26 2025" to "Fri Dec 19 01:50:26 2025" Interval: "15 minutes" Auto-update: disabled Range limiting: enabled
drawDataLine: no data available for series "ADOPTED"
Default scatterplot drawn with 4 points
Default scatterplot drawn with 3 points
Default scatterplot drawn with 3 points
Custom time range set to: "Fri Dec 19 01:35:26 2025" to "Fri Dec 19 01:50:26 2025"
GraphContainer: Updated time range to show new data - "Fri Dec 19 01:35:26 2025" to "Fri Dec 19 01:50:26 2025"
GraphContainer: Using stored range limit for "BTW" - Min: 5 Max: 75
ZoomPanel: Original range values explicitly set - Left: 5 Center: 40 Right: 75
GraphContainer: Zoom panel limits updated - Min: 5 Center: 40 Max: 75 - User has not customized
Data ranges updated - Y: 5 to 75 Time: "Fri Dec 19 01:35:26 2025" to "Fri Dec 19 01:50:26 2025" Interval: "15 minutes" Auto-update: disabled Range limiting: enabled
drawDataLine: no data available for series "ADOPTED"
Default scatterplot drawn with 4 points
Default scatterplot drawn with 3 points
Default scatterplot drawn with 3 points
GraphContainer: Updated TimeSelectionVisualizer valid range to "01:50:22" to "01:50:26"
Data ranges updated - Y: 5 to 75 Time: "Fri Dec 19 01:35:26 2025" to "Fri Dec 19 01:50:26 2025" Interval: "15 minutes" Auto-update: disabled Range limiting: enabled
drawDataLine: no data available for series "ADOPTED"
Default scatterplot drawn with 4 points
Default scatterplot drawn with 3 points
Default scatterplot drawn with 3 points
Custom time range set to: "Fri Dec 19 01:35:26 2025" to "Fri Dec 19 01:50:26 2025"
GraphContainer: Updated time range to show new data - "Fri Dec 19 01:35:26 2025" to "Fri Dec 19 01:50:26 2025"
GraphContainer: Using stored range limit for "BTW" - Min: 5 Max: 75
ZoomPanel: Original range values explicitly set - Left: 5 Center: 40 Right: 75
GraphContainer: Zoom panel limits updated - Min: 5 Center: 40 Max: 75 - User has not customized
Data ranges updated - Y: 5 to 75 Time: "Fri Dec 19 01:35:26 2025" to "Fri Dec 19 01:50:26 2025" Interval: "15 minutes" Auto-update: disabled Range limiting: enabled
drawDataLine: no data available for series "ADOPTED"
Default scatterplot drawn with 4 points
Default scatterplot drawn with 3 points
Default scatterplot drawn with 3 points
GraphContainer: Updated TimeSelectionVisualizer valid range to "01:50:22" to "01:50:26"
Data ranges updated - Y: 5 to 75 Time: "Fri Dec 19 01:35:26 2025" to "Fri Dec 19 01:50:26 2025" Interval: "15 minutes" Auto-update: disabled Range limiting: enabled
drawDataLine: no data available for series "ADOPTED"
Default scatterplot drawn with 4 points
Default scatterplot drawn with 3 points
Default scatterplot drawn with 3 points
Custom time range set to: "Fri Dec 19 01:35:26 2025" to "Fri Dec 19 01:50:26 2025"
GraphContainer: Updated time range to show new data - "Fri Dec 19 01:35:26 2025" to "Fri Dec 19 01:50:26 2025"
GraphContainer: Using stored range limit for "BTW" - Min: 5 Max: 75
ZoomPanel: Original range values explicitly set - Left: 5 Center: 40 Right: 75
GraphContainer: Zoom panel limits updated - Min: 5 Center: 40 Max: 75 - User has not customized
Data ranges updated - Y: 5 to 75 Time: "Fri Dec 19 01:35:26 2025" to "Fri Dec 19 01:50:26 2025" Interval: "15 minutes" Auto-update: disabled Range limiting: enabled
drawDataLine: no data available for series "ADOPTED"
Default scatterplot drawn with 4 points
Default scatterplot drawn with 3 points
Default scatterplot drawn with 3 points
GraphContainer: Updated TimeSelectionVisualizer valid range to "01:50:22" to "01:50:26"
Data ranges updated - Y: 5 to 75 Time: "Fri Dec 19 01:35:26 2025" to "Fri Dec 19 01:50:26 2025" Interval: "15 minutes" Auto-update: disabled Range limiting: enabled
drawDataLine: no data available for series "ADOPTED"
Default scatterplot drawn with 4 points
Default scatterplot drawn with 3 points
Default scatterplot drawn with 3 points
Custom time range set to: "Fri Dec 19 01:35:26 2025" to "Fri Dec 19 01:50:26 2025"
GraphContainer: Updated time range to show new data - "Fri Dec 19 01:35:26 2025" to "Fri Dec 19 01:50:26 2025"
GraphContainer: Using stored range limit for "BTW" - Min: 5 Max: 75
ZoomPanel: Original range values explicitly set - Left: 5 Center: 40 Right: 75
GraphContainer: Zoom panel limits updated - Min: 5 Center: 40 Max: 75 - User has not customized
Data ranges updated - Y: 5 to 75 Time: "Fri Dec 19 01:35:26 2025" to "Fri Dec 19 01:50:26 2025" Interval: "15 minutes" Auto-update: disabled Range limiting: enabled
drawDataLine: no data available for series "ADOPTED"
Default scatterplot drawn with 4 points
Default scatterplot drawn with 3 points
Default scatterplot drawn with 3 points
GraphContainer: Updated TimeSelectionVisualizer valid range to "01:50:22" to "01:50:26"
Added data point to "BTW" series "BTW-2" y: 35.2678 time: "Fri Dec 19 01:50:26 2025"
GraphContainer: Using stored range limit for "BTW" - Min: 5 Max: 75
ZoomPanel: Original range values explicitly set - Left: 5 Center: 40 Right: 75
GraphContainer: Zoom panel limits updated - Min: 5 Center: 40 Max: 75 - User has not customized
Data ranges updated - Y: 5 to 75 Time: "Fri Dec 19 01:35:26 2025" to "Fri Dec 19 01:50:26 2025" Interval: "15 minutes" Auto-update: disabled Range limiting: enabled
drawDataLine: no data available for series "ADOPTED"
Default scatterplot drawn with 4 points
Default scatterplot drawn with 4 points
Default scatterplot drawn with 3 points
GraphContainer: Updated TimeSelectionVisualizer valid range to "01:50:22" to "01:50:26"
GraphContainer: Using stored range limit for "BTW" - Min: 5 Max: 75
ZoomPanel: Original range values explicitly set - Left: 5 Center: 40 Right: 75
GraphContainer: Zoom panel limits updated - Min: 5 Center: 40 Max: 75 - User has not customized
Data ranges updated - Y: 5 to 75 Time: "Fri Dec 19 01:35:26 2025" to "Fri Dec 19 01:50:26 2025" Interval: "15 minutes" Auto-update: disabled Range limiting: enabled
drawDataLine: no data available for series "ADOPTED"
Default scatterplot drawn with 4 points
Default scatterplot drawn with 4 points
Default scatterplot drawn with 3 points
GraphContainer: Updated TimeSelectionVisualizer valid range to "01:50:22" to "01:50:26"
GraphContainer: Using stored range limit for "BTW" - Min: 5 Max: 75
ZoomPanel: Original range values explicitly set - Left: 5 Center: 40 Right: 75
GraphContainer: Zoom panel limits updated - Min: 5 Center: 40 Max: 75 - User has not customized
Data ranges updated - Y: 5 to 75 Time: "Fri Dec 19 01:35:26 2025" to "Fri Dec 19 01:50:26 2025" Interval: "15 minutes" Auto-update: disabled Range limiting: enabled
drawDataLine: no data available for series "ADOPTED"
Default scatterplot drawn with 4 points
Default scatterplot drawn with 4 points
Default scatterplot drawn with 3 points
GraphContainer: Updated TimeSelectionVisualizer valid range to "01:50:22" to "01:50:26"
GraphContainer: Using stored range limit for "BTW" - Min: 5 Max: 75
ZoomPanel: Original range values explicitly set - Left: 5 Center: 40 Right: 75
GraphContainer: Zoom panel limits updated - Min: 5 Center: 40 Max: 75 - User has not customized
Data ranges updated - Y: 5 to 75 Time: "Fri Dec 19 01:35:26 2025" to "Fri Dec 19 01:50:26 2025" Interval: "15 minutes" Auto-update: disabled Range limiting: enabled
drawDataLine: no data available for series "ADOPTED"
Default scatterplot drawn with 4 points
Default scatterplot drawn with 4 points
Default scatterplot drawn with 3 points
GraphContainer: Updated TimeSelectionVisualizer valid range to "01:50:22" to "01:50:26"
Added data point to "BTW" series "BTW-3" y: 35.2678 time: "Fri Dec 19 01:50:26 2025"
GraphContainer: Using stored range limit for "BTW" - Min: 5 Max: 75
ZoomPanel: Original range values explicitly set - Left: 5 Center: 40 Right: 75
GraphContainer: Zoom panel limits updated - Min: 5 Center: 40 Max: 75 - User has not customized
Data ranges updated - Y: 5 to 75 Time: "Fri Dec 19 01:35:26 2025" to "Fri Dec 19 01:50:26 2025" Interval: "15 minutes" Auto-update: disabled Range limiting: enabled
drawDataLine: no data available for series "ADOPTED"
Default scatterplot drawn with 4 points
Default scatterplot drawn with 4 points
Default scatterplot drawn with 4 points
GraphContainer: Updated TimeSelectionVisualizer valid range to "01:50:22" to "01:50:26"
GraphContainer: Using stored range limit for "BTW" - Min: 5 Max: 75
ZoomPanel: Original range values explicitly set - Left: 5 Center: 40 Right: 75
GraphContainer: Zoom panel limits updated - Min: 5 Center: 40 Max: 75 - User has not customized
Data ranges updated - Y: 5 to 75 Time: "Fri Dec 19 01:35:26 2025" to "Fri Dec 19 01:50:26 2025" Interval: "15 minutes" Auto-update: disabled Range limiting: enabled
drawDataLine: no data available for series "ADOPTED"
Default scatterplot drawn with 4 points
Default scatterplot drawn with 4 points
Default scatterplot drawn with 4 points
GraphContainer: Updated TimeSelectionVisualizer valid range to "01:50:22" to "01:50:26"
GraphContainer: Using stored range limit for "BTW" - Min: 5 Max: 75
ZoomPanel: Original range values explicitly set - Left: 5 Center: 40 Right: 75
GraphContainer: Zoom panel limits updated - Min: 5 Center: 40 Max: 75 - User has not customized
Data ranges updated - Y: 5 to 75 Time: "Fri Dec 19 01:35:26 2025" to "Fri Dec 19 01:50:26 2025" Interval: "15 minutes" Auto-update: disabled Range limiting: enabled
drawDataLine: no data available for series "ADOPTED"
Default scatterplot drawn with 4 points
Default scatterplot drawn with 4 points
Default scatterplot drawn with 4 points
GraphContainer: Updated TimeSelectionVisualizer valid range to "01:50:22" to "01:50:26"
GraphContainer: Using stored range limit for "BTW" - Min: 5 Max: 75
ZoomPanel: Original range values explicitly set - Left: 5 Center: 40 Right: 75
GraphContainer: Zoom panel limits updated - Min: 5 Center: 40 Max: 75 - User has not customized
Data ranges updated - Y: 5 to 75 Time: "Fri Dec 19 01:35:26 2025" to "Fri Dec 19 01:50:26 2025" Interval: "15 minutes" Auto-update: disabled Range limiting: enabled
drawDataLine: no data available for series "ADOPTED"
Default scatterplot drawn with 4 points
Default scatterplot drawn with 4 points
Default scatterplot drawn with 4 points
GraphContainer: Updated TimeSelectionVisualizer valid range to "01:50:22" to "01:50:26"
Added data point to "RTW" series "RTW-1" y: 15.7399 time: "Fri Dec 19 01:50:26 2025"
Added data point to "RTW" series "ADOPTED" y: 25.7399 time: "Fri Dec 19 01:50:26 2025"
Added data point to "FTW" series "FTW-1" y: 20.5388 time: "Fri Dec 19 01:50:26 2025"
Added data point to "FTW" series "FTW-2" y: 30.5388 time: "Fri Dec 19 01:50:26 2025"
Added data points - FDW: 7.33786 BDW: -8.82228 BRW: 10.031 LTW: 22.8817 BTW: 25.2678 RTW: 15.7399 FTW: 20.5388
TimeScopeChanged - Start: "01:35:26" End: "01:50:26" Duration: "00:15:00"
BDW zero axis drawn at x: 0
Custom time range set to: "Fri Dec 19 01:35:27 2025" to "Fri Dec 19 01:50:27 2025"
BDW zero axis drawn at x: 0
Custom time range set to: "Fri Dec 19 01:35:27 2025" to "Fri Dec 19 01:50:27 2025"
GraphContainer: Setting current time to "01:50:27"
Data ranges updated - Y: 5 to 75 Time: "Fri Dec 19 01:35:27 2025" to "Fri Dec 19 01:50:27 2025" Interval: "15 minutes" Auto-update: disabled Range limiting: enabled
drawDataLine: no data available for series "ADOPTED"
Default scatterplot drawn with 4 points
Default scatterplot drawn with 4 points
Default scatterplot drawn with 4 points
Custom time range set to: "Fri Dec 19 01:35:27 2025" to "Fri Dec 19 01:50:27 2025"
Data ranges updated - Y: 5 to 75 Time: "Fri Dec 19 01:35:27 2025" to "Fri Dec 19 01:50:27 2025" Interval: "15 minutes" Auto-update: disabled Range limiting: enabled
drawDataLine: no data available for series "ADOPTED"
Default scatterplot drawn with 4 points
Default scatterplot drawn with 4 points
Default scatterplot drawn with 4 points
Custom time range set to: "Fri Dec 19 01:35:27 2025" to "Fri Dec 19 01:50:27 2025"
GraphLayout: Container time scope changed from "Fri Dec 19 01:35:27 2025" to "Fri Dec 19 01:50:27 2025"
Data ranges updated - Y: 5 to 75 Time: "Fri Dec 19 01:35:27 2025" to "Fri Dec 19 01:50:27 2025" Interval: "15 minutes" Auto-update: disabled Range limiting: enabled
drawDataLine: no data available for series "ADOPTED"
Default scatterplot drawn with 4 points
Default scatterplot drawn with 4 points
Default scatterplot drawn with 4 points
Custom time range set to: "Fri Dec 19 01:35:27 2025" to "Fri Dec 19 01:50:27 2025"
Data ranges updated - Y: 5 to 75 Time: "Fri Dec 19 01:35:27 2025" to "Fri Dec 19 01:50:27 2025" Interval: "15 minutes" Auto-update: disabled Range limiting: enabled
drawDataLine: no data available for series "ADOPTED"
Default scatterplot drawn with 4 points
Default scatterplot drawn with 4 points
Default scatterplot drawn with 4 points
Custom time range set to: "Fri Dec 19 01:35:27 2025" to "Fri Dec 19 01:50:27 2025"
Data ranges updated - Y: 5 to 75 Time: "Fri Dec 19 01:35:27 2025" to "Fri Dec 19 01:50:27 2025" Interval: "15 minutes" Auto-update: disabled Range limiting: enabled
drawDataLine: no data available for series "ADOPTED"
Default scatterplot drawn with 4 points
Default scatterplot drawn with 4 points
Default scatterplot drawn with 4 points
Custom time range set to: "Fri Dec 19 01:35:27 2025" to "Fri Dec 19 01:50:27 2025"
GraphLayout: Container time scope changed from "Fri Dec 19 01:35:27 2025" to "Fri Dec 19 01:50:27 2025"
Data ranges updated - Y: 5 to 75 Time: "Fri Dec 19 01:35:27 2025" to "Fri Dec 19 01:50:27 2025" Interval: "15 minutes" Auto-update: disabled Range limiting: enabled
drawDataLine: no data available for series "ADOPTED"
Default scatterplot drawn with 4 points
Default scatterplot drawn with 4 points
Default scatterplot drawn with 4 points
Custom time range set to: "Fri Dec 19 01:35:27 2025" to "Fri Dec 19 01:50:27 2025"
Data ranges updated - Y: 5 to 75 Time: "Fri Dec 19 01:35:27 2025" to "Fri Dec 19 01:50:27 2025" Interval: "15 minutes" Auto-update: disabled Range limiting: enabled
drawDataLine: no data available for series "ADOPTED"
Default scatterplot drawn with 4 points
Default scatterplot drawn with 4 points
Default scatterplot drawn with 4 points
Custom time range set to: "Fri Dec 19 01:35:27 2025" to "Fri Dec 19 01:50:27 2025"
Data ranges updated - Y: 5 to 75 Time: "Fri Dec 19 01:35:27 2025" to "Fri Dec 19 01:50:27 2025" Interval: "15 minutes" Auto-update: disabled Range limiting: enabled
drawDataLine: no data available for series "ADOPTED"
Default scatterplot drawn with 4 points
Default scatterplot drawn with 4 points
Default scatterplot drawn with 4 points
Custom time range set to: "Fri Dec 19 01:35:27 2025" to "Fri Dec 19 01:50:27 2025"
GraphContainer: Setting current time to "01:50:27"
Data ranges updated - Y: 5 to 75 Time: "Fri Dec 19 01:35:27 2025" to "Fri Dec 19 01:50:27 2025" Interval: "15 minutes" Auto-update: disabled Range limiting: enabled
drawDataLine: no data available for series "ADOPTED"
Default scatterplot drawn with 4 points
Default scatterplot drawn with 4 points
Default scatterplot drawn with 4 points
Custom time range set to: "Fri Dec 19 01:35:27 2025" to "Fri Dec 19 01:50:27 2025"
GraphLayout: Container time scope changed from "Fri Dec 19 01:35:27 2025" to "Fri Dec 19 01:50:27 2025"
Data ranges updated - Y: 5 to 75 Time: "Fri Dec 19 01:35:27 2025" to "Fri Dec 19 01:50:27 2025" Interval: "15 minutes" Auto-update: disabled Range limiting: enabled
drawDataLine: no data available for series "ADOPTED"
Default scatterplot drawn with 4 points
Default scatterplot drawn with 4 points
Default scatterplot drawn with 4 points
Custom time range set to: "Fri Dec 19 01:35:27 2025" to "Fri Dec 19 01:50:27 2025"
Data ranges updated - Y: 5 to 75 Time: "Fri Dec 19 01:35:27 2025" to "Fri Dec 19 01:50:27 2025" Interval: "15 minutes" Auto-update: disabled Range limiting: enabled
drawDataLine: no data available for series "ADOPTED"
Default scatterplot drawn with 4 points
Default scatterplot drawn with 4 points
Default scatterplot drawn with 4 points
Custom time range set to: "Fri Dec 19 01:35:27 2025" to "Fri Dec 19 01:50:27 2025"
Data ranges updated - Y: 5 to 75 Time: "Fri Dec 19 01:35:27 2025" to "Fri Dec 19 01:50:27 2025" Interval: "15 minutes" Auto-update: disabled Range limiting: enabled
drawDataLine: no data available for series "ADOPTED"
Default scatterplot drawn with 4 points
Default scatterplot drawn with 4 points
Default scatterplot drawn with 4 points
Custom time range set to: "Fri Dec 19 01:35:27 2025" to "Fri Dec 19 01:50:27 2025"
GraphContainer: Setting current time to "01:50:27"
Data ranges updated - Y: 5 to 75 Time: "Fri Dec 19 01:35:27 2025" to "Fri Dec 19 01:50:27 2025" Interval: "15 minutes" Auto-update: disabled Range limiting: enabled
drawDataLine: no data available for series "ADOPTED"
Default scatterplot drawn with 4 points
Default scatterplot drawn with 4 points
Default scatterplot drawn with 4 points
Custom time range set to: "Fri Dec 19 01:35:27 2025" to "Fri Dec 19 01:50:27 2025"
Data ranges updated - Y: 5 to 75 Time: "Fri Dec 19 01:35:27 2025" to "Fri Dec 19 01:50:27 2025" Interval: "15 minutes" Auto-update: disabled Range limiting: enabled
drawDataLine: no data available for series "ADOPTED"
Default scatterplot drawn with 4 points
Default scatterplot drawn with 4 points
Default scatterplot drawn with 4 points
Custom time range set to: "Fri Dec 19 01:35:27 2025" to "Fri Dec 19 01:50:27 2025"
GraphLayout: Container time scope changed from "Fri Dec 19 01:35:27 2025" to "Fri Dec 19 01:50:27 2025"
Data ranges updated - Y: 5 to 75 Time: "Fri Dec 19 01:35:27 2025" to "Fri Dec 19 01:50:27 2025" Interval: "15 minutes" Auto-update: disabled Range limiting: enabled
drawDataLine: no data available for series "ADOPTED"
Default scatterplot drawn with 4 points
Default scatterplot drawn with 4 points
Default scatterplot drawn with 4 points
Custom time range set to: "Fri Dec 19 01:35:27 2025" to "Fri Dec 19 01:50:27 2025"
Data ranges updated - Y: 5 to 75 Time: "Fri Dec 19 01:35:27 2025" to "Fri Dec 19 01:50:27 2025" Interval: "15 minutes" Auto-update: disabled Range limiting: enabled
drawDataLine: no data available for series "ADOPTED"
Default scatterplot drawn with 4 points
Default scatterplot drawn with 4 points
Default scatterplot drawn with 4 points
Custom time range set to: "Fri Dec 19 01:35:27 2025" to "Fri Dec 19 01:50:27 2025"
Data ranges updated - Y: 5 to 75 Time: "Fri Dec 19 01:35:27 2025" to "Fri Dec 19 01:50:27 2025" Interval: "15 minutes" Auto-update: disabled Range limiting: enabled
drawDataLine: no data available for series "ADOPTED"
Default scatterplot drawn with 4 points
Default scatterplot drawn with 4 points
Default scatterplot drawn with 4 points
Custom time range set to: "Fri Dec 19 01:35:27 2025" to "Fri Dec 19 01:50:27 2025"
GraphLayout: Container time scope changed from "Fri Dec 19 01:35:27 2025" to "Fri Dec 19 01:50:27 2025"
Data ranges updated - Y: 5 to 75 Time: "Fri Dec 19 01:35:27 2025" to "Fri Dec 19 01:50:27 2025" Interval: "15 minutes" Auto-update: disabled Range limiting: enabled
drawDataLine: no data available for series "ADOPTED"
Default scatterplot drawn with 4 points
Default scatterplot drawn with 4 points
Default scatterplot drawn with 4 points
Custom time range set to: "Fri Dec 19 01:35:27 2025" to "Fri Dec 19 01:50:27 2025"
Data ranges updated - Y: 5 to 75 Time: "Fri Dec 19 01:35:27 2025" to "Fri Dec 19 01:50:27 2025" Interval: "15 minutes" Auto-update: disabled Range limiting: enabled
drawDataLine: no data available for series "ADOPTED"
Default scatterplot drawn with 4 points
Default scatterplot drawn with 4 points
Default scatterplot drawn with 4 points
Custom time range set to: "Fri Dec 19 01:35:27 2025" to "Fri Dec 19 01:50:27 2025"
Data ranges updated - Y: 5 to 75 Time: "Fri Dec 19 01:35:27 2025" to "Fri Dec 19 01:50:27 2025" Interval: "15 minutes" Auto-update: disabled Range limiting: enabled
drawDataLine: no data available for series "ADOPTED"
Default scatterplot drawn with 4 points
Default scatterplot drawn with 4 points
Default scatterplot drawn with 4 points
Custom time range set to: "Fri Dec 19 01:35:27 2025" to "Fri Dec 19 01:50:27 2025"
GraphContainer: Setting current time to "01:50:27"
Data ranges updated - Y: 5 to 75 Time: "Fri Dec 19 01:35:27 2025" to "Fri Dec 19 01:50:27 2025" Interval: "15 minutes" Auto-update: disabled Range limiting: enabled
drawDataLine: no data available for series "ADOPTED"
Default scatterplot drawn with 4 points
Default scatterplot drawn with 4 points
Default scatterplot drawn with 4 points
Custom time range set to: "Fri Dec 19 01:35:27 2025" to "Fri Dec 19 01:50:27 2025"
GraphLayout: Container time scope changed from "Fri Dec 19 01:35:27 2025" to "Fri Dec 19 01:50:27 2025"
Data ranges updated - Y: 5 to 75 Time: "Fri Dec 19 01:35:27 2025" to "Fri Dec 19 01:50:27 2025" Interval: "15 minutes" Auto-update: disabled Range limiting: enabled
drawDataLine: no data available for series "ADOPTED"
Default scatterplot drawn with 4 points
Default scatterplot drawn with 4 points
Default scatterplot drawn with 4 points
Custom time range set to: "Fri Dec 19 01:35:27 2025" to "Fri Dec 19 01:50:27 2025"
Data ranges updated - Y: 5 to 75 Time: "Fri Dec 19 01:35:27 2025" to "Fri Dec 19 01:50:27 2025" Interval: "15 minutes" Auto-update: disabled Range limiting: enabled
drawDataLine: no data available for series "ADOPTED"
Default scatterplot drawn with 4 points
Default scatterplot drawn with 4 points
Default scatterplot drawn with 4 points
Custom time range set to: "Fri Dec 19 01:35:27 2025" to "Fri Dec 19 01:50:27 2025"
Data ranges updated - Y: 5 to 75 Time: "Fri Dec 19 01:35:27 2025" to "Fri Dec 19 01:50:27 2025" Interval: "15 minutes" Auto-update: disabled Range limiting: enabled
drawDataLine: no data available for series "ADOPTED"
Default scatterplot drawn with 4 points
Default scatterplot drawn with 4 points
Default scatterplot drawn with 4 points
Custom time range set to: "Fri Dec 19 01:35:27 2025" to "Fri Dec 19 01:50:27 2025"
GraphContainer: Set chevron label 1 to: "Start"
GraphContainer: Set chevron label 1 to: "Start"
GraphContainer: Set chevron label 1 to: "Start"
GraphContainer: Set chevron label 1 to: "Start"
GraphLayout: Set chevron label 1 to: "Start" for all visible containers
GraphContainer: Set chevron label 2 to: "Now"
GraphContainer: Set chevron label 2 to: "Now"
GraphContainer: Set chevron label 2 to: "Now"
GraphContainer: Set chevron label 2 to: "Now"
GraphLayout: Set chevron label 2 to: "Now" for all visible containers
GraphContainer: Set chevron label 3 to: "End"
GraphContainer: Set chevron label 3 to: "End"
GraphContainer: Set chevron label 3 to: "End"
GraphContainer: Set chevron label 3 to: "End"
GraphLayout: Set chevron label 3 to: "End" for all visible containers
Data ranges updated - Y: 5 to 75 Time: "Fri Dec 19 01:35:27 2025" to "Fri Dec 19 01:50:27 2025" Interval: "15 minutes" Auto-update: disabled Range limiting: enabled
drawDataLine: no data available for series "ADOPTED"
Default scatterplot drawn with 4 points
Default scatterplot drawn with 4 points
Default scatterplot drawn with 4 points
Custom time range set to: "Fri Dec 19 01:35:27 2025" to "Fri Dec 19 01:50:27 2025"
Data ranges updated - Y: 5 to 75 Time: "Fri Dec 19 01:35:27 2025" to "Fri Dec 19 01:50:27 2025" Interval: "15 minutes" Auto-update: disabled Range limiting: enabled
drawDataLine: no data available for series "ADOPTED"
Default scatterplot drawn with 4 points
Default scatterplot drawn with 4 points
Default scatterplot drawn with 4 points
Custom time range set to: "Fri Dec 19 01:35:27 2025" to "Fri Dec 19 01:50:27 2025"
GraphLayout: Container time scope changed from "Fri Dec 19 01:35:27 2025" to "Fri Dec 19 01:50:27 2025"
Data ranges updated - Y: 5 to 75 Time: "Fri Dec 19 01:35:27 2025" to "Fri Dec 19 01:50:27 2025" Interval: "15 minutes" Auto-update: disabled Range limiting: enabled
drawDataLine: no data available for series "ADOPTED"
Default scatterplot drawn with 4 points
Default scatterplot drawn with 4 points
Default scatterplot drawn with 4 points
Custom time range set to: "Fri Dec 19 01:35:27 2025" to "Fri Dec 19 01:50:27 2025"
Data ranges updated - Y: 5 to 75 Time: "Fri Dec 19 01:35:27 2025" to "Fri Dec 19 01:50:27 2025" Interval: "15 minutes" Auto-update: disabled Range limiting: enabled
drawDataLine: no data available for series "ADOPTED"
Default scatterplot drawn with 4 points
Default scatterplot drawn with 4 points
Default scatterplot drawn with 4 points
Custom time range set to: "Fri Dec 19 01:35:27 2025" to "Fri Dec 19 01:50:27 2025"
Data ranges updated - Y: 5 to 75 Time: "Fri Dec 19 01:35:27 2025" to "Fri Dec 19 01:50:27 2025" Interval: "15 minutes" Auto-update: disabled Range limiting: enabled
drawDataLine: no data available for series "ADOPTED"
Default scatterplot drawn with 4 points
Default scatterplot drawn with 4 points
Default scatterplot drawn with 4 points
Custom time range set to: "Fri Dec 19 01:35:27 2025" to "Fri Dec 19 01:50:27 2025"
GraphLayout: Container time scope changed from "Fri Dec 19 01:35:27 2025" to "Fri Dec 19 01:50:27 2025"
Data ranges updated - Y: 5 to 75 Time: "Fri Dec 19 01:35:27 2025" to "Fri Dec 19 01:50:27 2025" Interval: "15 minutes" Auto-update: disabled Range limiting: enabled
drawDataLine: no data available for series "ADOPTED"
Default scatterplot drawn with 4 points
Default scatterplot drawn with 4 points
Default scatterplot drawn with 4 points
Custom time range set to: "Fri Dec 19 01:35:27 2025" to "Fri Dec 19 01:50:27 2025"
Data ranges updated - Y: 5 to 75 Time: "Fri Dec 19 01:35:27 2025" to "Fri Dec 19 01:50:27 2025" Interval: "15 minutes" Auto-update: disabled Range limiting: enabled
drawDataLine: no data available for series "ADOPTED"
Default scatterplot drawn with 4 points
Default scatterplot drawn with 4 points
Default scatterplot drawn with 4 points
Custom time range set to: "Fri Dec 19 01:35:27 2025" to "Fri Dec 19 01:50:27 2025"
Data ranges updated - Y: 5 to 75 Time: "Fri Dec 19 01:35:27 2025" to "Fri Dec 19 01:50:27 2025" Interval: "15 minutes" Auto-update: disabled Range limiting: enabled
drawDataLine: no data available for series "ADOPTED"
Default scatterplot drawn with 4 points
Default scatterplot drawn with 4 points
Default scatterplot drawn with 4 points
Custom time range set to: "Fri Dec 19 01:35:27 2025" to "Fri Dec 19 01:50:27 2025"
Data ranges updated - Y: 5 to 75 Time: "Fri Dec 19 01:35:27 2025" to "Fri Dec 19 01:50:27 2025" Interval: "15 minutes" Auto-update: disabled Range limiting: enabled
drawDataLine: no data available for series "ADOPTED"
Default scatterplot drawn with 4 points
Default scatterplot drawn with 4 points
Default scatterplot drawn with 4 points
Custom time range set to: "Fri Dec 19 01:35:27 2025" to "Fri Dec 19 01:50:27 2025"
GraphLayout: Container time scope changed from "Fri Dec 19 01:35:27 2025" to "Fri Dec 19 01:50:27 2025"
Data ranges updated - Y: 5 to 75 Time: "Fri Dec 19 01:35:27 2025" to "Fri Dec 19 01:50:27 2025" Interval: "15 minutes" Auto-update: disabled Range limiting: enabled
drawDataLine: no data available for series "ADOPTED"
Default scatterplot drawn with 4 points
Default scatterplot drawn with 4 points
Default scatterplot drawn with 4 points
Custom time range set to: "Fri Dec 19 01:35:27 2025" to "Fri Dec 19 01:50:27 2025"
Data ranges updated - Y: 5 to 75 Time: "Fri Dec 19 01:35:27 2025" to "Fri Dec 19 01:50:27 2025" Interval: "15 minutes" Auto-update: disabled Range limiting: enabled
drawDataLine: no data available for series "ADOPTED"
Default scatterplot drawn with 4 points
Default scatterplot drawn with 4 points
Default scatterplot drawn with 4 points
Custom time range set to: "Fri Dec 19 01:35:27 2025" to "Fri Dec 19 01:50:27 2025"
Data ranges updated - Y: 5 to 75 Time: "Fri Dec 19 01:35:27 2025" to "Fri Dec 19 01:50:27 2025" Interval: "15 minutes" Auto-update: disabled Range limiting: enabled
drawDataLine: no data available for series "ADOPTED"
Default scatterplot drawn with 4 points
Default scatterplot drawn with 4 points
Default scatterplot drawn with 4 points
Custom time range set to: "Fri Dec 19 01:35:27 2025" to "Fri Dec 19 01:50:27 2025"
Data ranges updated - Y: 5 to 75 Time: "Fri Dec 19 01:35:27 2025" to "Fri Dec 19 01:50:27 2025" Interval: "15 minutes" Auto-update: disabled Range limiting: enabled
drawDataLine: no data available for series "ADOPTED"
Default scatterplot drawn with 4 points
Default scatterplot drawn with 4 points
Default scatterplot drawn with 4 points
Custom time range set to: "Fri Dec 19 01:35:27 2025" to "Fri Dec 19 01:50:27 2025"
Data ranges updated - Y: 5 to 75 Time: "Fri Dec 19 01:35:27 2025" to "Fri Dec 19 01:50:27 2025" Interval: "15 minutes" Auto-update: disabled Range limiting: enabled
drawDataLine: no data available for series "ADOPTED"
Default scatterplot drawn with 4 points
Default scatterplot drawn with 4 points
Default scatterplot drawn with 4 points
Custom time range set to: "Fri Dec 19 01:35:27 2025" to "Fri Dec 19 01:50:27 2025"
GraphLayout: Container time scope changed from "Fri Dec 19 01:35:27 2025" to "Fri Dec 19 01:50:27 2025"
Data ranges updated - Y: 5 to 75 Time: "Fri Dec 19 01:35:27 2025" to "Fri Dec 19 01:50:27 2025" Interval: "15 minutes" Auto-update: disabled Range limiting: enabled
drawDataLine: no data available for series "ADOPTED"
Default scatterplot drawn with 4 points
Default scatterplot drawn with 4 points
Default scatterplot drawn with 4 points
Custom time range set to: "Fri Dec 19 01:35:27 2025" to "Fri Dec 19 01:50:27 2025"
Data ranges updated - Y: 5 to 75 Time: "Fri Dec 19 01:35:27 2025" to "Fri Dec 19 01:50:27 2025" Interval: "15 minutes" Auto-update: disabled Range limiting: enabled
drawDataLine: no data available for series "ADOPTED"
Default scatterplot drawn with 4 points
Default scatterplot drawn with 4 points
Default scatterplot drawn with 4 points
Custom time range set to: "Fri Dec 19 01:35:27 2025" to "Fri Dec 19 01:50:27 2025"
Data ranges updated - Y: 5 to 75 Time: "Fri Dec 19 01:35:27 2025" to "Fri Dec 19 01:50:27 2025" Interval: "15 minutes" Auto-update: disabled Range limiting: enabled
drawDataLine: no data available for series "ADOPTED"
Default scatterplot drawn with 4 points
Default scatterplot drawn with 4 points
Default scatterplot drawn with 4 points
Custom time range set to: "Fri Dec 19 01:35:27 2025" to "Fri Dec 19 01:50:27 2025"
GraphLayout: Container time scope changed from "Fri Dec 19 01:35:27 2025" to "Fri Dec 19 01:50:27 2025"
Data ranges updated - Y: 5 to 75 Time: "Fri Dec 19 01:35:27 2025" to "Fri Dec 19 01:50:27 2025" Interval: "15 minutes" Auto-update: disabled Range limiting: enabled
drawDataLine: no data available for series "ADOPTED"
Default scatterplot drawn with 4 points
Default scatterplot drawn with 4 points
Default scatterplot drawn with 4 points
Custom time range set to: "Fri Dec 19 01:35:27 2025" to "Fri Dec 19 01:50:27 2025"
Data ranges updated - Y: 5 to 75 Time: "Fri Dec 19 01:35:27 2025" to "Fri Dec 19 01:50:27 2025" Interval: "15 minutes" Auto-update: disabled Range limiting: enabled
drawDataLine: no data available for series "ADOPTED"
Default scatterplot drawn with 4 points
Default scatterplot drawn with 4 points
Default scatterplot drawn with 4 points
Custom time range set to: "Fri Dec 19 01:35:27 2025" to "Fri Dec 19 01:50:27 2025"
Data ranges updated - Y: 5 to 75 Time: "Fri Dec 19 01:35:27 2025" to "Fri Dec 19 01:50:27 2025" Interval: "15 minutes" Auto-update: disabled Range limiting: enabled
drawDataLine: no data available for series "ADOPTED"
Default scatterplot drawn with 4 points
Default scatterplot drawn with 4 points
Default scatterplot drawn with 4 points
Custom time range set to: "Fri Dec 19 01:35:27 2025" to "Fri Dec 19 01:50:27 2025"
Data ranges updated - Y: 5 to 75 Time: "Fri Dec 19 01:35:27 2025" to "Fri Dec 19 01:50:27 2025" Interval: "15 minutes" Auto-update: disabled Range limiting: enabled
drawDataLine: no data available for series "ADOPTED"
Default scatterplot drawn with 4 points
Default scatterplot drawn with 4 points
Default scatterplot drawn with 4 points
Custom time range set to: "Fri Dec 19 01:35:27 2025" to "Fri Dec 19 01:50:27 2025"
GraphLayout: Container time scope changed from "Fri Dec 19 01:35:27 2025" to "Fri Dec 19 01:50:27 2025"
Data ranges updated - Y: 5 to 75 Time: "Fri Dec 19 01:35:27 2025" to "Fri Dec 19 01:50:27 2025" Interval: "15 minutes" Auto-update: disabled Range limiting: enabled
drawDataLine: no data available for series "ADOPTED"
Default scatterplot drawn with 4 points
Default scatterplot drawn with 4 points
Default scatterplot drawn with 4 points
Custom time range set to: "Fri Dec 19 01:35:27 2025" to "Fri Dec 19 01:50:27 2025"
Data ranges updated - Y: 5 to 75 Time: "Fri Dec 19 01:35:27 2025" to "Fri Dec 19 01:50:27 2025" Interval: "15 minutes" Auto-update: disabled Range limiting: enabled
drawDataLine: no data available for series "ADOPTED"
Default scatterplot drawn with 4 points
Default scatterplot drawn with 4 points
Default scatterplot drawn with 4 points
Custom time range set to: "Fri Dec 19 01:35:27 2025" to "Fri Dec 19 01:50:27 2025"
Data ranges updated - Y: 5 to 75 Time: "Fri Dec 19 01:35:27 2025" to "Fri Dec 19 01:50:27 2025" Interval: "15 minutes" Auto-update: disabled Range limiting: enabled
drawDataLine: no data available for series "ADOPTED"
Default scatterplot drawn with 4 points
Default scatterplot drawn with 4 points
Default scatterplot drawn with 4 points
Custom time range set to: "Fri Dec 19 01:35:27 2025" to "Fri Dec 19 01:50:27 2025"
Simulator::onTimerTick() called
Added data point to "FDW" series "FDW-1" y: 7.71889 time: "Fri Dec 19 01:50:27 2025"
Added data point to "FDW" series "FDW-2" y: 17.7189 time: "Fri Dec 19 01:50:27 2025"
Added data point to "BDW" series "BDW-1" y: -11.7811 time: "Fri Dec 19 01:50:27 2025"
Added data point to "BDW" series "BDW-2" y: -1.78106 time: "Fri Dec 19 01:50:27 2025"
Added data point to "BRW" series "BRW-1" y: 6.96636 time: "Fri Dec 19 01:50:27 2025"
Added data point to "BRW" series "BRW-2" y: 16.9664 time: "Fri Dec 19 01:50:27 2025"
Added data point to "LTW" series "LTW-1" y: 23.4087 time: "Fri Dec 19 01:50:27 2025"
Added data point to "LTW" series "LTW-2" y: 33.4087 time: "Fri Dec 19 01:50:27 2025"
Added data point to "BTW" series "BTW-1" y: 23.4703 time: "Fri Dec 19 01:50:27 2025"
Data ranges updated - Y: 5 to 75 Time: "Fri Dec 19 01:35:27 2025" to "Fri Dec 19 01:50:27 2025" Interval: "15 minutes" Auto-update: disabled Range limiting: enabled
drawDataLine: no data available for series "ADOPTED"
Default scatterplot drawn with 5 points
Default scatterplot drawn with 4 points
Default scatterplot drawn with 4 points
Custom time range set to: "Fri Dec 19 01:35:27 2025" to "Fri Dec 19 01:50:27 2025"
GraphContainer: Updated time range to show new data - "Fri Dec 19 01:35:27 2025" to "Fri Dec 19 01:50:27 2025"
GraphContainer: Using stored range limit for "BTW" - Min: 5 Max: 75
ZoomPanel: Original range values explicitly set - Left: 5 Center: 40 Right: 75
GraphContainer: Zoom panel limits updated - Min: 5 Center: 40 Max: 75 - User has not customized
Data ranges updated - Y: 5 to 75 Time: "Fri Dec 19 01:35:27 2025" to "Fri Dec 19 01:50:27 2025" Interval: "15 minutes" Auto-update: disabled Range limiting: enabled
drawDataLine: no data available for series "ADOPTED"
Default scatterplot drawn with 5 points
Default scatterplot drawn with 4 points
Default scatterplot drawn with 4 points
GraphContainer: Updated TimeSelectionVisualizer valid range to "01:50:22" to "01:50:27"
Data ranges updated - Y: 5 to 75 Time: "Fri Dec 19 01:35:27 2025" to "Fri Dec 19 01:50:27 2025" Interval: "15 minutes" Auto-update: disabled Range limiting: enabled
drawDataLine: no data available for series "ADOPTED"
Default scatterplot drawn with 5 points
Default scatterplot drawn with 4 points
Default scatterplot drawn with 4 points
Custom time range set to: "Fri Dec 19 01:35:27 2025" to "Fri Dec 19 01:50:27 2025"
GraphContainer: Updated time range to show new data - "Fri Dec 19 01:35:27 2025" to "Fri Dec 19 01:50:27 2025"
GraphContainer: Using stored range limit for "BTW" - Min: 5 Max: 75
ZoomPanel: Original range values explicitly set - Left: 5 Center: 40 Right: 75
GraphContainer: Zoom panel limits updated - Min: 5 Center: 40 Max: 75 - User has not customized
Data ranges updated - Y: 5 to 75 Time: "Fri Dec 19 01:35:27 2025" to "Fri Dec 19 01:50:27 2025" Interval: "15 minutes" Auto-update: disabled Range limiting: enabled
drawDataLine: no data available for series "ADOPTED"
Default scatterplot drawn with 5 points
Default scatterplot drawn with 4 points
Default scatterplot drawn with 4 points
GraphContainer: Updated TimeSelectionVisualizer valid range to "01:50:22" to "01:50:27"
Data ranges updated - Y: 5 to 75 Time: "Fri Dec 19 01:35:27 2025" to "Fri Dec 19 01:50:27 2025" Interval: "15 minutes" Auto-update: disabled Range limiting: enabled
drawDataLine: no data available for series "ADOPTED"
Default scatterplot drawn with 5 points
Default scatterplot drawn with 4 points
Default scatterplot drawn with 4 points
Custom time range set to: "Fri Dec 19 01:35:27 2025" to "Fri Dec 19 01:50:27 2025"
GraphContainer: Updated time range to show new data - "Fri Dec 19 01:35:27 2025" to "Fri Dec 19 01:50:27 2025"
GraphContainer: Using stored range limit for "BTW" - Min: 5 Max: 75
ZoomPanel: Original range values explicitly set - Left: 5 Center: 40 Right: 75
GraphContainer: Zoom panel limits updated - Min: 5 Center: 40 Max: 75 - User has not customized
Data ranges updated - Y: 5 to 75 Time: "Fri Dec 19 01:35:27 2025" to "Fri Dec 19 01:50:27 2025" Interval: "15 minutes" Auto-update: disabled Range limiting: enabled
drawDataLine: no data available for series "ADOPTED"
Default scatterplot drawn with 5 points
Default scatterplot drawn with 4 points
Default scatterplot drawn with 4 points
GraphContainer: Updated TimeSelectionVisualizer valid range to "01:50:22" to "01:50:27"
Data ranges updated - Y: 5 to 75 Time: "Fri Dec 19 01:35:27 2025" to "Fri Dec 19 01:50:27 2025" Interval: "15 minutes" Auto-update: disabled Range limiting: enabled
drawDataLine: no data available for series "ADOPTED"
Default scatterplot drawn with 5 points
Default scatterplot drawn with 4 points
Default scatterplot drawn with 4 points
Custom time range set to: "Fri Dec 19 01:35:27 2025" to "Fri Dec 19 01:50:27 2025"
GraphContainer: Updated time range to show new data - "Fri Dec 19 01:35:27 2025" to "Fri Dec 19 01:50:27 2025"
GraphContainer: Using stored range limit for "BTW" - Min: 5 Max: 75
ZoomPanel: Original range values explicitly set - Left: 5 Center: 40 Right: 75
GraphContainer: Zoom panel limits updated - Min: 5 Center: 40 Max: 75 - User has not customized
Data ranges updated - Y: 5 to 75 Time: "Fri Dec 19 01:35:27 2025" to "Fri Dec 19 01:50:27 2025" Interval: "15 minutes" Auto-update: disabled Range limiting: enabled
drawDataLine: no data available for series "ADOPTED"
Default scatterplot drawn with 5 points
Default scatterplot drawn with 4 points
Default scatterplot drawn with 4 points
GraphContainer: Updated TimeSelectionVisualizer valid range to "01:50:22" to "01:50:27"
Added data point to "BTW" series "BTW-2" y: 33.4703 time: "Fri Dec 19 01:50:27 2025"
GraphContainer: Using stored range limit for "BTW" - Min: 5 Max: 75
ZoomPanel: Original range values explicitly set - Left: 5 Center: 40 Right: 75
GraphContainer: Zoom panel limits updated - Min: 5 Center: 40 Max: 75 - User has not customized
Data ranges updated - Y: 5 to 75 Time: "Fri Dec 19 01:35:27 2025" to "Fri Dec 19 01:50:27 2025" Interval: "15 minutes" Auto-update: disabled Range limiting: enabled
drawDataLine: no data available for series "ADOPTED"
Default scatterplot drawn with 5 points
Default scatterplot drawn with 5 points
Default scatterplot drawn with 4 points
GraphContainer: Updated TimeSelectionVisualizer valid range to "01:50:22" to "01:50:27"
GraphContainer: Using stored range limit for "BTW" - Min: 5 Max: 75
ZoomPanel: Original range values explicitly set - Left: 5 Center: 40 Right: 75
GraphContainer: Zoom panel limits updated - Min: 5 Center: 40 Max: 75 - User has not customized
Data ranges updated - Y: 5 to 75 Time: "Fri Dec 19 01:35:27 2025" to "Fri Dec 19 01:50:27 2025" Interval: "15 minutes" Auto-update: disabled Range limiting: enabled
drawDataLine: no data available for series "ADOPTED"
Default scatterplot drawn with 5 points
Default scatterplot drawn with 5 points
Default scatterplot drawn with 4 points
GraphContainer: Updated TimeSelectionVisualizer valid range to "01:50:22" to "01:50:27"
GraphContainer: Using stored range limit for "BTW" - Min: 5 Max: 75
ZoomPanel: Original range values explicitly set - Left: 5 Center: 40 Right: 75
GraphContainer: Zoom panel limits updated - Min: 5 Center: 40 Max: 75 - User has not customized
Data ranges updated - Y: 5 to 75 Time: "Fri Dec 19 01:35:27 2025" to "Fri Dec 19 01:50:27 2025" Interval: "15 minutes" Auto-update: disabled Range limiting: enabled
drawDataLine: no data available for series "ADOPTED"
Default scatterplot drawn with 5 points
Default scatterplot drawn with 5 points
Default scatterplot drawn with 4 points
GraphContainer: Updated TimeSelectionVisualizer valid range to "01:50:22" to "01:50:27"
GraphContainer: Using stored range limit for "BTW" - Min: 5 Max: 75
ZoomPanel: Original range values explicitly set - Left: 5 Center: 40 Right: 75
GraphContainer: Zoom panel limits updated - Min: 5 Center: 40 Max: 75 - User has not customized
Data ranges updated - Y: 5 to 75 Time: "Fri Dec 19 01:35:27 2025" to "Fri Dec 19 01:50:27 2025" Interval: "15 minutes" Auto-update: disabled Range limiting: enabled
drawDataLine: no data available for series "ADOPTED"
Default scatterplot drawn with 5 points
Default scatterplot drawn with 5 points
Default scatterplot drawn with 4 points
GraphContainer: Updated TimeSelectionVisualizer valid range to "01:50:22" to "01:50:27"
Added data point to "BTW" series "BTW-3" y: 33.4703 time: "Fri Dec 19 01:50:27 2025"
GraphContainer: Using stored range limit for "BTW" - Min: 5 Max: 75
ZoomPanel: Original range values explicitly set - Left: 5 Center: 40 Right: 75
GraphContainer: Zoom panel limits updated - Min: 5 Center: 40 Max: 75 - User has not customized
Data ranges updated - Y: 5 to 75 Time: "Fri Dec 19 01:35:27 2025" to "Fri Dec 19 01:50:27 2025" Interval: "15 minutes" Auto-update: disabled Range limiting: enabled
drawDataLine: no data available for series "ADOPTED"
Default scatterplot drawn with 5 points
Default scatterplot drawn with 5 points
Default scatterplot drawn with 5 points
GraphContainer: Updated TimeSelectionVisualizer valid range to "01:50:22" to "01:50:27"
GraphContainer: Using stored range limit for "BTW" - Min: 5 Max: 75
ZoomPanel: Original range values explicitly set - Left: 5 Center: 40 Right: 75
GraphContainer: Zoom panel limits updated - Min: 5 Center: 40 Max: 75 - User has not customized
Data ranges updated - Y: 5 to 75 Time: "Fri Dec 19 01:35:27 2025" to "Fri Dec 19 01:50:27 2025" Interval: "15 minutes" Auto-update: disabled Range limiting: enabled
drawDataLine: no data available for series "ADOPTED"
Default scatterplot drawn with 5 points
Default scatterplot drawn with 5 points
Default scatterplot drawn with 5 points
GraphContainer: Updated TimeSelectionVisualizer valid range to "01:50:22" to "01:50:27"
GraphContainer: Using stored range limit for "BTW" - Min: 5 Max: 75
ZoomPanel: Original range values explicitly set - Left: 5 Center: 40 Right: 75
GraphContainer: Zoom panel limits updated - Min: 5 Center: 40 Max: 75 - User has not customized
Data ranges updated - Y: 5 to 75 Time: "Fri Dec 19 01:35:27 2025" to "Fri Dec 19 01:50:27 2025" Interval: "15 minutes" Auto-update: disabled Range limiting: enabled
drawDataLine: no data available for series "ADOPTED"
Default scatterplot drawn with 5 points
Default scatterplot drawn with 5 points
Default scatterplot drawn with 5 points
GraphContainer: Updated TimeSelectionVisualizer valid range to "01:50:22" to "01:50:27"
GraphContainer: Using stored range limit for "BTW" - Min: 5 Max: 75
ZoomPanel: Original range values explicitly set - Left: 5 Center: 40 Right: 75
GraphContainer: Zoom panel limits updated - Min: 5 Center: 40 Max: 75 - User has not customized
Data ranges updated - Y: 5 to 75 Time: "Fri Dec 19 01:35:27 2025" to "Fri Dec 19 01:50:27 2025" Interval: "15 minutes" Auto-update: disabled Range limiting: enabled
drawDataLine: no data available for series "ADOPTED"
Default scatterplot drawn with 5 points
Default scatterplot drawn with 5 points
Default scatterplot drawn with 5 points
GraphContainer: Updated TimeSelectionVisualizer valid range to "01:50:22" to "01:50:27"
Added data point to "RTW" series "RTW-1" y: 14.7954 time: "Fri Dec 19 01:50:27 2025"
Added data point to "RTW" series "ADOPTED" y: 24.7954 time: "Fri Dec 19 01:50:27 2025"
Added data point to "FTW" series "FTW-1" y: 20.5212 time: "Fri Dec 19 01:50:27 2025"
Added data point to "FTW" series "FTW-2" y: 30.5212 time: "Fri Dec 19 01:50:27 2025"
Added data points - FDW: 7.71889 BDW: -11.7811 BRW: 6.96636 LTW: 23.4087 BTW: 23.4703 RTW: 14.7954 FTW: 20.5212
TimeScopeChanged - Start: "01:35:28" End: "01:50:28" Duration: "00:15:00"
BDW zero axis drawn at x: 0
Custom time range set to: "Fri Dec 19 01:35:28 2025" to "Fri Dec 19 01:50:28 2025"
BDW zero axis drawn at x: 0
Custom time range set to: "Fri Dec 19 01:35:28 2025" to "Fri Dec 19 01:50:28 2025"
GraphContainer: Setting current time to "01:50:28"
Data ranges updated - Y: 5 to 75 Time: "Fri Dec 19 01:35:28 2025" to "Fri Dec 19 01:50:28 2025" Interval: "15 minutes" Auto-update: disabled Range limiting: enabled
drawDataLine: no data available for series "ADOPTED"
Default scatterplot drawn with 5 points
Default scatterplot drawn with 5 points
Default scatterplot drawn with 5 points
Custom time range set to: "Fri Dec 19 01:35:28 2025" to "Fri Dec 19 01:50:28 2025"
Data ranges updated - Y: 5 to 75 Time: "Fri Dec 19 01:35:28 2025" to "Fri Dec 19 01:50:28 2025" Interval: "15 minutes" Auto-update: disabled Range limiting: enabled
drawDataLine: no data available for series "ADOPTED"
Default scatterplot drawn with 5 points
Default scatterplot drawn with 5 points
Default scatterplot drawn with 5 points
Custom time range set to: "Fri Dec 19 01:35:28 2025" to "Fri Dec 19 01:50:28 2025"
GraphLayout: Container time scope changed from "Fri Dec 19 01:35:28 2025" to "Fri Dec 19 01:50:28 2025"
Data ranges updated - Y: 5 to 75 Time: "Fri Dec 19 01:35:28 2025" to "Fri Dec 19 01:50:28 2025" Interval: "15 minutes" Auto-update: disabled Range limiting: enabled
drawDataLine: no data available for series "ADOPTED"
Default scatterplot drawn with 5 points
Default scatterplot drawn with 5 points
Default scatterplot drawn with 5 points
Custom time range set to: "Fri Dec 19 01:35:28 2025" to "Fri Dec 19 01:50:28 2025"
Data ranges updated - Y: 5 to 75 Time: "Fri Dec 19 01:35:28 2025" to "Fri Dec 19 01:50:28 2025" Interval: "15 minutes" Auto-update: disabled Range limiting: enabled
drawDataLine: no data available for series "ADOPTED"
Default scatterplot drawn with 5 points
Default scatterplot drawn with 5 points
Default scatterplot drawn with 5 points
Custom time range set to: "Fri Dec 19 01:35:28 2025" to "Fri Dec 19 01:50:28 2025"
Data ranges updated - Y: 5 to 75 Time: "Fri Dec 19 01:35:28 2025" to "Fri Dec 19 01:50:28 2025" Interval: "15 minutes" Auto-update: disabled Range limiting: enabled
drawDataLine: no data available for series "ADOPTED"
Default scatterplot drawn with 5 points
Default scatterplot drawn with 5 points
Default scatterplot drawn with 5 points
Custom time range set to: "Fri Dec 19 01:35:28 2025" to "Fri Dec 19 01:50:28 2025"
GraphLayout: Container time scope changed from "Fri Dec 19 01:35:28 2025" to "Fri Dec 19 01:50:28 2025"
Data ranges updated - Y: 5 to 75 Time: "Fri Dec 19 01:35:28 2025" to "Fri Dec 19 01:50:28 2025" Interval: "15 minutes" Auto-update: disabled Range limiting: enabled
drawDataLine: no data available for series "ADOPTED"
Default scatterplot drawn with 5 points
Default scatterplot drawn with 5 points
Default scatterplot drawn with 5 points
Custom time range set to: "Fri Dec 19 01:35:28 2025" to "Fri Dec 19 01:50:28 2025"
Data ranges updated - Y: 5 to 75 Time: "Fri Dec 19 01:35:28 2025" to "Fri Dec 19 01:50:28 2025" Interval: "15 minutes" Auto-update: disabled Range limiting: enabled
drawDataLine: no data available for series "ADOPTED"
Default scatterplot drawn with 5 points
Default scatterplot drawn with 5 points
Default scatterplot drawn with 5 points
Custom time range set to: "Fri Dec 19 01:35:28 2025" to "Fri Dec 19 01:50:28 2025"
Data ranges updated - Y: 5 to 75 Time: "Fri Dec 19 01:35:28 2025" to "Fri Dec 19 01:50:28 2025" Interval: "15 minutes" Auto-update: disabled Range limiting: enabled
drawDataLine: no data available for series "ADOPTED"
Default scatterplot drawn with 5 points
Default scatterplot drawn with 5 points
Default scatterplot drawn with 5 points
Custom time range set to: "Fri Dec 19 01:35:28 2025" to "Fri Dec 19 01:50:28 2025"
GraphContainer: Setting current time to "01:50:28"
Data ranges updated - Y: 5 to 75 Time: "Fri Dec 19 01:35:28 2025" to "Fri Dec 19 01:50:28 2025" Interval: "15 minutes" Auto-update: disabled Range limiting: enabled
drawDataLine: no data available for series "ADOPTED"
Default scatterplot drawn with 5 points
Default scatterplot drawn with 5 points
Default scatterplot drawn with 5 points
Custom time range set to: "Fri Dec 19 01:35:28 2025" to "Fri Dec 19 01:50:28 2025"
GraphLayout: Container time scope changed from "Fri Dec 19 01:35:28 2025" to "Fri Dec 19 01:50:28 2025"
Data ranges updated - Y: 5 to 75 Time: "Fri Dec 19 01:35:28 2025" to "Fri Dec 19 01:50:28 2025" Interval: "15 minutes" Auto-update: disabled Range limiting: enabled
drawDataLine: no data available for series "ADOPTED"
Default scatterplot drawn with 5 points
Default scatterplot drawn with 5 points
Default scatterplot drawn with 5 points
Custom time range set to: "Fri Dec 19 01:35:28 2025" to "Fri Dec 19 01:50:28 2025"
Data ranges updated - Y: 5 to 75 Time: "Fri Dec 19 01:35:28 2025" to "Fri Dec 19 01:50:28 2025" Interval: "15 minutes" Auto-update: disabled Range limiting: enabled
drawDataLine: no data available for series "ADOPTED"
Default scatterplot drawn with 5 points
Default scatterplot drawn with 5 points
Default scatterplot drawn with 5 points
Custom time range set to: "Fri Dec 19 01:35:28 2025" to "Fri Dec 19 01:50:28 2025"
Data ranges updated - Y: 5 to 75 Time: "Fri Dec 19 01:35:28 2025" to "Fri Dec 19 01:50:28 2025" Interval: "15 minutes" Auto-update: disabled Range limiting: enabled
drawDataLine: no data available for series "ADOPTED"
Default scatterplot drawn with 5 points
Default scatterplot drawn with 5 points
Default scatterplot drawn with 5 points
Custom time range set to: "Fri Dec 19 01:35:28 2025" to "Fri Dec 19 01:50:28 2025"
GraphContainer: Setting current time to "01:50:28"
Data ranges updated - Y: 5 to 75 Time: "Fri Dec 19 01:35:28 2025" to "Fri Dec 19 01:50:28 2025" Interval: "15 minutes" Auto-update: disabled Range limiting: enabled
drawDataLine: no data available for series "ADOPTED"
Default scatterplot drawn with 5 points
Default scatterplot drawn with 5 points
Default scatterplot drawn with 5 points
Custom time range set to: "Fri Dec 19 01:35:28 2025" to "Fri Dec 19 01:50:28 2025"
Data ranges updated - Y: 5 to 75 Time: "Fri Dec 19 01:35:28 2025" to "Fri Dec 19 01:50:28 2025" Interval: "15 minutes" Auto-update: disabled Range limiting: enabled
drawDataLine: no data available for series "ADOPTED"
Default scatterplot drawn with 5 points
Default scatterplot drawn with 5 points
Default scatterplot drawn with 5 points
Custom time range set to: "Fri Dec 19 01:35:28 2025" to "Fri Dec 19 01:50:28 2025"
GraphLayout: Container time scope changed from "Fri Dec 19 01:35:28 2025" to "Fri Dec 19 01:50:28 2025"
Data ranges updated - Y: 5 to 75 Time: "Fri Dec 19 01:35:28 2025" to "Fri Dec 19 01:50:28 2025" Interval: "15 minutes" Auto-update: disabled Range limiting: enabled
drawDataLine: no data available for series "ADOPTED"
Default scatterplot drawn with 5 points
Default scatterplot drawn with 5 points
Default scatterplot drawn with 5 points
Custom time range set to: "Fri Dec 19 01:35:28 2025" to "Fri Dec 19 01:50:28 2025"
Data ranges updated - Y: 5 to 75 Time: "Fri Dec 19 01:35:28 2025" to "Fri Dec 19 01:50:28 2025" Interval: "15 minutes" Auto-update: disabled Range limiting: enabled
drawDataLine: no data available for series "ADOPTED"
Default scatterplot drawn with 5 points
Default scatterplot drawn with 5 points
Default scatterplot drawn with 5 points
Custom time range set to: "Fri Dec 19 01:35:28 2025" to "Fri Dec 19 01:50:28 2025"
Data ranges updated - Y: 5 to 75 Time: "Fri Dec 19 01:35:28 2025" to "Fri Dec 19 01:50:28 2025" Interval: "15 minutes" Auto-update: disabled Range limiting: enabled
drawDataLine: no data available for series "ADOPTED"
Default scatterplot drawn with 5 points
Default scatterplot drawn with 5 points
Default scatterplot drawn with 5 points
Custom time range set to: "Fri Dec 19 01:35:28 2025" to "Fri Dec 19 01:50:28 2025"
GraphLayout: Container time scope changed from "Fri Dec 19 01:35:28 2025" to "Fri Dec 19 01:50:28 2025"
Data ranges updated - Y: 5 to 75 Time: "Fri Dec 19 01:35:28 2025" to "Fri Dec 19 01:50:28 2025" Interval: "15 minutes" Auto-update: disabled Range limiting: enabled
drawDataLine: no data available for series "ADOPTED"
Default scatterplot drawn with 5 points
Default scatterplot drawn with 5 points
Default scatterplot drawn with 5 points
Custom time range set to: "Fri Dec 19 01:35:28 2025" to "Fri Dec 19 01:50:28 2025"
Data ranges updated - Y: 5 to 75 Time: "Fri Dec 19 01:35:28 2025" to "Fri Dec 19 01:50:28 2025" Interval: "15 minutes" Auto-update: disabled Range limiting: enabled
drawDataLine: no data available for series "ADOPTED"
Default scatterplot drawn with 5 points
Default scatterplot drawn with 5 points
Default scatterplot drawn with 5 points
Custom time range set to: "Fri Dec 19 01:35:28 2025" to "Fri Dec 19 01:50:28 2025"
Data ranges updated - Y: 5 to 75 Time: "Fri Dec 19 01:35:28 2025" to "Fri Dec 19 01:50:28 2025" Interval: "15 minutes" Auto-update: disabled Range limiting: enabled
drawDataLine: no data available for series "ADOPTED"
Default scatterplot drawn with 5 points
Default scatterplot drawn with 5 points
Default scatterplot drawn with 5 points
Custom time range set to: "Fri Dec 19 01:35:28 2025" to "Fri Dec 19 01:50:28 2025"
GraphContainer: Setting current time to "01:50:28"
Data ranges updated - Y: 5 to 75 Time: "Fri Dec 19 01:35:28 2025" to "Fri Dec 19 01:50:28 2025" Interval: "15 minutes" Auto-update: disabled Range limiting: enabled
drawDataLine: no data available for series "ADOPTED"
Default scatterplot drawn with 5 points
Default scatterplot drawn with 5 points
Default scatterplot drawn with 5 points
Custom time range set to: "Fri Dec 19 01:35:28 2025" to "Fri Dec 19 01:50:28 2025"
GraphLayout: Container time scope changed from "Fri Dec 19 01:35:28 2025" to "Fri Dec 19 01:50:28 2025"
Data ranges updated - Y: 5 to 75 Time: "Fri Dec 19 01:35:28 2025" to "Fri Dec 19 01:50:28 2025" Interval: "15 minutes" Auto-update: disabled Range limiting: enabled
drawDataLine: no data available for series "ADOPTED"
Default scatterplot drawn with 5 points
Default scatterplot drawn with 5 points
Default scatterplot drawn with 5 points
Custom time range set to: "Fri Dec 19 01:35:28 2025" to "Fri Dec 19 01:50:28 2025"
Data ranges updated - Y: 5 to 75 Time: "Fri Dec 19 01:35:28 2025" to "Fri Dec 19 01:50:28 2025" Interval: "15 minutes" Auto-update: disabled Range limiting: enabled
drawDataLine: no data available for series "ADOPTED"
Default scatterplot drawn with 5 points
Default scatterplot drawn with 5 points
Default scatterplot drawn with 5 points
Custom time range set to: "Fri Dec 19 01:35:28 2025" to "Fri Dec 19 01:50:28 2025"
Data ranges updated - Y: 5 to 75 Time: "Fri Dec 19 01:35:28 2025" to "Fri Dec 19 01:50:28 2025" Interval: "15 minutes" Auto-update: disabled Range limiting: enabled
drawDataLine: no data available for series "ADOPTED"
Default scatterplot drawn with 5 points
Default scatterplot drawn with 5 points
Default scatterplot drawn with 5 points
Custom time range set to: "Fri Dec 19 01:35:28 2025" to "Fri Dec 19 01:50:28 2025"
GraphContainer: Set chevron label 1 to: "Start"
GraphContainer: Set chevron label 1 to: "Start"
GraphContainer: Set chevron label 1 to: "Start"
GraphContainer: Set chevron label 1 to: "Start"
GraphLayout: Set chevron label 1 to: "Start" for all visible containers
GraphContainer: Set chevron label 2 to: "Now"
GraphContainer: Set chevron label 2 to: "Now"
GraphContainer: Set chevron label 2 to: "Now"
GraphContainer: Set chevron label 2 to: "Now"
GraphLayout: Set chevron label 2 to: "Now" for all visible containers
GraphContainer: Set chevron label 3 to: "End"
GraphContainer: Set chevron label 3 to: "End"
GraphContainer: Set chevron label 3 to: "End"
GraphContainer: Set chevron label 3 to: "End"
GraphLayout: Set chevron label 3 to: "End" for all visible containers
Data ranges updated - Y: 5 to 75 Time: "Fri Dec 19 01:35:28 2025" to "Fri Dec 19 01:50:28 2025" Interval: "15 minutes" Auto-update: disabled Range limiting: enabled
drawDataLine: no data available for series "ADOPTED"
Default scatterplot drawn with 5 points
Default scatterplot drawn with 5 points
Default scatterplot drawn with 5 points
Custom time range set to: "Fri Dec 19 01:35:28 2025" to "Fri Dec 19 01:50:28 2025"
Data ranges updated - Y: 5 to 75 Time: "Fri Dec 19 01:35:28 2025" to "Fri Dec 19 01:50:28 2025" Interval: "15 minutes" Auto-update: disabled Range limiting: enabled
drawDataLine: no data available for series "ADOPTED"
Default scatterplot drawn with 5 points
Default scatterplot drawn with 5 points
Default scatterplot drawn with 5 points
Custom time range set to: "Fri Dec 19 01:35:28 2025" to "Fri Dec 19 01:50:28 2025"
GraphLayout: Container time scope changed from "Fri Dec 19 01:35:28 2025" to "Fri Dec 19 01:50:28 2025"
Data ranges updated - Y: 5 to 75 Time: "Fri Dec 19 01:35:28 2025" to "Fri Dec 19 01:50:28 2025" Interval: "15 minutes" Auto-update: disabled Range limiting: enabled
drawDataLine: no data available for series "ADOPTED"
Default scatterplot drawn with 5 points
Default scatterplot drawn with 5 points
Default scatterplot drawn with 5 points
Custom time range set to: "Fri Dec 19 01:35:28 2025" to "Fri Dec 19 01:50:28 2025"
Data ranges updated - Y: 5 to 75 Time: "Fri Dec 19 01:35:28 2025" to "Fri Dec 19 01:50:28 2025" Interval: "15 minutes" Auto-update: disabled Range limiting: enabled
drawDataLine: no data available for series "ADOPTED"
Default scatterplot drawn with 5 points
Default scatterplot drawn with 5 points
Default scatterplot drawn with 5 points
Custom time range set to: "Fri Dec 19 01:35:28 2025" to "Fri Dec 19 01:50:28 2025"
Data ranges updated - Y: 5 to 75 Time: "Fri Dec 19 01:35:28 2025" to "Fri Dec 19 01:50:28 2025" Interval: "15 minutes" Auto-update: disabled Range limiting: enabled
drawDataLine: no data available for series "ADOPTED"
Default scatterplot drawn with 5 points
Default scatterplot drawn with 5 points
Default scatterplot drawn with 5 points
Custom time range set to: "Fri Dec 19 01:35:28 2025" to "Fri Dec 19 01:50:28 2025"
GraphLayout: Container time scope changed from "Fri Dec 19 01:35:28 2025" to "Fri Dec 19 01:50:28 2025"
Data ranges updated - Y: 5 to 75 Time: "Fri Dec 19 01:35:28 2025" to "Fri Dec 19 01:50:28 2025" Interval: "15 minutes" Auto-update: disabled Range limiting: enabled
drawDataLine: no data available for series "ADOPTED"
Default scatterplot drawn with 5 points
Default scatterplot drawn with 5 points
Default scatterplot drawn with 5 points
Custom time range set to: "Fri Dec 19 01:35:28 2025" to "Fri Dec 19 01:50:28 2025"
Data ranges updated - Y: 5 to 75 Time: "Fri Dec 19 01:35:28 2025" to "Fri Dec 19 01:50:28 2025" Interval: "15 minutes" Auto-update: disabled Range limiting: enabled
drawDataLine: no data available for series "ADOPTED"
Default scatterplot drawn with 5 points
Default scatterplot drawn with 5 points
Default scatterplot drawn with 5 points
Custom time range set to: "Fri Dec 19 01:35:28 2025" to "Fri Dec 19 01:50:28 2025"
Data ranges updated - Y: 5 to 75 Time: "Fri Dec 19 01:35:28 2025" to "Fri Dec 19 01:50:28 2025" Interval: "15 minutes" Auto-update: disabled Range limiting: enabled
drawDataLine: no data available for series "ADOPTED"
Default scatterplot drawn with 5 points
Default scatterplot drawn with 5 points
Default scatterplot drawn with 5 points
Custom time range set to: "Fri Dec 19 01:35:28 2025" to "Fri Dec 19 01:50:28 2025"
Data ranges updated - Y: 5 to 75 Time: "Fri Dec 19 01:35:28 2025" to "Fri Dec 19 01:50:28 2025" Interval: "15 minutes" Auto-update: disabled Range limiting: enabled
drawDataLine: no data available for series "ADOPTED"
Default scatterplot drawn with 5 points
Default scatterplot drawn with 5 points
Default scatterplot drawn with 5 points
Custom time range set to: "Fri Dec 19 01:35:28 2025" to "Fri Dec 19 01:50:28 2025"
GraphLayout: Container time scope changed from "Fri Dec 19 01:35:28 2025" to "Fri Dec 19 01:50:28 2025"
Data ranges updated - Y: 5 to 75 Time: "Fri Dec 19 01:35:28 2025" to "Fri Dec 19 01:50:28 2025" Interval: "15 minutes" Auto-update: disabled Range limiting: enabled
drawDataLine: no data available for series "ADOPTED"
Default scatterplot drawn with 5 points
Default scatterplot drawn with 5 points
Default scatterplot drawn with 5 points
Custom time range set to: "Fri Dec 19 01:35:28 2025" to "Fri Dec 19 01:50:28 2025"
Data ranges updated - Y: 5 to 75 Time: "Fri Dec 19 01:35:28 2025" to "Fri Dec 19 01:50:28 2025" Interval: "15 minutes" Auto-update: disabled Range limiting: enabled
drawDataLine: no data available for series "ADOPTED"
Default scatterplot drawn with 5 points
Default scatterplot drawn with 5 points
Default scatterplot drawn with 5 points
Custom time range set to: "Fri Dec 19 01:35:28 2025" to "Fri Dec 19 01:50:28 2025"
Data ranges updated - Y: 5 to 75 Time: "Fri Dec 19 01:35:28 2025" to "Fri Dec 19 01:50:28 2025" Interval: "15 minutes" Auto-update: disabled Range limiting: enabled
drawDataLine: no data available for series "ADOPTED"
Default scatterplot drawn with 5 points
Default scatterplot drawn with 5 points
Default scatterplot drawn with 5 points
Custom time range set to: "Fri Dec 19 01:35:28 2025" to "Fri Dec 19 01:50:28 2025"
Data ranges updated - Y: 5 to 75 Time: "Fri Dec 19 01:35:28 2025" to "Fri Dec 19 01:50:28 2025" Interval: "15 minutes" Auto-update: disabled Range limiting: enabled
drawDataLine: no data available for series "ADOPTED"
Default scatterplot drawn with 5 points
Default scatterplot drawn with 5 points
Default scatterplot drawn with 5 points
Custom time range set to: "Fri Dec 19 01:35:28 2025" to "Fri Dec 19 01:50:28 2025"
Data ranges updated - Y: 5 to 75 Time: "Fri Dec 19 01:35:28 2025" to "Fri Dec 19 01:50:28 2025" Interval: "15 minutes" Auto-update: disabled Range limiting: enabled
drawDataLine: no data available for series "ADOPTED"
Default scatterplot drawn with 5 points
Default scatterplot drawn with 5 points
Default scatterplot drawn with 5 points
Custom time range set to: "Fri Dec 19 01:35:28 2025" to "Fri Dec 19 01:50:28 2025"
GraphLayout: Container time scope changed from "Fri Dec 19 01:35:28 2025" to "Fri Dec 19 01:50:28 2025"
Data ranges updated - Y: 5 to 75 Time: "Fri Dec 19 01:35:28 2025" to "Fri Dec 19 01:50:28 2025" Interval: "15 minutes" Auto-update: disabled Range limiting: enabled
drawDataLine: no data available for series "ADOPTED"
Default scatterplot drawn with 5 points
Default scatterplot drawn with 5 points
Default scatterplot drawn with 5 points
Custom time range set to: "Fri Dec 19 01:35:28 2025" to "Fri Dec 19 01:50:28 2025"
Data ranges updated - Y: 5 to 75 Time: "Fri Dec 19 01:35:28 2025" to "Fri Dec 19 01:50:28 2025" Interval: "15 minutes" Auto-update: disabled Range limiting: enabled
drawDataLine: no data available for series "ADOPTED"
Default scatterplot drawn with 5 points
Default scatterplot drawn with 5 points
Default scatterplot drawn with 5 points
Custom time range set to: "Fri Dec 19 01:35:28 2025" to "Fri Dec 19 01:50:28 2025"
Data ranges updated - Y: 5 to 75 Time: "Fri Dec 19 01:35:28 2025" to "Fri Dec 19 01:50:28 2025" Interval: "15 minutes" Auto-update: disabled Range limiting: enabled
drawDataLine: no data available for series "ADOPTED"
Default scatterplot drawn with 5 points
Default scatterplot drawn with 5 points
Default scatterplot drawn with 5 points
Custom time range set to: "Fri Dec 19 01:35:28 2025" to "Fri Dec 19 01:50:28 2025"
GraphLayout: Container time scope changed from "Fri Dec 19 01:35:28 2025" to "Fri Dec 19 01:50:28 2025"
Data ranges updated - Y: 5 to 75 Time: "Fri Dec 19 01:35:28 2025" to "Fri Dec 19 01:50:28 2025" Interval: "15 minutes" Auto-update: disabled Range limiting: enabled
drawDataLine: no data available for series "ADOPTED"
Default scatterplot drawn with 5 points
Default scatterplot drawn with 5 points
Default scatterplot drawn with 5 points
Custom time range set to: "Fri Dec 19 01:35:28 2025" to "Fri Dec 19 01:50:28 2025"
Data ranges updated - Y: 5 to 75 Time: "Fri Dec 19 01:35:28 2025" to "Fri Dec 19 01:50:28 2025" Interval: "15 minutes" Auto-update: disabled Range limiting: enabled
drawDataLine: no data available for series "ADOPTED"
Default scatterplot drawn with 5 points
Default scatterplot drawn with 5 points
Default scatterplot drawn with 5 points
Custom time range set to: "Fri Dec 19 01:35:28 2025" to "Fri Dec 19 01:50:28 2025"
Data ranges updated - Y: 5 to 75 Time: "Fri Dec 19 01:35:28 2025" to "Fri Dec 19 01:50:28 2025" Interval: "15 minutes" Auto-update: disabled Range limiting: enabled
drawDataLine: no data available for series "ADOPTED"
Default scatterplot drawn with 5 points
Default scatterplot drawn with 5 points
Default scatterplot drawn with 5 points
Custom time range set to: "Fri Dec 19 01:35:28 2025" to "Fri Dec 19 01:50:28 2025"
Data ranges updated - Y: 5 to 75 Time: "Fri Dec 19 01:35:28 2025" to "Fri Dec 19 01:50:28 2025" Interval: "15 minutes" Auto-update: disabled Range limiting: enabled
drawDataLine: no data available for series "ADOPTED"
Default scatterplot drawn with 5 points
Default scatterplot drawn with 5 points
Default scatterplot drawn with 5 points
Custom time range set to: "Fri Dec 19 01:35:28 2025" to "Fri Dec 19 01:50:28 2025"
GraphLayout: Container time scope changed from "Fri Dec 19 01:35:28 2025" to "Fri Dec 19 01:50:28 2025"
Data ranges updated - Y: 5 to 75 Time: "Fri Dec 19 01:35:28 2025" to "Fri Dec 19 01:50:28 2025" Interval: "15 minutes" Auto-update: disabled Range limiting: enabled
drawDataLine: no data available for series "ADOPTED"
Default scatterplot drawn with 5 points
Default scatterplot drawn with 5 points
Default scatterplot drawn with 5 points
Custom time range set to: "Fri Dec 19 01:35:28 2025" to "Fri Dec 19 01:50:28 2025"
Data ranges updated - Y: 5 to 75 Time: "Fri Dec 19 01:35:28 2025" to "Fri Dec 19 01:50:28 2025" Interval: "15 minutes" Auto-update: disabled Range limiting: enabled
drawDataLine: no data available for series "ADOPTED"
Default scatterplot drawn with 5 points
Default scatterplot drawn with 5 points
Default scatterplot drawn with 5 points
Custom time range set to: "Fri Dec 19 01:35:28 2025" to "Fri Dec 19 01:50:28 2025"
Data ranges updated - Y: 5 to 75 Time: "Fri Dec 19 01:35:28 2025" to "Fri Dec 19 01:50:28 2025" Interval: "15 minutes" Auto-update: disabled Range limiting: enabled
drawDataLine: no data available for series "ADOPTED"
Default scatterplot drawn with 5 points
Default scatterplot drawn with 5 points
Default scatterplot drawn with 5 points
Custom time range set to: "Fri Dec 19 01:35:28 2025" to "Fri Dec 19 01:50:28 2025"
Simulator::onTimerTick() called
Added data point to "FDW" series "FDW-1" y: 2.5629 time: "Fri Dec 19 01:50:28 2025"
Added data point to "FDW" series "FDW-2" y: 12.5629 time: "Fri Dec 19 01:50:28 2025"
Added data point to "BDW" series "BDW-1" y: -10.9362 time: "Fri Dec 19 01:50:28 2025"
Added data point to "BDW" series "BDW-2" y: -0.936222 time: "Fri Dec 19 01:50:28 2025"
Added data point to "BRW" series "BRW-1" y: 5.31601 time: "Fri Dec 19 01:50:28 2025"
Added data point to "BRW" series "BRW-2" y: 15.316 time: "Fri Dec 19 01:50:28 2025"
Added data point to "LTW" series "LTW-1" y: 23.322 time: "Fri Dec 19 01:50:28 2025"
Added data point to "LTW" series "LTW-2" y: 33.322 time: "Fri Dec 19 01:50:28 2025"
Added data point to "BTW" series "BTW-1" y: 25.1083 time: "Fri Dec 19 01:50:28 2025"
Data ranges updated - Y: 5 to 75 Time: "Fri Dec 19 01:35:28 2025" to "Fri Dec 19 01:50:28 2025" Interval: "15 minutes" Auto-update: disabled Range limiting: enabled
drawDataLine: no data available for series "ADOPTED"
Default scatterplot drawn with 6 points
Default scatterplot drawn with 5 points
Default scatterplot drawn with 5 points
Custom time range set to: "Fri Dec 19 01:35:28 2025" to "Fri Dec 19 01:50:28 2025"
GraphContainer: Updated time range to show new data - "Fri Dec 19 01:35:28 2025" to "Fri Dec 19 01:50:28 2025"
GraphContainer: Using stored range limit for "BTW" - Min: 5 Max: 75
ZoomPanel: Original range values explicitly set - Left: 5 Center: 40 Right: 75
GraphContainer: Zoom panel limits updated - Min: 5 Center: 40 Max: 75 - User has not customized
Data ranges updated - Y: 5 to 75 Time: "Fri Dec 19 01:35:28 2025" to "Fri Dec 19 01:50:28 2025" Interval: "15 minutes" Auto-update: disabled Range limiting: enabled
drawDataLine: no data available for series "ADOPTED"
Default scatterplot drawn with 6 points
Default scatterplot drawn with 5 points
Default scatterplot drawn with 5 points
GraphContainer: Updated TimeSelectionVisualizer valid range to "01:50:22" to "01:50:28"
Data ranges updated - Y: 5 to 75 Time: "Fri Dec 19 01:35:28 2025" to "Fri Dec 19 01:50:28 2025" Interval: "15 minutes" Auto-update: disabled Range limiting: enabled
drawDataLine: no data available for series "ADOPTED"
Default scatterplot drawn with 6 points
Default scatterplot drawn with 5 points
Default scatterplot drawn with 5 points
Custom time range set to: "Fri Dec 19 01:35:28 2025" to "Fri Dec 19 01:50:28 2025"
GraphContainer: Updated time range to show new data - "Fri Dec 19 01:35:28 2025" to "Fri Dec 19 01:50:28 2025"
GraphContainer: Using stored range limit for "BTW" - Min: 5 Max: 75
ZoomPanel: Original range values explicitly set - Left: 5 Center: 40 Right: 75
GraphContainer: Zoom panel limits updated - Min: 5 Center: 40 Max: 75 - User has not customized
Data ranges updated - Y: 5 to 75 Time: "Fri Dec 19 01:35:28 2025" to "Fri Dec 19 01:50:28 2025" Interval: "15 minutes" Auto-update: disabled Range limiting: enabled
drawDataLine: no data available for series "ADOPTED"
Default scatterplot drawn with 6 points
Default scatterplot drawn with 5 points
Default scatterplot drawn with 5 points
GraphContainer: Updated TimeSelectionVisualizer valid range to "01:50:22" to "01:50:28"
Data ranges updated - Y: 5 to 75 Time: "Fri Dec 19 01:35:28 2025" to "Fri Dec 19 01:50:28 2025" Interval: "15 minutes" Auto-update: disabled Range limiting: enabled
drawDataLine: no data available for series "ADOPTED"
Default scatterplot drawn with 6 points
Default scatterplot drawn with 5 points
Default scatterplot drawn with 5 points
Custom time range set to: "Fri Dec 19 01:35:28 2025" to "Fri Dec 19 01:50:28 2025"
GraphContainer: Updated time range to show new data - "Fri Dec 19 01:35:28 2025" to "Fri Dec 19 01:50:28 2025"
GraphContainer: Using stored range limit for "BTW" - Min: 5 Max: 75
ZoomPanel: Original range values explicitly set - Left: 5 Center: 40 Right: 75
GraphContainer: Zoom panel limits updated - Min: 5 Center: 40 Max: 75 - User has not customized
Data ranges updated - Y: 5 to 75 Time: "Fri Dec 19 01:35:28 2025" to "Fri Dec 19 01:50:28 2025" Interval: "15 minutes" Auto-update: disabled Range limiting: enabled
drawDataLine: no data available for series "ADOPTED"
Default scatterplot drawn with 6 points
Default scatterplot drawn with 5 points
Default scatterplot drawn with 5 points
GraphContainer: Updated TimeSelectionVisualizer valid range to "01:50:22" to "01:50:28"
Data ranges updated - Y: 5 to 75 Time: "Fri Dec 19 01:35:28 2025" to "Fri Dec 19 01:50:28 2025" Interval: "15 minutes" Auto-update: disabled Range limiting: enabled
drawDataLine: no data available for series "ADOPTED"
Default scatterplot drawn with 6 points
Default scatterplot drawn with 5 points
Default scatterplot drawn with 5 points
Custom time range set to: "Fri Dec 19 01:35:28 2025" to "Fri Dec 19 01:50:28 2025"
GraphContainer: Updated time range to show new data - "Fri Dec 19 01:35:28 2025" to "Fri Dec 19 01:50:28 2025"
GraphContainer: Using stored range limit for "BTW" - Min: 5 Max: 75
ZoomPanel: Original range values explicitly set - Left: 5 Center: 40 Right: 75
GraphContainer: Zoom panel limits updated - Min: 5 Center: 40 Max: 75 - User has not customized
Data ranges updated - Y: 5 to 75 Time: "Fri Dec 19 01:35:28 2025" to "Fri Dec 19 01:50:28 2025" Interval: "15 minutes" Auto-update: disabled Range limiting: enabled
drawDataLine: no data available for series "ADOPTED"
Default scatterplot drawn with 6 points
Default scatterplot drawn with 5 points
Default scatterplot drawn with 5 points
GraphContainer: Updated TimeSelectionVisualizer valid range to "01:50:22" to "01:50:28"
Added data point to "BTW" series "BTW-2" y: 35.1083 time: "Fri Dec 19 01:50:28 2025"
GraphContainer: Using stored range limit for "BTW" - Min: 5 Max: 75
ZoomPanel: Original range values explicitly set - Left: 5 Center: 40 Right: 75
GraphContainer: Zoom panel limits updated - Min: 5 Center: 40 Max: 75 - User has not customized
Data ranges updated - Y: 5 to 75 Time: "Fri Dec 19 01:35:28 2025" to "Fri Dec 19 01:50:28 2025" Interval: "15 minutes" Auto-update: disabled Range limiting: enabled
drawDataLine: no data available for series "ADOPTED"
Default scatterplot drawn with 6 points
Default scatterplot drawn with 6 points
Default scatterplot drawn with 5 points
GraphContainer: Updated TimeSelectionVisualizer valid range to "01:50:22" to "01:50:28"
GraphContainer: Using stored range limit for "BTW" - Min: 5 Max: 75
ZoomPanel: Original range values explicitly set - Left: 5 Center: 40 Right: 75
GraphContainer: Zoom panel limits updated - Min: 5 Center: 40 Max: 75 - User has not customized
Data ranges updated - Y: 5 to 75 Time: "Fri Dec 19 01:35:28 2025" to "Fri Dec 19 01:50:28 2025" Interval: "15 minutes" Auto-update: disabled Range limiting: enabled
drawDataLine: no data available for series "ADOPTED"
Default scatterplot drawn with 6 points
Default scatterplot drawn with 6 points
Default scatterplot drawn with 5 points
GraphContainer: Updated TimeSelectionVisualizer valid range to "01:50:22" to "01:50:28"
GraphContainer: Using stored range limit for "BTW" - Min: 5 Max: 75
ZoomPanel: Original range values explicitly set - Left: 5 Center: 40 Right: 75
GraphContainer: Zoom panel limits updated - Min: 5 Center: 40 Max: 75 - User has not customized
Data ranges updated - Y: 5 to 75 Time: "Fri Dec 19 01:35:28 2025" to "Fri Dec 19 01:50:28 2025" Interval: "15 minutes" Auto-update: disabled Range limiting: enabled
drawDataLine: no data available for series "ADOPTED"
Default scatterplot drawn with 6 points
Default scatterplot drawn with 6 points
Default scatterplot drawn with 5 points
GraphContainer: Updated TimeSelectionVisualizer valid range to "01:50:22" to "01:50:28"
GraphContainer: Using stored range limit for "BTW" - Min: 5 Max: 75
ZoomPanel: Original range values explicitly set - Left: 5 Center: 40 Right: 75
GraphContainer: Zoom panel limits updated - Min: 5 Center: 40 Max: 75 - User has not customized
Data ranges updated - Y: 5 to 75 Time: "Fri Dec 19 01:35:28 2025" to "Fri Dec 19 01:50:28 2025" Interval: "15 minutes" Auto-update: disabled Range limiting: enabled
drawDataLine: no data available for series "ADOPTED"
Default scatterplot drawn with 6 points
Default scatterplot drawn with 6 points
Default scatterplot drawn with 5 points
GraphContainer: Updated TimeSelectionVisualizer valid range to "01:50:22" to "01:50:28"
Added data point to "BTW" series "BTW-3" y: 35.1083 time: "Fri Dec 19 01:50:28 2025"
GraphContainer: Using stored range limit for "BTW" - Min: 5 Max: 75
ZoomPanel: Original range values explicitly set - Left: 5 Center: 40 Right: 75
GraphContainer: Zoom panel limits updated - Min: 5 Center: 40 Max: 75 - User has not customized
Data ranges updated - Y: 5 to 75 Time: "Fri Dec 19 01:35:28 2025" to "Fri Dec 19 01:50:28 2025" Interval: "15 minutes" Auto-update: disabled Range limiting: enabled
drawDataLine: no data available for series "ADOPTED"
Default scatterplot drawn with 6 points
Default scatterplot drawn with 6 points
Default scatterplot drawn with 6 points
GraphContainer: Updated TimeSelectionVisualizer valid range to "01:50:22" to "01:50:28"
GraphContainer: Using stored range limit for "BTW" - Min: 5 Max: 75
ZoomPanel: Original range values explicitly set - Left: 5 Center: 40 Right: 75
GraphContainer: Zoom panel limits updated - Min: 5 Center: 40 Max: 75 - User has not customized
Data ranges updated - Y: 5 to 75 Time: "Fri Dec 19 01:35:28 2025" to "Fri Dec 19 01:50:28 2025" Interval: "15 minutes" Auto-update: disabled Range limiting: enabled
drawDataLine: no data available for series "ADOPTED"
Default scatterplot drawn with 6 points
Default scatterplot drawn with 6 points
Default scatterplot drawn with 6 points
GraphContainer: Updated TimeSelectionVisualizer valid range to "01:50:22" to "01:50:28"
GraphContainer: Using stored range limit for "BTW" - Min: 5 Max: 75
ZoomPanel: Original range values explicitly set - Left: 5 Center: 40 Right: 75
GraphContainer: Zoom panel limits updated - Min: 5 Center: 40 Max: 75 - User has not customized
Data ranges updated - Y: 5 to 75 Time: "Fri Dec 19 01:35:28 2025" to "Fri Dec 19 01:50:28 2025" Interval: "15 minutes" Auto-update: disabled Range limiting: enabled
drawDataLine: no data available for series "ADOPTED"
Default scatterplot drawn with 6 points
Default scatterplot drawn with 6 points
Default scatterplot drawn with 6 points
GraphContainer: Updated TimeSelectionVisualizer valid range to "01:50:22" to "01:50:28"
GraphContainer: Using stored range limit for "BTW" - Min: 5 Max: 75
ZoomPanel: Original range values explicitly set - Left: 5 Center: 40 Right: 75
GraphContainer: Zoom panel limits updated - Min: 5 Center: 40 Max: 75 - User has not customized
Data ranges updated - Y: 5 to 75 Time: "Fri Dec 19 01:35:28 2025" to "Fri Dec 19 01:50:28 2025" Interval: "15 minutes" Auto-update: disabled Range limiting: enabled
drawDataLine: no data available for series "ADOPTED"
Default scatterplot drawn with 6 points
Default scatterplot drawn with 6 points
Default scatterplot drawn with 6 points
GraphContainer: Updated TimeSelectionVisualizer valid range to "01:50:22" to "01:50:28"
Added data point to "RTW" series "RTW-1" y: 13.0149 time: "Fri Dec 19 01:50:28 2025"
Added data point to "RTW" series "ADOPTED" y: 23.0149 time: "Fri Dec 19 01:50:28 2025"
Added data point to "FTW" series "FTW-1" y: 19.194 time: "Fri Dec 19 01:50:28 2025"
Added data point to "FTW" series "FTW-2" y: 29.194 time: "Fri Dec 19 01:50:28 2025"
Added data points - FDW: 2.5629 BDW: -10.9362 BRW: 5.31601 LTW: 23.322 BTW: 25.1083 RTW: 13.0149 FTW: 19.194
TimeScopeChanged - Start: "01:35:29" End: "01:50:29" Duration: "00:15:00"
BDW zero axis drawn at x: 0
Custom time range set to: "Fri Dec 19 01:35:29 2025" to "Fri Dec 19 01:50:29 2025"
BDW zero axis drawn at x: 0
Custom time range set to: "Fri Dec 19 01:35:29 2025" to "Fri Dec 19 01:50:29 2025"
GraphContainer: Setting current time to "01:50:29"
Data ranges updated - Y: 5 to 75 Time: "Fri Dec 19 01:35:29 2025" to "Fri Dec 19 01:50:29 2025" Interval: "15 minutes" Auto-update: disabled Range limiting: enabled
drawDataLine: no data available for series "ADOPTED"
Default scatterplot drawn with 6 points
Default scatterplot drawn with 6 points
Default scatterplot drawn with 6 points
Custom time range set to: "Fri Dec 19 01:35:29 2025" to "Fri Dec 19 01:50:29 2025"
Data ranges updated - Y: 5 to 75 Time: "Fri Dec 19 01:35:29 2025" to "Fri Dec 19 01:50:29 2025" Interval: "15 minutes" Auto-update: disabled Range limiting: enabled
drawDataLine: no data available for series "ADOPTED"
Default scatterplot drawn with 6 points
Default scatterplot drawn with 6 points
Default scatterplot drawn with 6 points
Custom time range set to: "Fri Dec 19 01:35:29 2025" to "Fri Dec 19 01:50:29 2025"
GraphLayout: Container time scope changed from "Fri Dec 19 01:35:29 2025" to "Fri Dec 19 01:50:29 2025"
Data ranges updated - Y: 5 to 75 Time: "Fri Dec 19 01:35:29 2025" to "Fri Dec 19 01:50:29 2025" Interval: "15 minutes" Auto-update: disabled Range limiting: enabled
drawDataLine: no data available for series "ADOPTED"
Default scatterplot drawn with 6 points
Default scatterplot drawn with 6 points
Default scatterplot drawn with 6 points
Custom time range set to: "Fri Dec 19 01:35:29 2025" to "Fri Dec 19 01:50:29 2025"
Data ranges updated - Y: 5 to 75 Time: "Fri Dec 19 01:35:29 2025" to "Fri Dec 19 01:50:29 2025" Interval: "15 minutes" Auto-update: disabled Range limiting: enabled
drawDataLine: no data available for series "ADOPTED"
Default scatterplot drawn with 6 points
Default scatterplot drawn with 6 points
Default scatterplot drawn with 6 points
Custom time range set to: "Fri Dec 19 01:35:29 2025" to "Fri Dec 19 01:50:29 2025"
Data ranges updated - Y: 5 to 75 Time: "Fri Dec 19 01:35:29 2025" to "Fri Dec 19 01:50:29 2025" Interval: "15 minutes" Auto-update: disabled Range limiting: enabled
drawDataLine: no data available for series "ADOPTED"
Default scatterplot drawn with 6 points
Default scatterplot drawn with 6 points
Default scatterplot drawn with 6 points
Custom time range set to: "Fri Dec 19 01:35:29 2025" to "Fri Dec 19 01:50:29 2025"
GraphLayout: Container time scope changed from "Fri Dec 19 01:35:29 2025" to "Fri Dec 19 01:50:29 2025"
Data ranges updated - Y: 5 to 75 Time: "Fri Dec 19 01:35:29 2025" to "Fri Dec 19 01:50:29 2025" Interval: "15 minutes" Auto-update: disabled Range limiting: enabled
drawDataLine: no data available for series "ADOPTED"
Default scatterplot drawn with 6 points
Default scatterplot drawn with 6 points
Default scatterplot drawn with 6 points
Custom time range set to: "Fri Dec 19 01:35:29 2025" to "Fri Dec 19 01:50:29 2025"
Data ranges updated - Y: 5 to 75 Time: "Fri Dec 19 01:35:29 2025" to "Fri Dec 19 01:50:29 2025" Interval: "15 minutes" Auto-update: disabled Range limiting: enabled
drawDataLine: no data available for series "ADOPTED"
Default scatterplot drawn with 6 points
Default scatterplot drawn with 6 points
Default scatterplot drawn with 6 points
Custom time range set to: "Fri Dec 19 01:35:29 2025" to "Fri Dec 19 01:50:29 2025"
Data ranges updated - Y: 5 to 75 Time: "Fri Dec 19 01:35:29 2025" to "Fri Dec 19 01:50:29 2025" Interval: "15 minutes" Auto-update: disabled Range limiting: enabled
drawDataLine: no data available for series "ADOPTED"
Default scatterplot drawn with 6 points
Default scatterplot drawn with 6 points
Default scatterplot drawn with 6 points
Custom time range set to: "Fri Dec 19 01:35:29 2025" to "Fri Dec 19 01:50:29 2025"
GraphContainer: Setting current time to "01:50:29"
Data ranges updated - Y: 5 to 75 Time: "Fri Dec 19 01:35:29 2025" to "Fri Dec 19 01:50:29 2025" Interval: "15 minutes" Auto-update: disabled Range limiting: enabled
drawDataLine: no data available for series "ADOPTED"
Default scatterplot drawn with 6 points
Default scatterplot drawn with 6 points
Default scatterplot drawn with 6 points
Custom time range set to: "Fri Dec 19 01:35:29 2025" to "Fri Dec 19 01:50:29 2025"
GraphLayout: Container time scope changed from "Fri Dec 19 01:35:29 2025" to "Fri Dec 19 01:50:29 2025"
Data ranges updated - Y: 5 to 75 Time: "Fri Dec 19 01:35:29 2025" to "Fri Dec 19 01:50:29 2025" Interval: "15 minutes" Auto-update: disabled Range limiting: enabled
drawDataLine: no data available for series "ADOPTED"
Default scatterplot drawn with 6 points
Default scatterplot drawn with 6 points
Default scatterplot drawn with 6 points
Custom time range set to: "Fri Dec 19 01:35:29 2025" to "Fri Dec 19 01:50:29 2025"
Data ranges updated - Y: 5 to 75 Time: "Fri Dec 19 01:35:29 2025" to "Fri Dec 19 01:50:29 2025" Interval: "15 minutes" Auto-update: disabled Range limiting: enabled
drawDataLine: no data available for series "ADOPTED"
Default scatterplot drawn with 6 points
Default scatterplot drawn with 6 points
Default scatterplot drawn with 6 points
Custom time range set to: "Fri Dec 19 01:35:29 2025" to "Fri Dec 19 01:50:29 2025"
Data ranges updated - Y: 5 to 75 Time: "Fri Dec 19 01:35:29 2025" to "Fri Dec 19 01:50:29 2025" Interval: "15 minutes" Auto-update: disabled Range limiting: enabled
drawDataLine: no data available for series "ADOPTED"
Default scatterplot drawn with 6 points
Default scatterplot drawn with 6 points
Default scatterplot drawn with 6 points
Custom time range set to: "Fri Dec 19 01:35:29 2025" to "Fri Dec 19 01:50:29 2025"
GraphContainer: Setting current time to "01:50:29"
Data ranges updated - Y: 5 to 75 Time: "Fri Dec 19 01:35:29 2025" to "Fri Dec 19 01:50:29 2025" Interval: "15 minutes" Auto-update: disabled Range limiting: enabled
drawDataLine: no data available for series "ADOPTED"
Default scatterplot drawn with 6 points
Default scatterplot drawn with 6 points
Default scatterplot drawn with 6 points
Custom time range set to: "Fri Dec 19 01:35:29 2025" to "Fri Dec 19 01:50:29 2025"
Data ranges updated - Y: 5 to 75 Time: "Fri Dec 19 01:35:29 2025" to "Fri Dec 19 01:50:29 2025" Interval: "15 minutes" Auto-update: disabled Range limiting: enabled
drawDataLine: no data available for series "ADOPTED"
Default scatterplot drawn with 6 points
Default scatterplot drawn with 6 points
Default scatterplot drawn with 6 points
Custom time range set to: "Fri Dec 19 01:35:29 2025" to "Fri Dec 19 01:50:29 2025"
GraphLayout: Container time scope changed from "Fri Dec 19 01:35:29 2025" to "Fri Dec 19 01:50:29 2025"
Data ranges updated - Y: 5 to 75 Time: "Fri Dec 19 01:35:29 2025" to "Fri Dec 19 01:50:29 2025" Interval: "15 minutes" Auto-update: disabled Range limiting: enabled
drawDataLine: no data available for series "ADOPTED"
Default scatterplot drawn with 6 points
Default scatterplot drawn with 6 points
Default scatterplot drawn with 6 points
Custom time range set to: "Fri Dec 19 01:35:29 2025" to "Fri Dec 19 01:50:29 2025"
Data ranges updated - Y: 5 to 75 Time: "Fri Dec 19 01:35:29 2025" to "Fri Dec 19 01:50:29 2025" Interval: "15 minutes" Auto-update: disabled Range limiting: enabled
drawDataLine: no data available for series "ADOPTED"
Default scatterplot drawn with 6 points
Default scatterplot drawn with 6 points
Default scatterplot drawn with 6 points
Custom time range set to: "Fri Dec 19 01:35:29 2025" to "Fri Dec 19 01:50:29 2025"
Data ranges updated - Y: 5 to 75 Time: "Fri Dec 19 01:35:29 2025" to "Fri Dec 19 01:50:29 2025" Interval: "15 minutes" Auto-update: disabled Range limiting: enabled
drawDataLine: no data available for series "ADOPTED"
Default scatterplot drawn with 6 points
Default scatterplot drawn with 6 points
Default scatterplot drawn with 6 points
Custom time range set to: "Fri Dec 19 01:35:29 2025" to "Fri Dec 19 01:50:29 2025"
GraphLayout: Container time scope changed from "Fri Dec 19 01:35:29 2025" to "Fri Dec 19 01:50:29 2025"
Data ranges updated - Y: 5 to 75 Time: "Fri Dec 19 01:35:29 2025" to "Fri Dec 19 01:50:29 2025" Interval: "15 minutes" Auto-update: disabled Range limiting: enabled
drawDataLine: no data available for series "ADOPTED"
Default scatterplot drawn with 6 points
Default scatterplot drawn with 6 points
Default scatterplot drawn with 6 points
Custom time range set to: "Fri Dec 19 01:35:29 2025" to "Fri Dec 19 01:50:29 2025"
Data ranges updated - Y: 5 to 75 Time: "Fri Dec 19 01:35:29 2025" to "Fri Dec 19 01:50:29 2025" Interval: "15 minutes" Auto-update: disabled Range limiting: enabled
drawDataLine: no data available for series "ADOPTED"
Default scatterplot drawn with 6 points
Default scatterplot drawn with 6 points
Default scatterplot drawn with 6 points
Custom time range set to: "Fri Dec 19 01:35:29 2025" to "Fri Dec 19 01:50:29 2025"
Data ranges updated - Y: 5 to 75 Time: "Fri Dec 19 01:35:29 2025" to "Fri Dec 19 01:50:29 2025" Interval: "15 minutes" Auto-update: disabled Range limiting: enabled
drawDataLine: no data available for series "ADOPTED"
Default scatterplot drawn with 6 points
Default scatterplot drawn with 6 points
Default scatterplot drawn with 6 points
Custom time range set to: "Fri Dec 19 01:35:29 2025" to "Fri Dec 19 01:50:29 2025"
GraphContainer: Setting current time to "01:50:29"
Data ranges updated - Y: 5 to 75 Time: "Fri Dec 19 01:35:29 2025" to "Fri Dec 19 01:50:29 2025" Interval: "15 minutes" Auto-update: disabled Range limiting: enabled
drawDataLine: no data available for series "ADOPTED"
Default scatterplot drawn with 6 points
Default scatterplot drawn with 6 points
Default scatterplot drawn with 6 points
Custom time range set to: "Fri Dec 19 01:35:29 2025" to "Fri Dec 19 01:50:29 2025"
GraphLayout: Container time scope changed from "Fri Dec 19 01:35:29 2025" to "Fri Dec 19 01:50:29 2025"
Data ranges updated - Y: 5 to 75 Time: "Fri Dec 19 01:35:29 2025" to "Fri Dec 19 01:50:29 2025" Interval: "15 minutes" Auto-update: disabled Range limiting: enabled
drawDataLine: no data available for series "ADOPTED"
Default scatterplot drawn with 6 points
Default scatterplot drawn with 6 points
Default scatterplot drawn with 6 points
Custom time range set to: "Fri Dec 19 01:35:29 2025" to "Fri Dec 19 01:50:29 2025"
Data ranges updated - Y: 5 to 75 Time: "Fri Dec 19 01:35:29 2025" to "Fri Dec 19 01:50:29 2025" Interval: "15 minutes" Auto-update: disabled Range limiting: enabled
drawDataLine: no data available for series "ADOPTED"
Default scatterplot drawn with 6 points
Default scatterplot drawn with 6 points
Default scatterplot drawn with 6 points
Custom time range set to: "Fri Dec 19 01:35:29 2025" to "Fri Dec 19 01:50:29 2025"
Data ranges updated - Y: 5 to 75 Time: "Fri Dec 19 01:35:29 2025" to "Fri Dec 19 01:50:29 2025" Interval: "15 minutes" Auto-update: disabled Range limiting: enabled
drawDataLine: no data available for series "ADOPTED"
Default scatterplot drawn with 6 points
Default scatterplot drawn with 6 points
Default scatterplot drawn with 6 points
Custom time range set to: "Fri Dec 19 01:35:29 2025" to "Fri Dec 19 01:50:29 2025"
GraphContainer: Set chevron label 1 to: "Start"
GraphContainer: Set chevron label 1 to: "Start"
GraphContainer: Set chevron label 1 to: "Start"
GraphContainer: Set chevron label 1 to: "Start"
GraphLayout: Set chevron label 1 to: "Start" for all visible containers
GraphContainer: Set chevron label 2 to: "Now"
GraphContainer: Set chevron label 2 to: "Now"
GraphContainer: Set chevron label 2 to: "Now"
GraphContainer: Set chevron label 2 to: "Now"
GraphLayout: Set chevron label 2 to: "Now" for all visible containers
GraphContainer: Set chevron label 3 to: "End"
GraphContainer: Set chevron label 3 to: "End"
GraphContainer: Set chevron label 3 to: "End"
GraphContainer: Set chevron label 3 to: "End"
GraphLayout: Set chevron label 3 to: "End" for all visible containers
Data ranges updated - Y: 5 to 75 Time: "Fri Dec 19 01:35:29 2025" to "Fri Dec 19 01:50:29 2025" Interval: "15 minutes" Auto-update: disabled Range limiting: enabled
drawDataLine: no data available for series "ADOPTED"
Default scatterplot drawn with 6 points
Default scatterplot drawn with 6 points
Default scatterplot drawn with 6 points
Custom time range set to: "Fri Dec 19 01:35:29 2025" to "Fri Dec 19 01:50:29 2025"
Data ranges updated - Y: 5 to 75 Time: "Fri Dec 19 01:35:29 2025" to "Fri Dec 19 01:50:29 2025" Interval: "15 minutes" Auto-update: disabled Range limiting: enabled
drawDataLine: no data available for series "ADOPTED"
Default scatterplot drawn with 6 points
Default scatterplot drawn with 6 points
Default scatterplot drawn with 6 points
Custom time range set to: "Fri Dec 19 01:35:29 2025" to "Fri Dec 19 01:50:29 2025"
GraphLayout: Container time scope changed from "Fri Dec 19 01:35:29 2025" to "Fri Dec 19 01:50:29 2025"
Data ranges updated - Y: 5 to 75 Time: "Fri Dec 19 01:35:29 2025" to "Fri Dec 19 01:50:29 2025" Interval: "15 minutes" Auto-update: disabled Range limiting: enabled
drawDataLine: no data available for series "ADOPTED"
Default scatterplot drawn with 6 points
Default scatterplot drawn with 6 points
Default scatterplot drawn with 6 points
Custom time range set to: "Fri Dec 19 01:35:29 2025" to "Fri Dec 19 01:50:29 2025"
Data ranges updated - Y: 5 to 75 Time: "Fri Dec 19 01:35:29 2025" to "Fri Dec 19 01:50:29 2025" Interval: "15 minutes" Auto-update: disabled Range limiting: enabled
drawDataLine: no data available for series "ADOPTED"
Default scatterplot drawn with 6 points
Default scatterplot drawn with 6 points
Default scatterplot drawn with 6 points
Custom time range set to: "Fri Dec 19 01:35:29 2025" to "Fri Dec 19 01:50:29 2025"
Data ranges updated - Y: 5 to 75 Time: "Fri Dec 19 01:35:29 2025" to "Fri Dec 19 01:50:29 2025" Interval: "15 minutes" Auto-update: disabled Range limiting: enabled
drawDataLine: no data available for series "ADOPTED"
Default scatterplot drawn with 6 points
Default scatterplot drawn with 6 points
Default scatterplot drawn with 6 points
Custom time range set to: "Fri Dec 19 01:35:29 2025" to "Fri Dec 19 01:50:29 2025"
GraphLayout: Container time scope changed from "Fri Dec 19 01:35:29 2025" to "Fri Dec 19 01:50:29 2025"
Data ranges updated - Y: 5 to 75 Time: "Fri Dec 19 01:35:29 2025" to "Fri Dec 19 01:50:29 2025" Interval: "15 minutes" Auto-update: disabled Range limiting: enabled
drawDataLine: no data available for series "ADOPTED"
Default scatterplot drawn with 6 points
Default scatterplot drawn with 6 points
Default scatterplot drawn with 6 points
Custom time range set to: "Fri Dec 19 01:35:29 2025" to "Fri Dec 19 01:50:29 2025"
Data ranges updated - Y: 5 to 75 Time: "Fri Dec 19 01:35:29 2025" to "Fri Dec 19 01:50:29 2025" Interval: "15 minutes" Auto-update: disabled Range limiting: enabled
drawDataLine: no data available for series "ADOPTED"
Default scatterplot drawn with 6 points
Default scatterplot drawn with 6 points
Default scatterplot drawn with 6 points
Custom time range set to: "Fri Dec 19 01:35:29 2025" to "Fri Dec 19 01:50:29 2025"
Data ranges updated - Y: 5 to 75 Time: "Fri Dec 19 01:35:29 2025" to "Fri Dec 19 01:50:29 2025" Interval: "15 minutes" Auto-update: disabled Range limiting: enabled
drawDataLine: no data available for series "ADOPTED"
Default scatterplot drawn with 6 points
Default scatterplot drawn with 6 points
Default scatterplot drawn with 6 points
Custom time range set to: "Fri Dec 19 01:35:29 2025" to "Fri Dec 19 01:50:29 2025"
Data ranges updated - Y: 5 to 75 Time: "Fri Dec 19 01:35:29 2025" to "Fri Dec 19 01:50:29 2025" Interval: "15 minutes" Auto-update: disabled Range limiting: enabled
drawDataLine: no data available for series "ADOPTED"
Default scatterplot drawn with 6 points
Default scatterplot drawn with 6 points
Default scatterplot drawn with 6 points
Custom time range set to: "Fri Dec 19 01:35:29 2025" to "Fri Dec 19 01:50:29 2025"
GraphLayout: Container time scope changed from "Fri Dec 19 01:35:29 2025" to "Fri Dec 19 01:50:29 2025"
Data ranges updated - Y: 5 to 75 Time: "Fri Dec 19 01:35:29 2025" to "Fri Dec 19 01:50:29 2025" Interval: "15 minutes" Auto-update: disabled Range limiting: enabled
drawDataLine: no data available for series "ADOPTED"
Default scatterplot drawn with 6 points
Default scatterplot drawn with 6 points
Default scatterplot drawn with 6 points
Custom time range set to: "Fri Dec 19 01:35:29 2025" to "Fri Dec 19 01:50:29 2025"
Data ranges updated - Y: 5 to 75 Time: "Fri Dec 19 01:35:29 2025" to "Fri Dec 19 01:50:29 2025" Interval: "15 minutes" Auto-update: disabled Range limiting: enabled
drawDataLine: no data available for series "ADOPTED"
Default scatterplot drawn with 6 points
Default scatterplot drawn with 6 points
Default scatterplot drawn with 6 points
Custom time range set to: "Fri Dec 19 01:35:29 2025" to "Fri Dec 19 01:50:29 2025"
Data ranges updated - Y: 5 to 75 Time: "Fri Dec 19 01:35:29 2025" to "Fri Dec 19 01:50:29 2025" Interval: "15 minutes" Auto-update: disabled Range limiting: enabled
drawDataLine: no data available for series "ADOPTED"
Default scatterplot drawn with 6 points
Default scatterplot drawn with 6 points
Default scatterplot drawn with 6 points
Custom time range set to: "Fri Dec 19 01:35:29 2025" to "Fri Dec 19 01:50:29 2025"
Data ranges updated - Y: 5 to 75 Time: "Fri Dec 19 01:35:29 2025" to "Fri Dec 19 01:50:29 2025" Interval: "15 minutes" Auto-update: disabled Range limiting: enabled
drawDataLine: no data available for series "ADOPTED"
Default scatterplot drawn with 6 points
Default scatterplot drawn with 6 points
Default scatterplot drawn with 6 points
Custom time range set to: "Fri Dec 19 01:35:29 2025" to "Fri Dec 19 01:50:29 2025"
Data ranges updated - Y: 5 to 75 Time: "Fri Dec 19 01:35:29 2025" to "Fri Dec 19 01:50:29 2025" Interval: "15 minutes" Auto-update: disabled Range limiting: enabled
drawDataLine: no data available for series "ADOPTED"
Default scatterplot drawn with 6 points
Default scatterplot drawn with 6 points
Default scatterplot drawn with 6 points
Custom time range set to: "Fri Dec 19 01:35:29 2025" to "Fri Dec 19 01:50:29 2025"
GraphLayout: Container time scope changed from "Fri Dec 19 01:35:29 2025" to "Fri Dec 19 01:50:29 2025"
Data ranges updated - Y: 5 to 75 Time: "Fri Dec 19 01:35:29 2025" to "Fri Dec 19 01:50:29 2025" Interval: "15 minutes" Auto-update: disabled Range limiting: enabled
drawDataLine: no data available for series "ADOPTED"
Default scatterplot drawn with 6 points
Default scatterplot drawn with 6 points
Default scatterplot drawn with 6 points
Custom time range set to: "Fri Dec 19 01:35:29 2025" to "Fri Dec 19 01:50:29 2025"
Data ranges updated - Y: 5 to 75 Time: "Fri Dec 19 01:35:29 2025" to "Fri Dec 19 01:50:29 2025" Interval: "15 minutes" Auto-update: disabled Range limiting: enabled
drawDataLine: no data available for series "ADOPTED"
Default scatterplot drawn with 6 points
Default scatterplot drawn with 6 points
Default scatterplot drawn with 6 points
Custom time range set to: "Fri Dec 19 01:35:29 2025" to "Fri Dec 19 01:50:29 2025"
Data ranges updated - Y: 5 to 75 Time: "Fri Dec 19 01:35:29 2025" to "Fri Dec 19 01:50:29 2025" Interval: "15 minutes" Auto-update: disabled Range limiting: enabled
drawDataLine: no data available for series "ADOPTED"
Default scatterplot drawn with 6 points
Default scatterplot drawn with 6 points
Default scatterplot drawn with 6 points
Custom time range set to: "Fri Dec 19 01:35:29 2025" to "Fri Dec 19 01:50:29 2025"
GraphLayout: Container time scope changed from "Fri Dec 19 01:35:29 2025" to "Fri Dec 19 01:50:29 2025"
Data ranges updated - Y: 5 to 75 Time: "Fri Dec 19 01:35:29 2025" to "Fri Dec 19 01:50:29 2025" Interval: "15 minutes" Auto-update: disabled Range limiting: enabled
drawDataLine: no data available for series "ADOPTED"
Default scatterplot drawn with 6 points
Default scatterplot drawn with 6 points
Default scatterplot drawn with 6 points
Custom time range set to: "Fri Dec 19 01:35:29 2025" to "Fri Dec 19 01:50:29 2025"
Data ranges updated - Y: 5 to 75 Time: "Fri Dec 19 01:35:29 2025" to "Fri Dec 19 01:50:29 2025" Interval: "15 minutes" Auto-update: disabled Range limiting: enabled
drawDataLine: no data available for series "ADOPTED"
Default scatterplot drawn with 6 points
Default scatterplot drawn with 6 points
Default scatterplot drawn with 6 points
Custom time range set to: "Fri Dec 19 01:35:29 2025" to "Fri Dec 19 01:50:29 2025"
Data ranges updated - Y: 5 to 75 Time: "Fri Dec 19 01:35:29 2025" to "Fri Dec 19 01:50:29 2025" Interval: "15 minutes" Auto-update: disabled Range limiting: enabled
drawDataLine: no data available for series "ADOPTED"
Default scatterplot drawn with 6 points
Default scatterplot drawn with 6 points
Default scatterplot drawn with 6 points
Custom time range set to: "Fri Dec 19 01:35:29 2025" to "Fri Dec 19 01:50:29 2025"
Data ranges updated - Y: 5 to 75 Time: "Fri Dec 19 01:35:29 2025" to "Fri Dec 19 01:50:29 2025" Interval: "15 minutes" Auto-update: disabled Range limiting: enabled
drawDataLine: no data available for series "ADOPTED"
Default scatterplot drawn with 6 points
Default scatterplot drawn with 6 points
Default scatterplot drawn with 6 points
Custom time range set to: "Fri Dec 19 01:35:29 2025" to "Fri Dec 19 01:50:29 2025"
GraphLayout: Container time scope changed from "Fri Dec 19 01:35:29 2025" to "Fri Dec 19 01:50:29 2025"
Data ranges updated - Y: 5 to 75 Time: "Fri Dec 19 01:35:29 2025" to "Fri Dec 19 01:50:29 2025" Interval: "15 minutes" Auto-update: disabled Range limiting: enabled
drawDataLine: no data available for series "ADOPTED"
Default scatterplot drawn with 6 points
Default scatterplot drawn with 6 points
Default scatterplot drawn with 6 points
Custom time range set to: "Fri Dec 19 01:35:29 2025" to "Fri Dec 19 01:50:29 2025"
Data ranges updated - Y: 5 to 75 Time: "Fri Dec 19 01:35:29 2025" to "Fri Dec 19 01:50:29 2025" Interval: "15 minutes" Auto-update: disabled Range limiting: enabled
drawDataLine: no data available for series "ADOPTED"
Default scatterplot drawn with 6 points
Default scatterplot drawn with 6 points
Default scatterplot drawn with 6 points
Custom time range set to: "Fri Dec 19 01:35:29 2025" to "Fri Dec 19 01:50:29 2025"
Data ranges updated - Y: 5 to 75 Time: "Fri Dec 19 01:35:29 2025" to "Fri Dec 19 01:50:29 2025" Interval: "15 minutes" Auto-update: disabled Range limiting: enabled
drawDataLine: no data available for series "ADOPTED"
Default scatterplot drawn with 6 points
Default scatterplot drawn with 6 points
Default scatterplot drawn with 6 points
Custom time range set to: "Fri Dec 19 01:35:29 2025" to "Fri Dec 19 01:50:29 2025"
Simulator::onTimerTick() called
Added data point to "FDW" series "FDW-1" y: 4.30476 time: "Fri Dec 19 01:50:29 2025"
Added data point to "FDW" series "FDW-2" y: 14.3048 time: "Fri Dec 19 01:50:29 2025"
Added data point to "BDW" series "BDW-1" y: -15.0425 time: "Fri Dec 19 01:50:29 2025"
Added data point to "BDW" series "BDW-2" y: -5.04254 time: "Fri Dec 19 01:50:29 2025"
Added data point to "BRW" series "BRW-1" y: 4.68986 time: "Fri Dec 19 01:50:29 2025"
Added data point to "BRW" series "BRW-2" y: 14.6899 time: "Fri Dec 19 01:50:29 2025"
Added data point to "LTW" series "LTW-1" y: 24.278 time: "Fri Dec 19 01:50:29 2025"
Added data point to "LTW" series "LTW-2" y: 34.278 time: "Fri Dec 19 01:50:29 2025"
Added data point to "BTW" series "BTW-1" y: 24.9224 time: "Fri Dec 19 01:50:29 2025"
Data ranges updated - Y: 5 to 75 Time: "Fri Dec 19 01:35:29 2025" to "Fri Dec 19 01:50:29 2025" Interval: "15 minutes" Auto-update: disabled Range limiting: enabled
drawDataLine: no data available for series "ADOPTED"
Default scatterplot drawn with 7 points
Default scatterplot drawn with 6 points
Default scatterplot drawn with 6 points
Custom time range set to: "Fri Dec 19 01:35:29 2025" to "Fri Dec 19 01:50:29 2025"
GraphContainer: Updated time range to show new data - "Fri Dec 19 01:35:29 2025" to "Fri Dec 19 01:50:29 2025"
GraphContainer: Using stored range limit for "BTW" - Min: 5 Max: 75
ZoomPanel: Original range values explicitly set - Left: 5 Center: 40 Right: 75
GraphContainer: Zoom panel limits updated - Min: 5 Center: 40 Max: 75 - User has not customized
Data ranges updated - Y: 5 to 75 Time: "Fri Dec 19 01:35:29 2025" to "Fri Dec 19 01:50:29 2025" Interval: "15 minutes" Auto-update: disabled Range limiting: enabled
drawDataLine: no data available for series "ADOPTED"
Default scatterplot drawn with 7 points
Default scatterplot drawn with 6 points
Default scatterplot drawn with 6 points
GraphContainer: Updated TimeSelectionVisualizer valid range to "01:50:22" to "01:50:29"
Data ranges updated - Y: 5 to 75 Time: "Fri Dec 19 01:35:29 2025" to "Fri Dec 19 01:50:29 2025" Interval: "15 minutes" Auto-update: disabled Range limiting: enabled
drawDataLine: no data available for series "ADOPTED"
Default scatterplot drawn with 7 points
Default scatterplot drawn with 6 points
Default scatterplot drawn with 6 points
Custom time range set to: "Fri Dec 19 01:35:29 2025" to "Fri Dec 19 01:50:29 2025"
GraphContainer: Updated time range to show new data - "Fri Dec 19 01:35:29 2025" to "Fri Dec 19 01:50:29 2025"
GraphContainer: Using stored range limit for "BTW" - Min: 5 Max: 75
ZoomPanel: Original range values explicitly set - Left: 5 Center: 40 Right: 75
GraphContainer: Zoom panel limits updated - Min: 5 Center: 40 Max: 75 - User has not customized
Data ranges updated - Y: 5 to 75 Time: "Fri Dec 19 01:35:29 2025" to "Fri Dec 19 01:50:29 2025" Interval: "15 minutes" Auto-update: disabled Range limiting: enabled
drawDataLine: no data available for series "ADOPTED"
Default scatterplot drawn with 7 points
Default scatterplot drawn with 6 points
Default scatterplot drawn with 6 points
GraphContainer: Updated TimeSelectionVisualizer valid range to "01:50:22" to "01:50:29"
Data ranges updated - Y: 5 to 75 Time: "Fri Dec 19 01:35:29 2025" to "Fri Dec 19 01:50:29 2025" Interval: "15 minutes" Auto-update: disabled Range limiting: enabled
drawDataLine: no data available for series "ADOPTED"
Default scatterplot drawn with 7 points
Default scatterplot drawn with 6 points
Default scatterplot drawn with 6 points
Custom time range set to: "Fri Dec 19 01:35:29 2025" to "Fri Dec 19 01:50:29 2025"
GraphContainer: Updated time range to show new data - "Fri Dec 19 01:35:29 2025" to "Fri Dec 19 01:50:29 2025"
GraphContainer: Using stored range limit for "BTW" - Min: 5 Max: 75
ZoomPanel: Original range values explicitly set - Left: 5 Center: 40 Right: 75
GraphContainer: Zoom panel limits updated - Min: 5 Center: 40 Max: 75 - User has not customized
Data ranges updated - Y: 5 to 75 Time: "Fri Dec 19 01:35:29 2025" to "Fri Dec 19 01:50:29 2025" Interval: "15 minutes" Auto-update: disabled Range limiting: enabled
drawDataLine: no data available for series "ADOPTED"
Default scatterplot drawn with 7 points
Default scatterplot drawn with 6 points
Default scatterplot drawn with 6 points
GraphContainer: Updated TimeSelectionVisualizer valid range to "01:50:22" to "01:50:29"
Data ranges updated - Y: 5 to 75 Time: "Fri Dec 19 01:35:29 2025" to "Fri Dec 19 01:50:29 2025" Interval: "15 minutes" Auto-update: disabled Range limiting: enabled
drawDataLine: no data available for series "ADOPTED"
Default scatterplot drawn with 7 points
Default scatterplot drawn with 6 points
Default scatterplot drawn with 6 points
Custom time range set to: "Fri Dec 19 01:35:29 2025" to "Fri Dec 19 01:50:29 2025"
GraphContainer: Updated time range to show new data - "Fri Dec 19 01:35:29 2025" to "Fri Dec 19 01:50:29 2025"
GraphContainer: Using stored range limit for "BTW" - Min: 5 Max: 75
ZoomPanel: Original range values explicitly set - Left: 5 Center: 40 Right: 75
GraphContainer: Zoom panel limits updated - Min: 5 Center: 40 Max: 75 - User has not customized
Data ranges updated - Y: 5 to 75 Time: "Fri Dec 19 01:35:29 2025" to "Fri Dec 19 01:50:29 2025" Interval: "15 minutes" Auto-update: disabled Range limiting: enabled
drawDataLine: no data available for series "ADOPTED"
Default scatterplot drawn with 7 points
Default scatterplot drawn with 6 points
Default scatterplot drawn with 6 points
GraphContainer: Updated TimeSelectionVisualizer valid range to "01:50:22" to "01:50:29"
Added data point to "BTW" series "BTW-2" y: 34.9224 time: "Fri Dec 19 01:50:29 2025"
GraphContainer: Using stored range limit for "BTW" - Min: 5 Max: 75
ZoomPanel: Original range values explicitly set - Left: 5 Center: 40 Right: 75
GraphContainer: Zoom panel limits updated - Min: 5 Center: 40 Max: 75 - User has not customized
Data ranges updated - Y: 5 to 75 Time: "Fri Dec 19 01:35:29 2025" to "Fri Dec 19 01:50:29 2025" Interval: "15 minutes" Auto-update: disabled Range limiting: enabled
drawDataLine: no data available for series "ADOPTED"
Default scatterplot drawn with 7 points
Default scatterplot drawn with 7 points
Default scatterplot drawn with 6 points
GraphContainer: Updated TimeSelectionVisualizer valid range to "01:50:22" to "01:50:29"
GraphContainer: Using stored range limit for "BTW" - Min: 5 Max: 75
ZoomPanel: Original range values explicitly set - Left: 5 Center: 40 Right: 75
GraphContainer: Zoom panel limits updated - Min: 5 Center: 40 Max: 75 - User has not customized
Data ranges updated - Y: 5 to 75 Time: "Fri Dec 19 01:35:29 2025" to "Fri Dec 19 01:50:29 2025" Interval: "15 minutes" Auto-update: disabled Range limiting: enabled
drawDataLine: no data available for series "ADOPTED"
Default scatterplot drawn with 7 points
Default scatterplot drawn with 7 points
Default scatterplot drawn with 6 points
GraphContainer: Updated TimeSelectionVisualizer valid range to "01:50:22" to "01:50:29"
GraphContainer: Using stored range limit for "BTW" - Min: 5 Max: 75
ZoomPanel: Original range values explicitly set - Left: 5 Center: 40 Right: 75
GraphContainer: Zoom panel limits updated - Min: 5 Center: 40 Max: 75 - User has not customized
Data ranges updated - Y: 5 to 75 Time: "Fri Dec 19 01:35:29 2025" to "Fri Dec 19 01:50:29 2025" Interval: "15 minutes" Auto-update: disabled Range limiting: enabled
drawDataLine: no data available for series "ADOPTED"
Default scatterplot drawn with 7 points
Default scatterplot drawn with 7 points
Default scatterplot drawn with 6 points
GraphContainer: Updated TimeSelectionVisualizer valid range to "01:50:22" to "01:50:29"
GraphContainer: Using stored range limit for "BTW" - Min: 5 Max: 75
ZoomPanel: Original range values explicitly set - Left: 5 Center: 40 Right: 75
GraphContainer: Zoom panel limits updated - Min: 5 Center: 40 Max: 75 - User has not customized
Data ranges updated - Y: 5 to 75 Time: "Fri Dec 19 01:35:29 2025" to "Fri Dec 19 01:50:29 2025" Interval: "15 minutes" Auto-update: disabled Range limiting: enabled
drawDataLine: no data available for series "ADOPTED"
Default scatterplot drawn with 7 points
Default scatterplot drawn with 7 points
Default scatterplot drawn with 6 points
GraphContainer: Updated TimeSelectionVisualizer valid range to "01:50:22" to "01:50:29"
Added data point to "BTW" series "BTW-3" y: 34.9224 time: "Fri Dec 19 01:50:29 2025"
GraphContainer: Using stored range limit for "BTW" - Min: 5 Max: 75
ZoomPanel: Original range values explicitly set - Left: 5 Center: 40 Right: 75
GraphContainer: Zoom panel limits updated - Min: 5 Center: 40 Max: 75 - User has not customized
Data ranges updated - Y: 5 to 75 Time: "Fri Dec 19 01:35:29 2025" to "Fri Dec 19 01:50:29 2025" Interval: "15 minutes" Auto-update: disabled Range limiting: enabled
drawDataLine: no data available for series "ADOPTED"
Default scatterplot drawn with 7 points
Default scatterplot drawn with 7 points
Default scatterplot drawn with 7 points
GraphContainer: Updated TimeSelectionVisualizer valid range to "01:50:22" to "01:50:29"
GraphContainer: Using stored range limit for "BTW" - Min: 5 Max: 75
ZoomPanel: Original range values explicitly set - Left: 5 Center: 40 Right: 75
GraphContainer: Zoom panel limits updated - Min: 5 Center: 40 Max: 75 - User has not customized
Data ranges updated - Y: 5 to 75 Time: "Fri Dec 19 01:35:29 2025" to "Fri Dec 19 01:50:29 2025" Interval: "15 minutes" Auto-update: disabled Range limiting: enabled
drawDataLine: no data available for series "ADOPTED"
Default scatterplot drawn with 7 points
Default scatterplot drawn with 7 points
Default scatterplot drawn with 7 points
GraphContainer: Updated TimeSelectionVisualizer valid range to "01:50:22" to "01:50:29"
GraphContainer: Using stored range limit for "BTW" - Min: 5 Max: 75
ZoomPanel: Original range values explicitly set - Left: 5 Center: 40 Right: 75
GraphContainer: Zoom panel limits updated - Min: 5 Center: 40 Max: 75 - User has not customized
Data ranges updated - Y: 5 to 75 Time: "Fri Dec 19 01:35:29 2025" to "Fri Dec 19 01:50:29 2025" Interval: "15 minutes" Auto-update: disabled Range limiting: enabled
drawDataLine: no data available for series "ADOPTED"
Default scatterplot drawn with 7 points
Default scatterplot drawn with 7 points
Default scatterplot drawn with 7 points
GraphContainer: Updated TimeSelectionVisualizer valid range to "01:50:22" to "01:50:29"
GraphContainer: Using stored range limit for "BTW" - Min: 5 Max: 75
ZoomPanel: Original range values explicitly set - Left: 5 Center: 40 Right: 75
GraphContainer: Zoom panel limits updated - Min: 5 Center: 40 Max: 75 - User has not customized
Data ranges updated - Y: 5 to 75 Time: "Fri Dec 19 01:35:29 2025" to "Fri Dec 19 01:50:29 2025" Interval: "15 minutes" Auto-update: disabled Range limiting: enabled
drawDataLine: no data available for series "ADOPTED"
Default scatterplot drawn with 7 points
Default scatterplot drawn with 7 points
Default scatterplot drawn with 7 points
GraphContainer: Updated TimeSelectionVisualizer valid range to "01:50:22" to "01:50:29"
Added data point to "RTW" series "RTW-1" y: 11.9507 time: "Fri Dec 19 01:50:29 2025"
Added data point to "RTW" series "ADOPTED" y: 21.9507 time: "Fri Dec 19 01:50:29 2025"
Added data point to "FTW" series "FTW-1" y: 19.5465 time: "Fri Dec 19 01:50:29 2025"
Added data point to "FTW" series "FTW-2" y: 29.5465 time: "Fri Dec 19 01:50:29 2025"
Added data points - FDW: 4.30476 BDW: -15.0425 BRW: 4.68986 LTW: 24.278 BTW: 24.9224 RTW: 11.9507 FTW: 19.5465
TimeScopeChanged - Start: "01:35:30" End: "01:50:30" Duration: "00:15:00"
BDW zero axis drawn at x: 0
Custom time range set to: "Fri Dec 19 01:35:30 2025" to "Fri Dec 19 01:50:30 2025"
BDW zero axis drawn at x: 0
Custom time range set to: "Fri Dec 19 01:35:30 2025" to "Fri Dec 19 01:50:30 2025"
GraphContainer: Setting current time to "01:50:30"
Data ranges updated - Y: 5 to 75 Time: "Fri Dec 19 01:35:30 2025" to "Fri Dec 19 01:50:30 2025" Interval: "15 minutes" Auto-update: disabled Range limiting: enabled
drawDataLine: no data available for series "ADOPTED"
Default scatterplot drawn with 7 points
Default scatterplot drawn with 7 points
Default scatterplot drawn with 7 points
Custom time range set to: "Fri Dec 19 01:35:30 2025" to "Fri Dec 19 01:50:30 2025"
Data ranges updated - Y: 5 to 75 Time: "Fri Dec 19 01:35:30 2025" to "Fri Dec 19 01:50:30 2025" Interval: "15 minutes" Auto-update: disabled Range limiting: enabled
drawDataLine: no data available for series "ADOPTED"
Default scatterplot drawn with 7 points
Default scatterplot drawn with 7 points
Default scatterplot drawn with 7 points
Custom time range set to: "Fri Dec 19 01:35:30 2025" to "Fri Dec 19 01:50:30 2025"
GraphLayout: Container time scope changed from "Fri Dec 19 01:35:30 2025" to "Fri Dec 19 01:50:30 2025"
Data ranges updated - Y: 5 to 75 Time: "Fri Dec 19 01:35:30 2025" to "Fri Dec 19 01:50:30 2025" Interval: "15 minutes" Auto-update: disabled Range limiting: enabled
drawDataLine: no data available for series "ADOPTED"
Default scatterplot drawn with 7 points
Default scatterplot drawn with 7 points
Default scatterplot drawn with 7 points
Custom time range set to: "Fri Dec 19 01:35:30 2025" to "Fri Dec 19 01:50:30 2025"
Data ranges updated - Y: 5 to 75 Time: "Fri Dec 19 01:35:30 2025" to "Fri Dec 19 01:50:30 2025" Interval: "15 minutes" Auto-update: disabled Range limiting: enabled
drawDataLine: no data available for series "ADOPTED"
Default scatterplot drawn with 7 points
Default scatterplot drawn with 7 points
Default scatterplot drawn with 7 points
Custom time range set to: "Fri Dec 19 01:35:30 2025" to "Fri Dec 19 01:50:30 2025"
Data ranges updated - Y: 5 to 75 Time: "Fri Dec 19 01:35:30 2025" to "Fri Dec 19 01:50:30 2025" Interval: "15 minutes" Auto-update: disabled Range limiting: enabled
drawDataLine: no data available for series "ADOPTED"
Default scatterplot drawn with 7 points
Default scatterplot drawn with 7 points
Default scatterplot drawn with 7 points
Custom time range set to: "Fri Dec 19 01:35:30 2025" to "Fri Dec 19 01:50:30 2025"
GraphLayout: Container time scope changed from "Fri Dec 19 01:35:30 2025" to "Fri Dec 19 01:50:30 2025"
Data ranges updated - Y: 5 to 75 Time: "Fri Dec 19 01:35:30 2025" to "Fri Dec 19 01:50:30 2025" Interval: "15 minutes" Auto-update: disabled Range limiting: enabled
drawDataLine: no data available for series "ADOPTED"
Default scatterplot drawn with 7 points
Default scatterplot drawn with 7 points
Default scatterplot drawn with 7 points
Custom time range set to: "Fri Dec 19 01:35:30 2025" to "Fri Dec 19 01:50:30 2025"
Data ranges updated - Y: 5 to 75 Time: "Fri Dec 19 01:35:30 2025" to "Fri Dec 19 01:50:30 2025" Interval: "15 minutes" Auto-update: disabled Range limiting: enabled
drawDataLine: no data available for series "ADOPTED"
Default scatterplot drawn with 7 points
Default scatterplot drawn with 7 points
Default scatterplot drawn with 7 points
Custom time range set to: "Fri Dec 19 01:35:30 2025" to "Fri Dec 19 01:50:30 2025"
Data ranges updated - Y: 5 to 75 Time: "Fri Dec 19 01:35:30 2025" to "Fri Dec 19 01:50:30 2025" Interval: "15 minutes" Auto-update: disabled Range limiting: enabled
drawDataLine: no data available for series "ADOPTED"
Default scatterplot drawn with 7 points
Default scatterplot drawn with 7 points
Default scatterplot drawn with 7 points
Custom time range set to: "Fri Dec 19 01:35:30 2025" to "Fri Dec 19 01:50:30 2025"
GraphContainer: Setting current time to "01:50:30"
Data ranges updated - Y: 5 to 75 Time: "Fri Dec 19 01:35:30 2025" to "Fri Dec 19 01:50:30 2025" Interval: "15 minutes" Auto-update: disabled Range limiting: enabled
drawDataLine: no data available for series "ADOPTED"
Default scatterplot drawn with 7 points
Default scatterplot drawn with 7 points
Default scatterplot drawn with 7 points
Custom time range set to: "Fri Dec 19 01:35:30 2025" to "Fri Dec 19 01:50:30 2025"
GraphLayout: Container time scope changed from "Fri Dec 19 01:35:30 2025" to "Fri Dec 19 01:50:30 2025"
Data ranges updated - Y: 5 to 75 Time: "Fri Dec 19 01:35:30 2025" to "Fri Dec 19 01:50:30 2025" Interval: "15 minutes" Auto-update: disabled Range limiting: enabled
drawDataLine: no data available for series "ADOPTED"
Default scatterplot drawn with 7 points
Default scatterplot drawn with 7 points
Default scatterplot drawn with 7 points
Custom time range set to: "Fri Dec 19 01:35:30 2025" to "Fri Dec 19 01:50:30 2025"
Data ranges updated - Y: 5 to 75 Time: "Fri Dec 19 01:35:30 2025" to "Fri Dec 19 01:50:30 2025" Interval: "15 minutes" Auto-update: disabled Range limiting: enabled
drawDataLine: no data available for series "ADOPTED"
Default scatterplot drawn with 7 points
Default scatterplot drawn with 7 points
Default scatterplot drawn with 7 points
Custom time range set to: "Fri Dec 19 01:35:30 2025" to "Fri Dec 19 01:50:30 2025"
Data ranges updated - Y: 5 to 75 Time: "Fri Dec 19 01:35:30 2025" to "Fri Dec 19 01:50:30 2025" Interval: "15 minutes" Auto-update: disabled Range limiting: enabled
drawDataLine: no data available for series "ADOPTED"
Default scatterplot drawn with 7 points
Default scatterplot drawn with 7 points
Default scatterplot drawn with 7 points
Custom time range set to: "Fri Dec 19 01:35:30 2025" to "Fri Dec 19 01:50:30 2025"
GraphContainer: Setting current time to "01:50:30"
Data ranges updated - Y: 5 to 75 Time: "Fri Dec 19 01:35:30 2025" to "Fri Dec 19 01:50:30 2025" Interval: "15 minutes" Auto-update: disabled Range limiting: enabled
drawDataLine: no data available for series "ADOPTED"
Default scatterplot drawn with 7 points
Default scatterplot drawn with 7 points
Default scatterplot drawn with 7 points
Custom time range set to: "Fri Dec 19 01:35:30 2025" to "Fri Dec 19 01:50:30 2025"
Data ranges updated - Y: 5 to 75 Time: "Fri Dec 19 01:35:30 2025" to "Fri Dec 19 01:50:30 2025" Interval: "15 minutes" Auto-update: disabled Range limiting: enabled
drawDataLine: no data available for series "ADOPTED"
Default scatterplot drawn with 7 points
Default scatterplot drawn with 7 points
Default scatterplot drawn with 7 points
Custom time range set to: "Fri Dec 19 01:35:30 2025" to "Fri Dec 19 01:50:30 2025"
GraphLayout: Container time scope changed from "Fri Dec 19 01:35:30 2025" to "Fri Dec 19 01:50:30 2025"
Data ranges updated - Y: 5 to 75 Time: "Fri Dec 19 01:35:30 2025" to "Fri Dec 19 01:50:30 2025" Interval: "15 minutes" Auto-update: disabled Range limiting: enabled
drawDataLine: no data available for series "ADOPTED"
Default scatterplot drawn with 7 points
Default scatterplot drawn with 7 points
Default scatterplot drawn with 7 points
Custom time range set to: "Fri Dec 19 01:35:30 2025" to "Fri Dec 19 01:50:30 2025"
Data ranges updated - Y: 5 to 75 Time: "Fri Dec 19 01:35:30 2025" to "Fri Dec 19 01:50:30 2025" Interval: "15 minutes" Auto-update: disabled Range limiting: enabled
drawDataLine: no data available for series "ADOPTED"
Default scatterplot drawn with 7 points
Default scatterplot drawn with 7 points
Default scatterplot drawn with 7 points
Custom time range set to: "Fri Dec 19 01:35:30 2025" to "Fri Dec 19 01:50:30 2025"
Data ranges updated - Y: 5 to 75 Time: "Fri Dec 19 01:35:30 2025" to "Fri Dec 19 01:50:30 2025" Interval: "15 minutes" Auto-update: disabled Range limiting: enabled
drawDataLine: no data available for series "ADOPTED"
Default scatterplot drawn with 7 points
Default scatterplot drawn with 7 points
Default scatterplot drawn with 7 points
Custom time range set to: "Fri Dec 19 01:35:30 2025" to "Fri Dec 19 01:50:30 2025"
GraphLayout: Container time scope changed from "Fri Dec 19 01:35:30 2025" to "Fri Dec 19 01:50:30 2025"
Data ranges updated - Y: 5 to 75 Time: "Fri Dec 19 01:35:30 2025" to "Fri Dec 19 01:50:30 2025" Interval: "15 minutes" Auto-update: disabled Range limiting: enabled
drawDataLine: no data available for series "ADOPTED"
Default scatterplot drawn with 7 points
Default scatterplot drawn with 7 points
Default scatterplot drawn with 7 points
Custom time range set to: "Fri Dec 19 01:35:30 2025" to "Fri Dec 19 01:50:30 2025"
Data ranges updated - Y: 5 to 75 Time: "Fri Dec 19 01:35:30 2025" to "Fri Dec 19 01:50:30 2025" Interval: "15 minutes" Auto-update: disabled Range limiting: enabled
drawDataLine: no data available for series "ADOPTED"
Default scatterplot drawn with 7 points
Default scatterplot drawn with 7 points
Default scatterplot drawn with 7 points
Custom time range set to: "Fri Dec 19 01:35:30 2025" to "Fri Dec 19 01:50:30 2025"
Data ranges updated - Y: 5 to 75 Time: "Fri Dec 19 01:35:30 2025" to "Fri Dec 19 01:50:30 2025" Interval: "15 minutes" Auto-update: disabled Range limiting: enabled
drawDataLine: no data available for series "ADOPTED"
Default scatterplot drawn with 7 points
Default scatterplot drawn with 7 points
Default scatterplot drawn with 7 points
Custom time range set to: "Fri Dec 19 01:35:30 2025" to "Fri Dec 19 01:50:30 2025"
GraphContainer: Setting current time to "01:50:30"
Data ranges updated - Y: 5 to 75 Time: "Fri Dec 19 01:35:30 2025" to "Fri Dec 19 01:50:30 2025" Interval: "15 minutes" Auto-update: disabled Range limiting: enabled
drawDataLine: no data available for series "ADOPTED"
Default scatterplot drawn with 7 points
Default scatterplot drawn with 7 points
Default scatterplot drawn with 7 points
Custom time range set to: "Fri Dec 19 01:35:30 2025" to "Fri Dec 19 01:50:30 2025"
GraphLayout: Container time scope changed from "Fri Dec 19 01:35:30 2025" to "Fri Dec 19 01:50:30 2025"
Data ranges updated - Y: 5 to 75 Time: "Fri Dec 19 01:35:30 2025" to "Fri Dec 19 01:50:30 2025" Interval: "15 minutes" Auto-update: disabled Range limiting: enabled
drawDataLine: no data available for series "ADOPTED"
Default scatterplot drawn with 7 points
Default scatterplot drawn with 7 points
Default scatterplot drawn with 7 points
Custom time range set to: "Fri Dec 19 01:35:30 2025" to "Fri Dec 19 01:50:30 2025"
Data ranges updated - Y: 5 to 75 Time: "Fri Dec 19 01:35:30 2025" to "Fri Dec 19 01:50:30 2025" Interval: "15 minutes" Auto-update: disabled Range limiting: enabled
drawDataLine: no data available for series "ADOPTED"
Default scatterplot drawn with 7 points
Default scatterplot drawn with 7 points
Default scatterplot drawn with 7 points
Custom time range set to: "Fri Dec 19 01:35:30 2025" to "Fri Dec 19 01:50:30 2025"
Data ranges updated - Y: 5 to 75 Time: "Fri Dec 19 01:35:30 2025" to "Fri Dec 19 01:50:30 2025" Interval: "15 minutes" Auto-update: disabled Range limiting: enabled
drawDataLine: no data available for series "ADOPTED"
Default scatterplot drawn with 7 points
Default scatterplot drawn with 7 points
Default scatterplot drawn with 7 points
Custom time range set to: "Fri Dec 19 01:35:30 2025" to "Fri Dec 19 01:50:30 2025"
GraphContainer: Set chevron label 1 to: "Start"
GraphContainer: Set chevron label 1 to: "Start"
GraphContainer: Set chevron label 1 to: "Start"
GraphContainer: Set chevron label 1 to: "Start"
GraphLayout: Set chevron label 1 to: "Start" for all visible containers
GraphContainer: Set chevron label 2 to: "Now"
GraphContainer: Set chevron label 2 to: "Now"
GraphContainer: Set chevron label 2 to: "Now"
GraphContainer: Set chevron label 2 to: "Now"
GraphLayout: Set chevron label 2 to: "Now" for all visible containers
GraphContainer: Set chevron label 3 to: "End"
GraphContainer: Set chevron label 3 to: "End"
GraphContainer: Set chevron label 3 to: "End"
GraphContainer: Set chevron label 3 to: "End"
GraphLayout: Set chevron label 3 to: "End" for all visible containers
Data ranges updated - Y: 5 to 75 Time: "Fri Dec 19 01:35:30 2025" to "Fri Dec 19 01:50:30 2025" Interval: "15 minutes" Auto-update: disabled Range limiting: enabled
drawDataLine: no data available for series "ADOPTED"
Default scatterplot drawn with 7 points
Default scatterplot drawn with 7 points
Default scatterplot drawn with 7 points
Custom time range set to: "Fri Dec 19 01:35:30 2025" to "Fri Dec 19 01:50:30 2025"
Data ranges updated - Y: 5 to 75 Time: "Fri Dec 19 01:35:30 2025" to "Fri Dec 19 01:50:30 2025" Interval: "15 minutes" Auto-update: disabled Range limiting: enabled
drawDataLine: no data available for series "ADOPTED"
Default scatterplot drawn with 7 points
Default scatterplot drawn with 7 points
Default scatterplot drawn with 7 points
Custom time range set to: "Fri Dec 19 01:35:30 2025" to "Fri Dec 19 01:50:30 2025"
GraphLayout: Container time scope changed from "Fri Dec 19 01:35:30 2025" to "Fri Dec 19 01:50:30 2025"
Data ranges updated - Y: 5 to 75 Time: "Fri Dec 19 01:35:30 2025" to "Fri Dec 19 01:50:30 2025" Interval: "15 minutes" Auto-update: disabled Range limiting: enabled
drawDataLine: no data available for series "ADOPTED"
Default scatterplot drawn with 7 points
Default scatterplot drawn with 7 points
Default scatterplot drawn with 7 points
Custom time range set to: "Fri Dec 19 01:35:30 2025" to "Fri Dec 19 01:50:30 2025"
Data ranges updated - Y: 5 to 75 Time: "Fri Dec 19 01:35:30 2025" to "Fri Dec 19 01:50:30 2025" Interval: "15 minutes" Auto-update: disabled Range limiting: enabled
drawDataLine: no data available for series "ADOPTED"
Default scatterplot drawn with 7 points
Default scatterplot drawn with 7 points
Default scatterplot drawn with 7 points
Custom time range set to: "Fri Dec 19 01:35:30 2025" to "Fri Dec 19 01:50:30 2025"
Data ranges updated - Y: 5 to 75 Time: "Fri Dec 19 01:35:30 2025" to "Fri Dec 19 01:50:30 2025" Interval: "15 minutes" Auto-update: disabled Range limiting: enabled
drawDataLine: no data available for series "ADOPTED"
Default scatterplot drawn with 7 points
Default scatterplot drawn with 7 points
Default scatterplot drawn with 7 points
Custom time range set to: "Fri Dec 19 01:35:30 2025" to "Fri Dec 19 01:50:30 2025"
GraphLayout: Container time scope changed from "Fri Dec 19 01:35:30 2025" to "Fri Dec 19 01:50:30 2025"
Data ranges updated - Y: 5 to 75 Time: "Fri Dec 19 01:35:30 2025" to "Fri Dec 19 01:50:30 2025" Interval: "15 minutes" Auto-update: disabled Range limiting: enabled
drawDataLine: no data available for series "ADOPTED"
Default scatterplot drawn with 7 points
Default scatterplot drawn with 7 points
Default scatterplot drawn with 7 points
Custom time range set to: "Fri Dec 19 01:35:30 2025" to "Fri Dec 19 01:50:30 2025"
Data ranges updated - Y: 5 to 75 Time: "Fri Dec 19 01:35:30 2025" to "Fri Dec 19 01:50:30 2025" Interval: "15 minutes" Auto-update: disabled Range limiting: enabled
drawDataLine: no data available for series "ADOPTED"
Default scatterplot drawn with 7 points
Default scatterplot drawn with 7 points
Default scatterplot drawn with 7 points
Custom time range set to: "Fri Dec 19 01:35:30 2025" to "Fri Dec 19 01:50:30 2025"
Data ranges updated - Y: 5 to 75 Time: "Fri Dec 19 01:35:30 2025" to "Fri Dec 19 01:50:30 2025" Interval: "15 minutes" Auto-update: disabled Range limiting: enabled
drawDataLine: no data available for series "ADOPTED"
Default scatterplot drawn with 7 points
Default scatterplot drawn with 7 points
Default scatterplot drawn with 7 points
Custom time range set to: "Fri Dec 19 01:35:30 2025" to "Fri Dec 19 01:50:30 2025"
Data ranges updated - Y: 5 to 75 Time: "Fri Dec 19 01:35:30 2025" to "Fri Dec 19 01:50:30 2025" Interval: "15 minutes" Auto-update: disabled Range limiting: enabled
drawDataLine: no data available for series "ADOPTED"
Default scatterplot drawn with 7 points
Default scatterplot drawn with 7 points
Default scatterplot drawn with 7 points
Custom time range set to: "Fri Dec 19 01:35:30 2025" to "Fri Dec 19 01:50:30 2025"
GraphLayout: Container time scope changed from "Fri Dec 19 01:35:30 2025" to "Fri Dec 19 01:50:30 2025"
Data ranges updated - Y: 5 to 75 Time: "Fri Dec 19 01:35:30 2025" to "Fri Dec 19 01:50:30 2025" Interval: "15 minutes" Auto-update: disabled Range limiting: enabled
drawDataLine: no data available for series "ADOPTED"
Default scatterplot drawn with 7 points
Default scatterplot drawn with 7 points
Default scatterplot drawn with 7 points
Custom time range set to: "Fri Dec 19 01:35:30 2025" to "Fri Dec 19 01:50:30 2025"
Data ranges updated - Y: 5 to 75 Time: "Fri Dec 19 01:35:30 2025" to "Fri Dec 19 01:50:30 2025" Interval: "15 minutes" Auto-update: disabled Range limiting: enabled
drawDataLine: no data available for series "ADOPTED"
Default scatterplot drawn with 7 points
Default scatterplot drawn with 7 points
Default scatterplot drawn with 7 points
Custom time range set to: "Fri Dec 19 01:35:30 2025" to "Fri Dec 19 01:50:30 2025"
Data ranges updated - Y: 5 to 75 Time: "Fri Dec 19 01:35:30 2025" to "Fri Dec 19 01:50:30 2025" Interval: "15 minutes" Auto-update: disabled Range limiting: enabled
drawDataLine: no data available for series "ADOPTED"
Default scatterplot drawn with 7 points
Default scatterplot drawn with 7 points
Default scatterplot drawn with 7 points
Custom time range set to: "Fri Dec 19 01:35:30 2025" to "Fri Dec 19 01:50:30 2025"
Data ranges updated - Y: 5 to 75 Time: "Fri Dec 19 01:35:30 2025" to "Fri Dec 19 01:50:30 2025" Interval: "15 minutes" Auto-update: disabled Range limiting: enabled
drawDataLine: no data available for series "ADOPTED"
Default scatterplot drawn with 7 points
Default scatterplot drawn with 7 points
Default scatterplot drawn with 7 points
Custom time range set to: "Fri Dec 19 01:35:30 2025" to "Fri Dec 19 01:50:30 2025"
Data ranges updated - Y: 5 to 75 Time: "Fri Dec 19 01:35:30 2025" to "Fri Dec 19 01:50:30 2025" Interval: "15 minutes" Auto-update: disabled Range limiting: enabled
drawDataLine: no data available for series "ADOPTED"
Default scatterplot drawn with 7 points
Default scatterplot drawn with 7 points
Default scatterplot drawn with 7 points
Custom time range set to: "Fri Dec 19 01:35:30 2025" to "Fri Dec 19 01:50:30 2025"
GraphLayout: Container time scope changed from "Fri Dec 19 01:35:30 2025" to "Fri Dec 19 01:50:30 2025"
Data ranges updated - Y: 5 to 75 Time: "Fri Dec 19 01:35:30 2025" to "Fri Dec 19 01:50:30 2025" Interval: "15 minutes" Auto-update: disabled Range limiting: enabled
drawDataLine: no data available for series "ADOPTED"
Default scatterplot drawn with 7 points
Default scatterplot drawn with 7 points
Default scatterplot drawn with 7 points
Custom time range set to: "Fri Dec 19 01:35:30 2025" to "Fri Dec 19 01:50:30 2025"
Data ranges updated - Y: 5 to 75 Time: "Fri Dec 19 01:35:30 2025" to "Fri Dec 19 01:50:30 2025" Interval: "15 minutes" Auto-update: disabled Range limiting: enabled
drawDataLine: no data available for series "ADOPTED"
Default scatterplot drawn with 7 points
Default scatterplot drawn with 7 points
Default scatterplot drawn with 7 points
Custom time range set to: "Fri Dec 19 01:35:30 2025" to "Fri Dec 19 01:50:30 2025"
Data ranges updated - Y: 5 to 75 Time: "Fri Dec 19 01:35:30 2025" to "Fri Dec 19 01:50:30 2025" Interval: "15 minutes" Auto-update: disabled Range limiting: enabled
drawDataLine: no data available for series "ADOPTED"
Default scatterplot drawn with 7 points
Default scatterplot drawn with 7 points
Default scatterplot drawn with 7 points
Custom time range set to: "Fri Dec 19 01:35:30 2025" to "Fri Dec 19 01:50:30 2025"
GraphLayout: Container time scope changed from "Fri Dec 19 01:35:30 2025" to "Fri Dec 19 01:50:30 2025"
Data ranges updated - Y: 5 to 75 Time: "Fri Dec 19 01:35:30 2025" to "Fri Dec 19 01:50:30 2025" Interval: "15 minutes" Auto-update: disabled Range limiting: enabled
drawDataLine: no data available for series "ADOPTED"
Default scatterplot drawn with 7 points
Default scatterplot drawn with 7 points
Default scatterplot drawn with 7 points
Custom time range set to: "Fri Dec 19 01:35:30 2025" to "Fri Dec 19 01:50:30 2025"
Data ranges updated - Y: 5 to 75 Time: "Fri Dec 19 01:35:30 2025" to "Fri Dec 19 01:50:30 2025" Interval: "15 minutes" Auto-update: disabled Range limiting: enabled
drawDataLine: no data available for series "ADOPTED"
Default scatterplot drawn with 7 points
Default scatterplot drawn with 7 points
Default scatterplot drawn with 7 points
Custom time range set to: "Fri Dec 19 01:35:30 2025" to "Fri Dec 19 01:50:30 2025"
Data ranges updated - Y: 5 to 75 Time: "Fri Dec 19 01:35:30 2025" to "Fri Dec 19 01:50:30 2025" Interval: "15 minutes" Auto-update: disabled Range limiting: enabled
drawDataLine: no data available for series "ADOPTED"
Default scatterplot drawn with 7 points
Default scatterplot drawn with 7 points
Default scatterplot drawn with 7 points
Custom time range set to: "Fri Dec 19 01:35:30 2025" to "Fri Dec 19 01:50:30 2025"
Data ranges updated - Y: 5 to 75 Time: "Fri Dec 19 01:35:30 2025" to "Fri Dec 19 01:50:30 2025" Interval: "15 minutes" Auto-update: disabled Range limiting: enabled
drawDataLine: no data available for series "ADOPTED"
Default scatterplot drawn with 7 points
Default scatterplot drawn with 7 points
Default scatterplot drawn with 7 points
Custom time range set to: "Fri Dec 19 01:35:30 2025" to "Fri Dec 19 01:50:30 2025"
GraphLayout: Container time scope changed from "Fri Dec 19 01:35:30 2025" to "Fri Dec 19 01:50:30 2025"
Data ranges updated - Y: 5 to 75 Time: "Fri Dec 19 01:35:30 2025" to "Fri Dec 19 01:50:30 2025" Interval: "15 minutes" Auto-update: disabled Range limiting: enabled
drawDataLine: no data available for series "ADOPTED"
Default scatterplot drawn with 7 points
Default scatterplot drawn with 7 points
Default scatterplot drawn with 7 points
Custom time range set to: "Fri Dec 19 01:35:30 2025" to "Fri Dec 19 01:50:30 2025"
Data ranges updated - Y: 5 to 75 Time: "Fri Dec 19 01:35:30 2025" to "Fri Dec 19 01:50:30 2025" Interval: "15 minutes" Auto-update: disabled Range limiting: enabled
drawDataLine: no data available for series "ADOPTED"
Default scatterplot drawn with 7 points
Default scatterplot drawn with 7 points
Default scatterplot drawn with 7 points
Custom time range set to: "Fri Dec 19 01:35:30 2025" to "Fri Dec 19 01:50:30 2025"
Data ranges updated - Y: 5 to 75 Time: "Fri Dec 19 01:35:30 2025" to "Fri Dec 19 01:50:30 2025" Interval: "15 minutes" Auto-update: disabled Range limiting: enabled
drawDataLine: no data available for series "ADOPTED"
Default scatterplot drawn with 7 points
Default scatterplot drawn with 7 points
Default scatterplot drawn with 7 points
Custom time range set to: "Fri Dec 19 01:35:30 2025" to "Fri Dec 19 01:50:30 2025"
Simulator::onTimerTick() called
Added data point to "FDW" series "FDW-1" y: 6.67336 time: "Fri Dec 19 01:50:30 2025"
Added data point to "FDW" series "FDW-2" y: 16.6734 time: "Fri Dec 19 01:50:30 2025"
Added data point to "BDW" series "BDW-1" y: -13.4217 time: "Fri Dec 19 01:50:30 2025"
Added data point to "BDW" series "BDW-2" y: -3.42172 time: "Fri Dec 19 01:50:30 2025"
Added data point to "BRW" series "BRW-1" y: 0.727978 time: "Fri Dec 19 01:50:30 2025"
Added data point to "BRW" series "BRW-2" y: 10.728 time: "Fri Dec 19 01:50:30 2025"
Added data point to "LTW" series "LTW-1" y: 25.0972 time: "Fri Dec 19 01:50:30 2025"
Added data point to "LTW" series "LTW-2" y: 35.0972 time: "Fri Dec 19 01:50:30 2025"
Added data point to "BTW" series "BTW-1" y: 24.4503 time: "Fri Dec 19 01:50:30 2025"
Data ranges updated - Y: 5 to 75 Time: "Fri Dec 19 01:35:30 2025" to "Fri Dec 19 01:50:30 2025" Interval: "15 minutes" Auto-update: disabled Range limiting: enabled
drawDataLine: no data available for series "ADOPTED"
Default scatterplot drawn with 8 points
Default scatterplot drawn with 7 points
Default scatterplot drawn with 7 points
Custom time range set to: "Fri Dec 19 01:35:30 2025" to "Fri Dec 19 01:50:30 2025"
GraphContainer: Updated time range to show new data - "Fri Dec 19 01:35:30 2025" to "Fri Dec 19 01:50:30 2025"
GraphContainer: Using stored range limit for "BTW" - Min: 5 Max: 75
ZoomPanel: Original range values explicitly set - Left: 5 Center: 40 Right: 75
GraphContainer: Zoom panel limits updated - Min: 5 Center: 40 Max: 75 - User has not customized
Data ranges updated - Y: 5 to 75 Time: "Fri Dec 19 01:35:30 2025" to "Fri Dec 19 01:50:30 2025" Interval: "15 minutes" Auto-update: disabled Range limiting: enabled
drawDataLine: no data available for series "ADOPTED"
Default scatterplot drawn with 8 points
Default scatterplot drawn with 7 points
Default scatterplot drawn with 7 points
GraphContainer: Updated TimeSelectionVisualizer valid range to "01:50:22" to "01:50:30"
Data ranges updated - Y: 5 to 75 Time: "Fri Dec 19 01:35:30 2025" to "Fri Dec 19 01:50:30 2025" Interval: "15 minutes" Auto-update: disabled Range limiting: enabled
drawDataLine: no data available for series "ADOPTED"
Default scatterplot drawn with 8 points
Default scatterplot drawn with 7 points
Default scatterplot drawn with 7 points
Custom time range set to: "Fri Dec 19 01:35:30 2025" to "Fri Dec 19 01:50:30 2025"
GraphContainer: Updated time range to show new data - "Fri Dec 19 01:35:30 2025" to "Fri Dec 19 01:50:30 2025"
GraphContainer: Using stored range limit for "BTW" - Min: 5 Max: 75
ZoomPanel: Original range values explicitly set - Left: 5 Center: 40 Right: 75
GraphContainer: Zoom panel limits updated - Min: 5 Center: 40 Max: 75 - User has not customized
Data ranges updated - Y: 5 to 75 Time: "Fri Dec 19 01:35:30 2025" to "Fri Dec 19 01:50:30 2025" Interval: "15 minutes" Auto-update: disabled Range limiting: enabled
drawDataLine: no data available for series "ADOPTED"
Default scatterplot drawn with 8 points
Default scatterplot drawn with 7 points
Default scatterplot drawn with 7 points
GraphContainer: Updated TimeSelectionVisualizer valid range to "01:50:22" to "01:50:30"
Data ranges updated - Y: 5 to 75 Time: "Fri Dec 19 01:35:30 2025" to "Fri Dec 19 01:50:30 2025" Interval: "15 minutes" Auto-update: disabled Range limiting: enabled
drawDataLine: no data available for series "ADOPTED"
Default scatterplot drawn with 8 points
Default scatterplot drawn with 7 points
Default scatterplot drawn with 7 points
Custom time range set to: "Fri Dec 19 01:35:30 2025" to "Fri Dec 19 01:50:30 2025"
GraphContainer: Updated time range to show new data - "Fri Dec 19 01:35:30 2025" to "Fri Dec 19 01:50:30 2025"
GraphContainer: Using stored range limit for "BTW" - Min: 5 Max: 75
ZoomPanel: Original range values explicitly set - Left: 5 Center: 40 Right: 75
GraphContainer: Zoom panel limits updated - Min: 5 Center: 40 Max: 75 - User has not customized
Data ranges updated - Y: 5 to 75 Time: "Fri Dec 19 01:35:30 2025" to "Fri Dec 19 01:50:30 2025" Interval: "15 minutes" Auto-update: disabled Range limiting: enabled
drawDataLine: no data available for series "ADOPTED"
Default scatterplot drawn with 8 points
Default scatterplot drawn with 7 points
Default scatterplot drawn with 7 points
GraphContainer: Updated TimeSelectionVisualizer valid range to "01:50:22" to "01:50:30"
Data ranges updated - Y: 5 to 75 Time: "Fri Dec 19 01:35:30 2025" to "Fri Dec 19 01:50:30 2025" Interval: "15 minutes" Auto-update: disabled Range limiting: enabled
drawDataLine: no data available for series "ADOPTED"
Default scatterplot drawn with 8 points
Default scatterplot drawn with 7 points
Default scatterplot drawn with 7 points
Custom time range set to: "Fri Dec 19 01:35:30 2025" to "Fri Dec 19 01:50:30 2025"
GraphContainer: Updated time range to show new data - "Fri Dec 19 01:35:30 2025" to "Fri Dec 19 01:50:30 2025"
GraphContainer: Using stored range limit for "BTW" - Min: 5 Max: 75
ZoomPanel: Original range values explicitly set - Left: 5 Center: 40 Right: 75
GraphContainer: Zoom panel limits updated - Min: 5 Center: 40 Max: 75 - User has not customized
Data ranges updated - Y: 5 to 75 Time: "Fri Dec 19 01:35:30 2025" to "Fri Dec 19 01:50:30 2025" Interval: "15 minutes" Auto-update: disabled Range limiting: enabled
drawDataLine: no data available for series "ADOPTED"
Default scatterplot drawn with 8 points
Default scatterplot drawn with 7 points
Default scatterplot drawn with 7 points
GraphContainer: Updated TimeSelectionVisualizer valid range to "01:50:22" to "01:50:30"
Added data point to "BTW" series "BTW-2" y: 34.4503 time: "Fri Dec 19 01:50:30 2025"
GraphContainer: Using stored range limit for "BTW" - Min: 5 Max: 75
ZoomPanel: Original range values explicitly set - Left: 5 Center: 40 Right: 75
GraphContainer: Zoom panel limits updated - Min: 5 Center: 40 Max: 75 - User has not customized
Data ranges updated - Y: 5 to 75 Time: "Fri Dec 19 01:35:30 2025" to "Fri Dec 19 01:50:30 2025" Interval: "15 minutes" Auto-update: disabled Range limiting: enabled
drawDataLine: no data available for series "ADOPTED"
Default scatterplot drawn with 8 points
Default scatterplot drawn with 8 points
Default scatterplot drawn with 7 points
GraphContainer: Updated TimeSelectionVisualizer valid range to "01:50:22" to "01:50:30"
GraphContainer: Using stored range limit for "BTW" - Min: 5 Max: 75
ZoomPanel: Original range values explicitly set - Left: 5 Center: 40 Right: 75
GraphContainer: Zoom panel limits updated - Min: 5 Center: 40 Max: 75 - User has not customized
Data ranges updated - Y: 5 to 75 Time: "Fri Dec 19 01:35:30 2025" to "Fri Dec 19 01:50:30 2025" Interval: "15 minutes" Auto-update: disabled Range limiting: enabled
drawDataLine: no data available for series "ADOPTED"
Default scatterplot drawn with 8 points
Default scatterplot drawn with 8 points
Default scatterplot drawn with 7 points
GraphContainer: Updated TimeSelectionVisualizer valid range to "01:50:22" to "01:50:30"
GraphContainer: Using stored range limit for "BTW" - Min: 5 Max: 75
ZoomPanel: Original range values explicitly set - Left: 5 Center: 40 Right: 75
GraphContainer: Zoom panel limits updated - Min: 5 Center: 40 Max: 75 - User has not customized
Data ranges updated - Y: 5 to 75 Time: "Fri Dec 19 01:35:30 2025" to "Fri Dec 19 01:50:30 2025" Interval: "15 minutes" Auto-update: disabled Range limiting: enabled
drawDataLine: no data available for series "ADOPTED"
Default scatterplot drawn with 8 points
Default scatterplot drawn with 8 points
Default scatterplot drawn with 7 points
GraphContainer: Updated TimeSelectionVisualizer valid range to "01:50:22" to "01:50:30"
GraphContainer: Using stored range limit for "BTW" - Min: 5 Max: 75
ZoomPanel: Original range values explicitly set - Left: 5 Center: 40 Right: 75
GraphContainer: Zoom panel limits updated - Min: 5 Center: 40 Max: 75 - User has not customized
Data ranges updated - Y: 5 to 75 Time: "Fri Dec 19 01:35:30 2025" to "Fri Dec 19 01:50:30 2025" Interval: "15 minutes" Auto-update: disabled Range limiting: enabled
drawDataLine: no data available for series "ADOPTED"
Default scatterplot drawn with 8 points
Default scatterplot drawn with 8 points
Default scatterplot drawn with 7 points
GraphContainer: Updated TimeSelectionVisualizer valid range to "01:50:22" to "01:50:30"
Added data point to "BTW" series "BTW-3" y: 34.4503 time: "Fri Dec 19 01:50:30 2025"
GraphContainer: Using stored range limit for "BTW" - Min: 5 Max: 75
ZoomPanel: Original range values explicitly set - Left: 5 Center: 40 Right: 75
GraphContainer: Zoom panel limits updated - Min: 5 Center: 40 Max: 75 - User has not customized
Data ranges updated - Y: 5 to 75 Time: "Fri Dec 19 01:35:30 2025" to "Fri Dec 19 01:50:30 2025" Interval: "15 minutes" Auto-update: disabled Range limiting: enabled
drawDataLine: no data available for series "ADOPTED"
Default scatterplot drawn with 8 points
Default scatterplot drawn with 8 points
Default scatterplot drawn with 8 points
GraphContainer: Updated TimeSelectionVisualizer valid range to "01:50:22" to "01:50:30"
GraphContainer: Using stored range limit for "BTW" - Min: 5 Max: 75
ZoomPanel: Original range values explicitly set - Left: 5 Center: 40 Right: 75
GraphContainer: Zoom panel limits updated - Min: 5 Center: 40 Max: 75 - User has not customized
Data ranges updated - Y: 5 to 75 Time: "Fri Dec 19 01:35:30 2025" to "Fri Dec 19 01:50:30 2025" Interval: "15 minutes" Auto-update: disabled Range limiting: enabled
drawDataLine: no data available for series "ADOPTED"
Default scatterplot drawn with 8 points
Default scatterplot drawn with 8 points
Default scatterplot drawn with 8 points
GraphContainer: Updated TimeSelectionVisualizer valid range to "01:50:22" to "01:50:30"
GraphContainer: Using stored range limit for "BTW" - Min: 5 Max: 75
ZoomPanel: Original range values explicitly set - Left: 5 Center: 40 Right: 75
GraphContainer: Zoom panel limits updated - Min: 5 Center: 40 Max: 75 - User has not customized
Data ranges updated - Y: 5 to 75 Time: "Fri Dec 19 01:35:30 2025" to "Fri Dec 19 01:50:30 2025" Interval: "15 minutes" Auto-update: disabled Range limiting: enabled
drawDataLine: no data available for series "ADOPTED"
Default scatterplot drawn with 8 points
Default scatterplot drawn with 8 points
Default scatterplot drawn with 8 points
GraphContainer: Updated TimeSelectionVisualizer valid range to "01:50:22" to "01:50:30"
GraphContainer: Using stored range limit for "BTW" - Min: 5 Max: 75
ZoomPanel: Original range values explicitly set - Left: 5 Center: 40 Right: 75
GraphContainer: Zoom panel limits updated - Min: 5 Center: 40 Max: 75 - User has not customized
Data ranges updated - Y: 5 to 75 Time: "Fri Dec 19 01:35:30 2025" to "Fri Dec 19 01:50:30 2025" Interval: "15 minutes" Auto-update: disabled Range limiting: enabled
drawDataLine: no data available for series "ADOPTED"
Default scatterplot drawn with 8 points
Default scatterplot drawn with 8 points
Default scatterplot drawn with 8 points
GraphContainer: Updated TimeSelectionVisualizer valid range to "01:50:22" to "01:50:30"
Added data point to "RTW" series "RTW-1" y: 11.5 time: "Fri Dec 19 01:50:30 2025"
Added data point to "RTW" series "ADOPTED" y: 21.5 time: "Fri Dec 19 01:50:30 2025"
Added data point to "FTW" series "FTW-1" y: 18.5437 time: "Fri Dec 19 01:50:30 2025"
Added data point to "FTW" series "FTW-2" y: 28.5437 time: "Fri Dec 19 01:50:30 2025"
Added data points - FDW: 6.67336 BDW: -13.4217 BRW: 0.727978 LTW: 25.0972 BTW: 24.4503 RTW: 11.5 FTW: 18.5437
TimeScopeChanged - Start: "01:35:31" End: "01:50:31" Duration: "00:15:00"
BDW zero axis drawn at x: 0
Custom time range set to: "Fri Dec 19 01:35:31 2025" to "Fri Dec 19 01:50:31 2025"
BDW zero axis drawn at x: 0
Custom time range set to: "Fri Dec 19 01:35:31 2025" to "Fri Dec 19 01:50:31 2025"
GraphContainer: Setting current time to "01:50:31"
Data ranges updated - Y: 5 to 75 Time: "Fri Dec 19 01:35:31 2025" to "Fri Dec 19 01:50:31 2025" Interval: "15 minutes" Auto-update: disabled Range limiting: enabled
drawDataLine: no data available for series "ADOPTED"
Default scatterplot drawn with 8 points
Default scatterplot drawn with 8 points
Default scatterplot drawn with 8 points
Custom time range set to: "Fri Dec 19 01:35:31 2025" to "Fri Dec 19 01:50:31 2025"
Data ranges updated - Y: 5 to 75 Time: "Fri Dec 19 01:35:31 2025" to "Fri Dec 19 01:50:31 2025" Interval: "15 minutes" Auto-update: disabled Range limiting: enabled
drawDataLine: no data available for series "ADOPTED"
Default scatterplot drawn with 8 points
Default scatterplot drawn with 8 points
Default scatterplot drawn with 8 points
Custom time range set to: "Fri Dec 19 01:35:31 2025" to "Fri Dec 19 01:50:31 2025"
GraphLayout: Container time scope changed from "Fri Dec 19 01:35:31 2025" to "Fri Dec 19 01:50:31 2025"
Data ranges updated - Y: 5 to 75 Time: "Fri Dec 19 01:35:31 2025" to "Fri Dec 19 01:50:31 2025" Interval: "15 minutes" Auto-update: disabled Range limiting: enabled
drawDataLine: no data available for series "ADOPTED"
Default scatterplot drawn with 8 points
Default scatterplot drawn with 8 points
Default scatterplot drawn with 8 points
Custom time range set to: "Fri Dec 19 01:35:31 2025" to "Fri Dec 19 01:50:31 2025"
Data ranges updated - Y: 5 to 75 Time: "Fri Dec 19 01:35:31 2025" to "Fri Dec 19 01:50:31 2025" Interval: "15 minutes" Auto-update: disabled Range limiting: enabled
drawDataLine: no data available for series "ADOPTED"
Default scatterplot drawn with 8 points
Default scatterplot drawn with 8 points
Default scatterplot drawn with 8 points
Custom time range set to: "Fri Dec 19 01:35:31 2025" to "Fri Dec 19 01:50:31 2025"
Data ranges updated - Y: 5 to 75 Time: "Fri Dec 19 01:35:31 2025" to "Fri Dec 19 01:50:31 2025" Interval: "15 minutes" Auto-update: disabled Range limiting: enabled
drawDataLine: no data available for series "ADOPTED"
Default scatterplot drawn with 8 points
Default scatterplot drawn with 8 points
Default scatterplot drawn with 8 points
Custom time range set to: "Fri Dec 19 01:35:31 2025" to "Fri Dec 19 01:50:31 2025"
GraphLayout: Container time scope changed from "Fri Dec 19 01:35:31 2025" to "Fri Dec 19 01:50:31 2025"
Data ranges updated - Y: 5 to 75 Time: "Fri Dec 19 01:35:31 2025" to "Fri Dec 19 01:50:31 2025" Interval: "15 minutes" Auto-update: disabled Range limiting: enabled
drawDataLine: no data available for series "ADOPTED"
Default scatterplot drawn with 8 points
Default scatterplot drawn with 8 points
Default scatterplot drawn with 8 points
Custom time range set to: "Fri Dec 19 01:35:31 2025" to "Fri Dec 19 01:50:31 2025"
Data ranges updated - Y: 5 to 75 Time: "Fri Dec 19 01:35:31 2025" to "Fri Dec 19 01:50:31 2025" Interval: "15 minutes" Auto-update: disabled Range limiting: enabled
drawDataLine: no data available for series "ADOPTED"
Default scatterplot drawn with 8 points
Default scatterplot drawn with 8 points
Default scatterplot drawn with 8 points
Custom time range set to: "Fri Dec 19 01:35:31 2025" to "Fri Dec 19 01:50:31 2025"
Data ranges updated - Y: 5 to 75 Time: "Fri Dec 19 01:35:31 2025" to "Fri Dec 19 01:50:31 2025" Interval: "15 minutes" Auto-update: disabled Range limiting: enabled
drawDataLine: no data available for series "ADOPTED"
Default scatterplot drawn with 8 points
Default scatterplot drawn with 8 points
Default scatterplot drawn with 8 points
Custom time range set to: "Fri Dec 19 01:35:31 2025" to "Fri Dec 19 01:50:31 2025"
GraphContainer: Setting current time to "01:50:31"
Data ranges updated - Y: 5 to 75 Time: "Fri Dec 19 01:35:31 2025" to "Fri Dec 19 01:50:31 2025" Interval: "15 minutes" Auto-update: disabled Range limiting: enabled
drawDataLine: no data available for series "ADOPTED"
Default scatterplot drawn with 8 points
Default scatterplot drawn with 8 points
Default scatterplot drawn with 8 points
Custom time range set to: "Fri Dec 19 01:35:31 2025" to "Fri Dec 19 01:50:31 2025"
GraphLayout: Container time scope changed from "Fri Dec 19 01:35:31 2025" to "Fri Dec 19 01:50:31 2025"
Data ranges updated - Y: 5 to 75 Time: "Fri Dec 19 01:35:31 2025" to "Fri Dec 19 01:50:31 2025" Interval: "15 minutes" Auto-update: disabled Range limiting: enabled
drawDataLine: no data available for series "ADOPTED"
Default scatterplot drawn with 8 points
Default scatterplot drawn with 8 points
Default scatterplot drawn with 8 points
Custom time range set to: "Fri Dec 19 01:35:31 2025" to "Fri Dec 19 01:50:31 2025"
Data ranges updated - Y: 5 to 75 Time: "Fri Dec 19 01:35:31 2025" to "Fri Dec 19 01:50:31 2025" Interval: "15 minutes" Auto-update: disabled Range limiting: enabled
drawDataLine: no data available for series "ADOPTED"
Default scatterplot drawn with 8 points
Default scatterplot drawn with 8 points
Default scatterplot drawn with 8 points
Custom time range set to: "Fri Dec 19 01:35:31 2025" to "Fri Dec 19 01:50:31 2025"
Data ranges updated - Y: 5 to 75 Time: "Fri Dec 19 01:35:31 2025" to "Fri Dec 19 01:50:31 2025" Interval: "15 minutes" Auto-update: disabled Range limiting: enabled
drawDataLine: no data available for series "ADOPTED"
Default scatterplot drawn with 8 points
Default scatterplot drawn with 8 points
Default scatterplot drawn with 8 points
Custom time range set to: "Fri Dec 19 01:35:31 2025" to "Fri Dec 19 01:50:31 2025"
GraphContainer: Setting current time to "01:50:31"
Data ranges updated - Y: 5 to 75 Time: "Fri Dec 19 01:35:31 2025" to "Fri Dec 19 01:50:31 2025" Interval: "15 minutes" Auto-update: disabled Range limiting: enabled
drawDataLine: no data available for series "ADOPTED"
Default scatterplot drawn with 8 points
Default scatterplot drawn with 8 points
Default scatterplot drawn with 8 points
Custom time range set to: "Fri Dec 19 01:35:31 2025" to "Fri Dec 19 01:50:31 2025"
Data ranges updated - Y: 5 to 75 Time: "Fri Dec 19 01:35:31 2025" to "Fri Dec 19 01:50:31 2025" Interval: "15 minutes" Auto-update: disabled Range limiting: enabled
drawDataLine: no data available for series "ADOPTED"
Default scatterplot drawn with 8 points
Default scatterplot drawn with 8 points
Default scatterplot drawn with 8 points
Custom time range set to: "Fri Dec 19 01:35:31 2025" to "Fri Dec 19 01:50:31 2025"
GraphLayout: Container time scope changed from "Fri Dec 19 01:35:31 2025" to "Fri Dec 19 01:50:31 2025"
Data ranges updated - Y: 5 to 75 Time: "Fri Dec 19 01:35:31 2025" to "Fri Dec 19 01:50:31 2025" Interval: "15 minutes" Auto-update: disabled Range limiting: enabled
drawDataLine: no data available for series "ADOPTED"
Default scatterplot drawn with 8 points
Default scatterplot drawn with 8 points
Default scatterplot drawn with 8 points
Custom time range set to: "Fri Dec 19 01:35:31 2025" to "Fri Dec 19 01:50:31 2025"
Data ranges updated - Y: 5 to 75 Time: "Fri Dec 19 01:35:31 2025" to "Fri Dec 19 01:50:31 2025" Interval: "15 minutes" Auto-update: disabled Range limiting: enabled
drawDataLine: no data available for series "ADOPTED"
Default scatterplot drawn with 8 points
Default scatterplot drawn with 8 points
Default scatterplot drawn with 8 points
Custom time range set to: "Fri Dec 19 01:35:31 2025" to "Fri Dec 19 01:50:31 2025"
Data ranges updated - Y: 5 to 75 Time: "Fri Dec 19 01:35:31 2025" to "Fri Dec 19 01:50:31 2025" Interval: "15 minutes" Auto-update: disabled Range limiting: enabled
drawDataLine: no data available for series "ADOPTED"
Default scatterplot drawn with 8 points
Default scatterplot drawn with 8 points
Default scatterplot drawn with 8 points
Custom time range set to: "Fri Dec 19 01:35:31 2025" to "Fri Dec 19 01:50:31 2025"
GraphLayout: Container time scope changed from "Fri Dec 19 01:35:31 2025" to "Fri Dec 19 01:50:31 2025"
Data ranges updated - Y: 5 to 75 Time: "Fri Dec 19 01:35:31 2025" to "Fri Dec 19 01:50:31 2025" Interval: "15 minutes" Auto-update: disabled Range limiting: enabled
drawDataLine: no data available for series "ADOPTED"
Default scatterplot drawn with 8 points
Default scatterplot drawn with 8 points
Default scatterplot drawn with 8 points
Custom time range set to: "Fri Dec 19 01:35:31 2025" to "Fri Dec 19 01:50:31 2025"
Data ranges updated - Y: 5 to 75 Time: "Fri Dec 19 01:35:31 2025" to "Fri Dec 19 01:50:31 2025" Interval: "15 minutes" Auto-update: disabled Range limiting: enabled
drawDataLine: no data available for series "ADOPTED"
Default scatterplot drawn with 8 points
Default scatterplot drawn with 8 points
Default scatterplot drawn with 8 points
Custom time range set to: "Fri Dec 19 01:35:31 2025" to "Fri Dec 19 01:50:31 2025"
Data ranges updated - Y: 5 to 75 Time: "Fri Dec 19 01:35:31 2025" to "Fri Dec 19 01:50:31 2025" Interval: "15 minutes" Auto-update: disabled Range limiting: enabled
drawDataLine: no data available for series "ADOPTED"
Default scatterplot drawn with 8 points
Default scatterplot drawn with 8 points
Default scatterplot drawn with 8 points
Custom time range set to: "Fri Dec 19 01:35:31 2025" to "Fri Dec 19 01:50:31 2025"
GraphContainer: Setting current time to "01:50:31"
Data ranges updated - Y: 5 to 75 Time: "Fri Dec 19 01:35:31 2025" to "Fri Dec 19 01:50:31 2025" Interval: "15 minutes" Auto-update: disabled Range limiting: enabled
drawDataLine: no data available for series "ADOPTED"
Default scatterplot drawn with 8 points
Default scatterplot drawn with 8 points
Default scatterplot drawn with 8 points
Custom time range set to: "Fri Dec 19 01:35:31 2025" to "Fri Dec 19 01:50:31 2025"
GraphLayout: Container time scope changed from "Fri Dec 19 01:35:31 2025" to "Fri Dec 19 01:50:31 2025"
Data ranges updated - Y: 5 to 75 Time: "Fri Dec 19 01:35:31 2025" to "Fri Dec 19 01:50:31 2025" Interval: "15 minutes" Auto-update: disabled Range limiting: enabled
drawDataLine: no data available for series "ADOPTED"
Default scatterplot drawn with 8 points
Default scatterplot drawn with 8 points
Default scatterplot drawn with 8 points
Custom time range set to: "Fri Dec 19 01:35:31 2025" to "Fri Dec 19 01:50:31 2025"
Data ranges updated - Y: 5 to 75 Time: "Fri Dec 19 01:35:31 2025" to "Fri Dec 19 01:50:31 2025" Interval: "15 minutes" Auto-update: disabled Range limiting: enabled
drawDataLine: no data available for series "ADOPTED"
Default scatterplot drawn with 8 points
Default scatterplot drawn with 8 points
Default scatterplot drawn with 8 points
Custom time range set to: "Fri Dec 19 01:35:31 2025" to "Fri Dec 19 01:50:31 2025"
Data ranges updated - Y: 5 to 75 Time: "Fri Dec 19 01:35:31 2025" to "Fri Dec 19 01:50:31 2025" Interval: "15 minutes" Auto-update: disabled Range limiting: enabled
drawDataLine: no data available for series "ADOPTED"
Default scatterplot drawn with 8 points
Default scatterplot drawn with 8 points
Default scatterplot drawn with 8 points
Custom time range set to: "Fri Dec 19 01:35:31 2025" to "Fri Dec 19 01:50:31 2025"
GraphContainer: Set chevron label 1 to: "Start"
GraphContainer: Set chevron label 1 to: "Start"
GraphContainer: Set chevron label 1 to: "Start"
GraphContainer: Set chevron label 1 to: "Start"
GraphLayout: Set chevron label 1 to: "Start" for all visible containers
GraphContainer: Set chevron label 2 to: "Now"
GraphContainer: Set chevron label 2 to: "Now"
GraphContainer: Set chevron label 2 to: "Now"
GraphContainer: Set chevron label 2 to: "Now"
GraphLayout: Set chevron label 2 to: "Now" for all visible containers
GraphContainer: Set chevron label 3 to: "End"
GraphContainer: Set chevron label 3 to: "End"
GraphContainer: Set chevron label 3 to: "End"
GraphContainer: Set chevron label 3 to: "End"
GraphLayout: Set chevron label 3 to: "End" for all visible containers
Data ranges updated - Y: 5 to 75 Time: "Fri Dec 19 01:35:31 2025" to "Fri Dec 19 01:50:31 2025" Interval: "15 minutes" Auto-update: disabled Range limiting: enabled
drawDataLine: no data available for series "ADOPTED"
Default scatterplot drawn with 8 points
Default scatterplot drawn with 8 points
Default scatterplot drawn with 8 points
Custom time range set to: "Fri Dec 19 01:35:31 2025" to "Fri Dec 19 01:50:31 2025"
Data ranges updated - Y: 5 to 75 Time: "Fri Dec 19 01:35:31 2025" to "Fri Dec 19 01:50:31 2025" Interval: "15 minutes" Auto-update: disabled Range limiting: enabled
drawDataLine: no data available for series "ADOPTED"
Default scatterplot drawn with 8 points
Default scatterplot drawn with 8 points
Default scatterplot drawn with 8 points
Custom time range set to: "Fri Dec 19 01:35:31 2025" to "Fri Dec 19 01:50:31 2025"
GraphLayout: Container time scope changed from "Fri Dec 19 01:35:31 2025" to "Fri Dec 19 01:50:31 2025"
Data ranges updated - Y: 5 to 75 Time: "Fri Dec 19 01:35:31 2025" to "Fri Dec 19 01:50:31 2025" Interval: "15 minutes" Auto-update: disabled Range limiting: enabled
drawDataLine: no data available for series "ADOPTED"
Default scatterplot drawn with 8 points
Default scatterplot drawn with 8 points
Default scatterplot drawn with 8 points
Custom time range set to: "Fri Dec 19 01:35:31 2025" to "Fri Dec 19 01:50:31 2025"
Data ranges updated - Y: 5 to 75 Time: "Fri Dec 19 01:35:31 2025" to "Fri Dec 19 01:50:31 2025" Interval: "15 minutes" Auto-update: disabled Range limiting: enabled
drawDataLine: no data available for series "ADOPTED"
Default scatterplot drawn with 8 points
Default scatterplot drawn with 8 points
Default scatterplot drawn with 8 points
Custom time range set to: "Fri Dec 19 01:35:31 2025" to "Fri Dec 19 01:50:31 2025"
Data ranges updated - Y: 5 to 75 Time: "Fri Dec 19 01:35:31 2025" to "Fri Dec 19 01:50:31 2025" Interval: "15 minutes" Auto-update: disabled Range limiting: enabled
drawDataLine: no data available for series "ADOPTED"
Default scatterplot drawn with 8 points
Default scatterplot drawn with 8 points
Default scatterplot drawn with 8 points
Custom time range set to: "Fri Dec 19 01:35:31 2025" to "Fri Dec 19 01:50:31 2025"
GraphLayout: Container time scope changed from "Fri Dec 19 01:35:31 2025" to "Fri Dec 19 01:50:31 2025"
Data ranges updated - Y: 5 to 75 Time: "Fri Dec 19 01:35:31 2025" to "Fri Dec 19 01:50:31 2025" Interval: "15 minutes" Auto-update: disabled Range limiting: enabled
drawDataLine: no data available for series "ADOPTED"
Default scatterplot drawn with 8 points
Default scatterplot drawn with 8 points
Default scatterplot drawn with 8 points
Custom time range set to: "Fri Dec 19 01:35:31 2025" to "Fri Dec 19 01:50:31 2025"
Data ranges updated - Y: 5 to 75 Time: "Fri Dec 19 01:35:31 2025" to "Fri Dec 19 01:50:31 2025" Interval: "15 minutes" Auto-update: disabled Range limiting: enabled
drawDataLine: no data available for series "ADOPTED"
Default scatterplot drawn with 8 points
Default scatterplot drawn with 8 points
Default scatterplot drawn with 8 points
Custom time range set to: "Fri Dec 19 01:35:31 2025" to "Fri Dec 19 01:50:31 2025"
Data ranges updated - Y: 5 to 75 Time: "Fri Dec 19 01:35:31 2025" to "Fri Dec 19 01:50:31 2025" Interval: "15 minutes" Auto-update: disabled Range limiting: enabled
drawDataLine: no data available for series "ADOPTED"
Default scatterplot drawn with 8 points
Default scatterplot drawn with 8 points
Default scatterplot drawn with 8 points
Custom time range set to: "Fri Dec 19 01:35:31 2025" to "Fri Dec 19 01:50:31 2025"
Data ranges updated - Y: 5 to 75 Time: "Fri Dec 19 01:35:31 2025" to "Fri Dec 19 01:50:31 2025" Interval: "15 minutes" Auto-update: disabled Range limiting: enabled
drawDataLine: no data available for series "ADOPTED"
Default scatterplot drawn with 8 points
Default scatterplot drawn with 8 points
Default scatterplot drawn with 8 points
Custom time range set to: "Fri Dec 19 01:35:31 2025" to "Fri Dec 19 01:50:31 2025"
GraphLayout: Container time scope changed from "Fri Dec 19 01:35:31 2025" to "Fri Dec 19 01:50:31 2025"
Data ranges updated - Y: 5 to 75 Time: "Fri Dec 19 01:35:31 2025" to "Fri Dec 19 01:50:31 2025" Interval: "15 minutes" Auto-update: disabled Range limiting: enabled
drawDataLine: no data available for series "ADOPTED"
Default scatterplot drawn with 8 points
Default scatterplot drawn with 8 points
Default scatterplot drawn with 8 points
Custom time range set to: "Fri Dec 19 01:35:31 2025" to "Fri Dec 19 01:50:31 2025"
Data ranges updated - Y: 5 to 75 Time: "Fri Dec 19 01:35:31 2025" to "Fri Dec 19 01:50:31 2025" Interval: "15 minutes" Auto-update: disabled Range limiting: enabled
drawDataLine: no data available for series "ADOPTED"
Default scatterplot drawn with 8 points
Default scatterplot drawn with 8 points
Default scatterplot drawn with 8 points
Custom time range set to: "Fri Dec 19 01:35:31 2025" to "Fri Dec 19 01:50:31 2025"
Data ranges updated - Y: 5 to 75 Time: "Fri Dec 19 01:35:31 2025" to "Fri Dec 19 01:50:31 2025" Interval: "15 minutes" Auto-update: disabled Range limiting: enabled
drawDataLine: no data available for series "ADOPTED"
Default scatterplot drawn with 8 points
Default scatterplot drawn with 8 points
Default scatterplot drawn with 8 points
Custom time range set to: "Fri Dec 19 01:35:31 2025" to "Fri Dec 19 01:50:31 2025"
Data ranges updated - Y: 5 to 75 Time: "Fri Dec 19 01:35:31 2025" to "Fri Dec 19 01:50:31 2025" Interval: "15 minutes" Auto-update: disabled Range limiting: enabled
drawDataLine: no data available for series "ADOPTED"
Default scatterplot drawn with 8 points
Default scatterplot drawn with 8 points
Default scatterplot drawn with 8 points
Custom time range set to: "Fri Dec 19 01:35:31 2025" to "Fri Dec 19 01:50:31 2025"
Data ranges updated - Y: 5 to 75 Time: "Fri Dec 19 01:35:31 2025" to "Fri Dec 19 01:50:31 2025" Interval: "15 minutes" Auto-update: disabled Range limiting: enabled
drawDataLine: no data available for series "ADOPTED"
Default scatterplot drawn with 8 points
Default scatterplot drawn with 8 points
Default scatterplot drawn with 8 points
Custom time range set to: "Fri Dec 19 01:35:31 2025" to "Fri Dec 19 01:50:31 2025"
GraphLayout: Container time scope changed from "Fri Dec 19 01:35:31 2025" to "Fri Dec 19 01:50:31 2025"
Data ranges updated - Y: 5 to 75 Time: "Fri Dec 19 01:35:31 2025" to "Fri Dec 19 01:50:31 2025" Interval: "15 minutes" Auto-update: disabled Range limiting: enabled
drawDataLine: no data available for series "ADOPTED"
Default scatterplot drawn with 8 points
Default scatterplot drawn with 8 points
Default scatterplot drawn with 8 points
Custom time range set to: "Fri Dec 19 01:35:31 2025" to "Fri Dec 19 01:50:31 2025"
Data ranges updated - Y: 5 to 75 Time: "Fri Dec 19 01:35:31 2025" to "Fri Dec 19 01:50:31 2025" Interval: "15 minutes" Auto-update: disabled Range limiting: enabled
drawDataLine: no data available for series "ADOPTED"
Default scatterplot drawn with 8 points
Default scatterplot drawn with 8 points
Default scatterplot drawn with 8 points
Custom time range set to: "Fri Dec 19 01:35:31 2025" to "Fri Dec 19 01:50:31 2025"
Data ranges updated - Y: 5 to 75 Time: "Fri Dec 19 01:35:31 2025" to "Fri Dec 19 01:50:31 2025" Interval: "15 minutes" Auto-update: disabled Range limiting: enabled
drawDataLine: no data available for series "ADOPTED"
Default scatterplot drawn with 8 points
Default scatterplot drawn with 8 points
Default scatterplot drawn with 8 points
Custom time range set to: "Fri Dec 19 01:35:31 2025" to "Fri Dec 19 01:50:31 2025"
GraphLayout: Container time scope changed from "Fri Dec 19 01:35:31 2025" to "Fri Dec 19 01:50:31 2025"
Data ranges updated - Y: 5 to 75 Time: "Fri Dec 19 01:35:31 2025" to "Fri Dec 19 01:50:31 2025" Interval: "15 minutes" Auto-update: disabled Range limiting: enabled
drawDataLine: no data available for series "ADOPTED"
Default scatterplot drawn with 8 points
Default scatterplot drawn with 8 points
Default scatterplot drawn with 8 points
Custom time range set to: "Fri Dec 19 01:35:31 2025" to "Fri Dec 19 01:50:31 2025"
Data ranges updated - Y: 5 to 75 Time: "Fri Dec 19 01:35:31 2025" to "Fri Dec 19 01:50:31 2025" Interval: "15 minutes" Auto-update: disabled Range limiting: enabled
drawDataLine: no data available for series "ADOPTED"
Default scatterplot drawn with 8 points
Default scatterplot drawn with 8 points
Default scatterplot drawn with 8 points
Custom time range set to: "Fri Dec 19 01:35:31 2025" to "Fri Dec 19 01:50:31 2025"
Data ranges updated - Y: 5 to 75 Time: "Fri Dec 19 01:35:31 2025" to "Fri Dec 19 01:50:31 2025" Interval: "15 minutes" Auto-update: disabled Range limiting: enabled
drawDataLine: no data available for series "ADOPTED"
Default scatterplot drawn with 8 points
Default scatterplot drawn with 8 points
Default scatterplot drawn with 8 points
Custom time range set to: "Fri Dec 19 01:35:31 2025" to "Fri Dec 19 01:50:31 2025"
Data ranges updated - Y: 5 to 75 Time: "Fri Dec 19 01:35:31 2025" to "Fri Dec 19 01:50:31 2025" Interval: "15 minutes" Auto-update: disabled Range limiting: enabled
drawDataLine: no data available for series "ADOPTED"
Default scatterplot drawn with 8 points
Default scatterplot drawn with 8 points
Default scatterplot drawn with 8 points
Custom time range set to: "Fri Dec 19 01:35:31 2025" to "Fri Dec 19 01:50:31 2025"
GraphLayout: Container time scope changed from "Fri Dec 19 01:35:31 2025" to "Fri Dec 19 01:50:31 2025"
Data ranges updated - Y: 5 to 75 Time: "Fri Dec 19 01:35:31 2025" to "Fri Dec 19 01:50:31 2025" Interval: "15 minutes" Auto-update: disabled Range limiting: enabled
drawDataLine: no data available for series "ADOPTED"
Default scatterplot drawn with 8 points
Default scatterplot drawn with 8 points
Default scatterplot drawn with 8 points
Custom time range set to: "Fri Dec 19 01:35:31 2025" to "Fri Dec 19 01:50:31 2025"
Data ranges updated - Y: 5 to 75 Time: "Fri Dec 19 01:35:31 2025" to "Fri Dec 19 01:50:31 2025" Interval: "15 minutes" Auto-update: disabled Range limiting: enabled
drawDataLine: no data available for series "ADOPTED"
Default scatterplot drawn with 8 points
Default scatterplot drawn with 8 points
Default scatterplot drawn with 8 points
Custom time range set to: "Fri Dec 19 01:35:31 2025" to "Fri Dec 19 01:50:31 2025"
Data ranges updated - Y: 5 to 75 Time: "Fri Dec 19 01:35:31 2025" to "Fri Dec 19 01:50:31 2025" Interval: "15 minutes" Auto-update: disabled Range limiting: enabled
drawDataLine: no data available for series "ADOPTED"
Default scatterplot drawn with 8 points
Default scatterplot drawn with 8 points
Default scatterplot drawn with 8 points
Custom time range set to: "Fri Dec 19 01:35:31 2025" to "Fri Dec 19 01:50:31 2025"
Simulator::onTimerTick() called
Added data point to "FDW" series "FDW-1" y: 6.5767 time: "Fri Dec 19 01:50:31 2025"
Added data point to "FDW" series "FDW-2" y: 16.5767 time: "Fri Dec 19 01:50:31 2025"
Added data point to "BDW" series "BDW-1" y: -17.2591 time: "Fri Dec 19 01:50:31 2025"
Added data point to "BDW" series "BDW-2" y: -7.25911 time: "Fri Dec 19 01:50:31 2025"
Added data point to "BRW" series "BRW-1" y: -1.98788 time: "Fri Dec 19 01:50:31 2025"
Added data point to "BRW" series "BRW-2" y: 8.01212 time: "Fri Dec 19 01:50:31 2025"
Added data point to "LTW" series "LTW-1" y: 23.7906 time: "Fri Dec 19 01:50:31 2025"
Added data point to "LTW" series "LTW-2" y: 33.7906 time: "Fri Dec 19 01:50:31 2025"
Added data point to "BTW" series "BTW-1" y: 25.8045 time: "Fri Dec 19 01:50:31 2025"
Data ranges updated - Y: 5 to 75 Time: "Fri Dec 19 01:35:31 2025" to "Fri Dec 19 01:50:31 2025" Interval: "15 minutes" Auto-update: disabled Range limiting: enabled
drawDataLine: no data available for series "ADOPTED"
Default scatterplot drawn with 9 points
Default scatterplot drawn with 8 points
Default scatterplot drawn with 8 points
Custom time range set to: "Fri Dec 19 01:35:31 2025" to "Fri Dec 19 01:50:31 2025"
GraphContainer: Updated time range to show new data - "Fri Dec 19 01:35:31 2025" to "Fri Dec 19 01:50:31 2025"
GraphContainer: Using stored range limit for "BTW" - Min: 5 Max: 75
ZoomPanel: Original range values explicitly set - Left: 5 Center: 40 Right: 75
GraphContainer: Zoom panel limits updated - Min: 5 Center: 40 Max: 75 - User has not customized
Data ranges updated - Y: 5 to 75 Time: "Fri Dec 19 01:35:31 2025" to "Fri Dec 19 01:50:31 2025" Interval: "15 minutes" Auto-update: disabled Range limiting: enabled
drawDataLine: no data available for series "ADOPTED"
Default scatterplot drawn with 9 points
Default scatterplot drawn with 8 points
Default scatterplot drawn with 8 points
GraphContainer: Updated TimeSelectionVisualizer valid range to "01:50:22" to "01:50:31"
Data ranges updated - Y: 5 to 75 Time: "Fri Dec 19 01:35:31 2025" to "Fri Dec 19 01:50:31 2025" Interval: "15 minutes" Auto-update: disabled Range limiting: enabled
drawDataLine: no data available for series "ADOPTED"
Default scatterplot drawn with 9 points
Default scatterplot drawn with 8 points
Default scatterplot drawn with 8 points
Custom time range set to: "Fri Dec 19 01:35:31 2025" to "Fri Dec 19 01:50:31 2025"
GraphContainer: Updated time range to show new data - "Fri Dec 19 01:35:31 2025" to "Fri Dec 19 01:50:31 2025"
GraphContainer: Using stored range limit for "BTW" - Min: 5 Max: 75
ZoomPanel: Original range values explicitly set - Left: 5 Center: 40 Right: 75
GraphContainer: Zoom panel limits updated - Min: 5 Center: 40 Max: 75 - User has not customized
Data ranges updated - Y: 5 to 75 Time: "Fri Dec 19 01:35:31 2025" to "Fri Dec 19 01:50:31 2025" Interval: "15 minutes" Auto-update: disabled Range limiting: enabled
drawDataLine: no data available for series "ADOPTED"
Default scatterplot drawn with 9 points
Default scatterplot drawn with 8 points
Default scatterplot drawn with 8 points
GraphContainer: Updated TimeSelectionVisualizer valid range to "01:50:22" to "01:50:31"
Data ranges updated - Y: 5 to 75 Time: "Fri Dec 19 01:35:31 2025" to "Fri Dec 19 01:50:31 2025" Interval: "15 minutes" Auto-update: disabled Range limiting: enabled
drawDataLine: no data available for series "ADOPTED"
Default scatterplot drawn with 9 points
Default scatterplot drawn with 8 points
Default scatterplot drawn with 8 points
Custom time range set to: "Fri Dec 19 01:35:31 2025" to "Fri Dec 19 01:50:31 2025"
GraphContainer: Updated time range to show new data - "Fri Dec 19 01:35:31 2025" to "Fri Dec 19 01:50:31 2025"
GraphContainer: Using stored range limit for "BTW" - Min: 5 Max: 75
ZoomPanel: Original range values explicitly set - Left: 5 Center: 40 Right: 75
GraphContainer: Zoom panel limits updated - Min: 5 Center: 40 Max: 75 - User has not customized
Data ranges updated - Y: 5 to 75 Time: "Fri Dec 19 01:35:31 2025" to "Fri Dec 19 01:50:31 2025" Interval: "15 minutes" Auto-update: disabled Range limiting: enabled
drawDataLine: no data available for series "ADOPTED"
Default scatterplot drawn with 9 points
Default scatterplot drawn with 8 points
Default scatterplot drawn with 8 points
GraphContainer: Updated TimeSelectionVisualizer valid range to "01:50:22" to "01:50:31"
Data ranges updated - Y: 5 to 75 Time: "Fri Dec 19 01:35:31 2025" to "Fri Dec 19 01:50:31 2025" Interval: "15 minutes" Auto-update: disabled Range limiting: enabled
drawDataLine: no data available for series "ADOPTED"
Default scatterplot drawn with 9 points
Default scatterplot drawn with 8 points
Default scatterplot drawn with 8 points
Custom time range set to: "Fri Dec 19 01:35:31 2025" to "Fri Dec 19 01:50:31 2025"
GraphContainer: Updated time range to show new data - "Fri Dec 19 01:35:31 2025" to "Fri Dec 19 01:50:31 2025"
GraphContainer: Using stored range limit for "BTW" - Min: 5 Max: 75
ZoomPanel: Original range values explicitly set - Left: 5 Center: 40 Right: 75
GraphContainer: Zoom panel limits updated - Min: 5 Center: 40 Max: 75 - User has not customized
Data ranges updated - Y: 5 to 75 Time: "Fri Dec 19 01:35:31 2025" to "Fri Dec 19 01:50:31 2025" Interval: "15 minutes" Auto-update: disabled Range limiting: enabled
drawDataLine: no data available for series "ADOPTED"
Default scatterplot drawn with 9 points
Default scatterplot drawn with 8 points
Default scatterplot drawn with 8 points
GraphContainer: Updated TimeSelectionVisualizer valid range to "01:50:22" to "01:50:31"
Added data point to "BTW" series "BTW-2" y: 35.8045 time: "Fri Dec 19 01:50:31 2025"
GraphContainer: Using stored range limit for "BTW" - Min: 5 Max: 75
ZoomPanel: Original range values explicitly set - Left: 5 Center: 40 Right: 75
GraphContainer: Zoom panel limits updated - Min: 5 Center: 40 Max: 75 - User has not customized
Data ranges updated - Y: 5 to 75 Time: "Fri Dec 19 01:35:31 2025" to "Fri Dec 19 01:50:31 2025" Interval: "15 minutes" Auto-update: disabled Range limiting: enabled
drawDataLine: no data available for series "ADOPTED"
Default scatterplot drawn with 9 points
Default scatterplot drawn with 9 points
Default scatterplot drawn with 8 points
GraphContainer: Updated TimeSelectionVisualizer valid range to "01:50:22" to "01:50:31"
GraphContainer: Using stored range limit for "BTW" - Min: 5 Max: 75
ZoomPanel: Original range values explicitly set - Left: 5 Center: 40 Right: 75
GraphContainer: Zoom panel limits updated - Min: 5 Center: 40 Max: 75 - User has not customized
Data ranges updated - Y: 5 to 75 Time: "Fri Dec 19 01:35:31 2025" to "Fri Dec 19 01:50:31 2025" Interval: "15 minutes" Auto-update: disabled Range limiting: enabled
drawDataLine: no data available for series "ADOPTED"
Default scatterplot drawn with 9 points
Default scatterplot drawn with 9 points
Default scatterplot drawn with 8 points
GraphContainer: Updated TimeSelectionVisualizer valid range to "01:50:22" to "01:50:31"
GraphContainer: Using stored range limit for "BTW" - Min: 5 Max: 75
ZoomPanel: Original range values explicitly set - Left: 5 Center: 40 Right: 75
GraphContainer: Zoom panel limits updated - Min: 5 Center: 40 Max: 75 - User has not customized
Data ranges updated - Y: 5 to 75 Time: "Fri Dec 19 01:35:31 2025" to "Fri Dec 19 01:50:31 2025" Interval: "15 minutes" Auto-update: disabled Range limiting: enabled
drawDataLine: no data available for series "ADOPTED"
Default scatterplot drawn with 9 points
Default scatterplot drawn with 9 points
Default scatterplot drawn with 8 points
GraphContainer: Updated TimeSelectionVisualizer valid range to "01:50:22" to "01:50:31"
GraphContainer: Using stored range limit for "BTW" - Min: 5 Max: 75
ZoomPanel: Original range values explicitly set - Left: 5 Center: 40 Right: 75
GraphContainer: Zoom panel limits updated - Min: 5 Center: 40 Max: 75 - User has not customized
Data ranges updated - Y: 5 to 75 Time: "Fri Dec 19 01:35:31 2025" to "Fri Dec 19 01:50:31 2025" Interval: "15 minutes" Auto-update: disabled Range limiting: enabled
drawDataLine: no data available for series "ADOPTED"
Default scatterplot drawn with 9 points
Default scatterplot drawn with 9 points
Default scatterplot drawn with 8 points
GraphContainer: Updated TimeSelectionVisualizer valid range to "01:50:22" to "01:50:31"
Added data point to "BTW" series "BTW-3" y: 35.8045 time: "Fri Dec 19 01:50:31 2025"
GraphContainer: Using stored range limit for "BTW" - Min: 5 Max: 75
ZoomPanel: Original range values explicitly set - Left: 5 Center: 40 Right: 75
GraphContainer: Zoom panel limits updated - Min: 5 Center: 40 Max: 75 - User has not customized
Data ranges updated - Y: 5 to 75 Time: "Fri Dec 19 01:35:31 2025" to "Fri Dec 19 01:50:31 2025" Interval: "15 minutes" Auto-update: disabled Range limiting: enabled
drawDataLine: no data available for series "ADOPTED"
Default scatterplot drawn with 9 points
Default scatterplot drawn with 9 points
Default scatterplot drawn with 9 points
GraphContainer: Updated TimeSelectionVisualizer valid range to "01:50:22" to "01:50:31"
GraphContainer: Using stored range limit for "BTW" - Min: 5 Max: 75
ZoomPanel: Original range values explicitly set - Left: 5 Center: 40 Right: 75
GraphContainer: Zoom panel limits updated - Min: 5 Center: 40 Max: 75 - User has not customized
Data ranges updated - Y: 5 to 75 Time: "Fri Dec 19 01:35:31 2025" to "Fri Dec 19 01:50:31 2025" Interval: "15 minutes" Auto-update: disabled Range limiting: enabled
drawDataLine: no data available for series "ADOPTED"
Default scatterplot drawn with 9 points
Default scatterplot drawn with 9 points
Default scatterplot drawn with 9 points
GraphContainer: Updated TimeSelectionVisualizer valid range to "01:50:22" to "01:50:31"
GraphContainer: Using stored range limit for "BTW" - Min: 5 Max: 75
ZoomPanel: Original range values explicitly set - Left: 5 Center: 40 Right: 75
GraphContainer: Zoom panel limits updated - Min: 5 Center: 40 Max: 75 - User has not customized
Data ranges updated - Y: 5 to 75 Time: "Fri Dec 19 01:35:31 2025" to "Fri Dec 19 01:50:31 2025" Interval: "15 minutes" Auto-update: disabled Range limiting: enabled
drawDataLine: no data available for series "ADOPTED"
Default scatterplot drawn with 9 points
Default scatterplot drawn with 9 points
Default scatterplot drawn with 9 points
GraphContainer: Updated TimeSelectionVisualizer valid range to "01:50:22" to "01:50:31"
GraphContainer: Using stored range limit for "BTW" - Min: 5 Max: 75
ZoomPanel: Original range values explicitly set - Left: 5 Center: 40 Right: 75
GraphContainer: Zoom panel limits updated - Min: 5 Center: 40 Max: 75 - User has not customized
Data ranges updated - Y: 5 to 75 Time: "Fri Dec 19 01:35:31 2025" to "Fri Dec 19 01:50:31 2025" Interval: "15 minutes" Auto-update: disabled Range limiting: enabled
drawDataLine: no data available for series "ADOPTED"
Default scatterplot drawn with 9 points
Default scatterplot drawn with 9 points
Default scatterplot drawn with 9 points
GraphContainer: Updated TimeSelectionVisualizer valid range to "01:50:22" to "01:50:31"
Added data point to "RTW" series "RTW-1" y: 12.2601 time: "Fri Dec 19 01:50:31 2025"
Added data point to "RTW" series "ADOPTED" y: 22.2601 time: "Fri Dec 19 01:50:31 2025"
Added data point to "FTW" series "FTW-1" y: 19.6271 time: "Fri Dec 19 01:50:31 2025"
Added data point to "FTW" series "FTW-2" y: 29.6271 time: "Fri Dec 19 01:50:31 2025"
Added data points - FDW: 6.5767 BDW: -17.2591 BRW: -1.98788 LTW: 23.7906 BTW: 25.8045 RTW: 12.2601 FTW: 19.6271
TimeScopeChanged - Start: "01:35:32" End: "01:50:32" Duration: "00:15:00"
BDW zero axis drawn at x: 0
Custom time range set to: "Fri Dec 19 01:35:32 2025" to "Fri Dec 19 01:50:32 2025"
BDW zero axis drawn at x: 0
Custom time range set to: "Fri Dec 19 01:35:32 2025" to "Fri Dec 19 01:50:32 2025"
GraphContainer: Setting current time to "01:50:32"
Data ranges updated - Y: 5 to 75 Time: "Fri Dec 19 01:35:32 2025" to "Fri Dec 19 01:50:32 2025" Interval: "15 minutes" Auto-update: disabled Range limiting: enabled
drawDataLine: no data available for series "ADOPTED"
Default scatterplot drawn with 9 points
Default scatterplot drawn with 9 points
Default scatterplot drawn with 9 points
Custom time range set to: "Fri Dec 19 01:35:32 2025" to "Fri Dec 19 01:50:32 2025"
Data ranges updated - Y: 5 to 75 Time: "Fri Dec 19 01:35:32 2025" to "Fri Dec 19 01:50:32 2025" Interval: "15 minutes" Auto-update: disabled Range limiting: enabled
drawDataLine: no data available for series "ADOPTED"
Default scatterplot drawn with 9 points
Default scatterplot drawn with 9 points
Default scatterplot drawn with 9 points
Custom time range set to: "Fri Dec 19 01:35:32 2025" to "Fri Dec 19 01:50:32 2025"
GraphLayout: Container time scope changed from "Fri Dec 19 01:35:32 2025" to "Fri Dec 19 01:50:32 2025"
Data ranges updated - Y: 5 to 75 Time: "Fri Dec 19 01:35:32 2025" to "Fri Dec 19 01:50:32 2025" Interval: "15 minutes" Auto-update: disabled Range limiting: enabled
drawDataLine: no data available for series "ADOPTED"
Default scatterplot drawn with 9 points
Default scatterplot drawn with 9 points
Default scatterplot drawn with 9 points
Custom time range set to: "Fri Dec 19 01:35:32 2025" to "Fri Dec 19 01:50:32 2025"
Data ranges updated - Y: 5 to 75 Time: "Fri Dec 19 01:35:32 2025" to "Fri Dec 19 01:50:32 2025" Interval: "15 minutes" Auto-update: disabled Range limiting: enabled
drawDataLine: no data available for series "ADOPTED"
Default scatterplot drawn with 9 points
Default scatterplot drawn with 9 points
Default scatterplot drawn with 9 points
Custom time range set to: "Fri Dec 19 01:35:32 2025" to "Fri Dec 19 01:50:32 2025"
Data ranges updated - Y: 5 to 75 Time: "Fri Dec 19 01:35:32 2025" to "Fri Dec 19 01:50:32 2025" Interval: "15 minutes" Auto-update: disabled Range limiting: enabled
drawDataLine: no data available for series "ADOPTED"
Default scatterplot drawn with 9 points
Default scatterplot drawn with 9 points
Default scatterplot drawn with 9 points
Custom time range set to: "Fri Dec 19 01:35:32 2025" to "Fri Dec 19 01:50:32 2025"
GraphLayout: Container time scope changed from "Fri Dec 19 01:35:32 2025" to "Fri Dec 19 01:50:32 2025"
Data ranges updated - Y: 5 to 75 Time: "Fri Dec 19 01:35:32 2025" to "Fri Dec 19 01:50:32 2025" Interval: "15 minutes" Auto-update: disabled Range limiting: enabled
drawDataLine: no data available for series "ADOPTED"
Default scatterplot drawn with 9 points
Default scatterplot drawn with 9 points
Default scatterplot drawn with 9 points
Custom time range set to: "Fri Dec 19 01:35:32 2025" to "Fri Dec 19 01:50:32 2025"
Data ranges updated - Y: 5 to 75 Time: "Fri Dec 19 01:35:32 2025" to "Fri Dec 19 01:50:32 2025" Interval: "15 minutes" Auto-update: disabled Range limiting: enabled
drawDataLine: no data available for series "ADOPTED"
Default scatterplot drawn with 9 points
Default scatterplot drawn with 9 points
Default scatterplot drawn with 9 points
Custom time range set to: "Fri Dec 19 01:35:32 2025" to "Fri Dec 19 01:50:32 2025"
Data ranges updated - Y: 5 to 75 Time: "Fri Dec 19 01:35:32 2025" to "Fri Dec 19 01:50:32 2025" Interval: "15 minutes" Auto-update: disabled Range limiting: enabled
drawDataLine: no data available for series "ADOPTED"
Default scatterplot drawn with 9 points
Default scatterplot drawn with 9 points
Default scatterplot drawn with 9 points
Custom time range set to: "Fri Dec 19 01:35:32 2025" to "Fri Dec 19 01:50:32 2025"
GraphContainer: Setting current time to "01:50:32"
Data ranges updated - Y: 5 to 75 Time: "Fri Dec 19 01:35:32 2025" to "Fri Dec 19 01:50:32 2025" Interval: "15 minutes" Auto-update: disabled Range limiting: enabled
drawDataLine: no data available for series "ADOPTED"
Default scatterplot drawn with 9 points
Default scatterplot drawn with 9 points
Default scatterplot drawn with 9 points
Custom time range set to: "Fri Dec 19 01:35:32 2025" to "Fri Dec 19 01:50:32 2025"
GraphLayout: Container time scope changed from "Fri Dec 19 01:35:32 2025" to "Fri Dec 19 01:50:32 2025"
Data ranges updated - Y: 5 to 75 Time: "Fri Dec 19 01:35:32 2025" to "Fri Dec 19 01:50:32 2025" Interval: "15 minutes" Auto-update: disabled Range limiting: enabled
drawDataLine: no data available for series "ADOPTED"
Default scatterplot drawn with 9 points
Default scatterplot drawn with 9 points
Default scatterplot drawn with 9 points
Custom time range set to: "Fri Dec 19 01:35:32 2025" to "Fri Dec 19 01:50:32 2025"
Data ranges updated - Y: 5 to 75 Time: "Fri Dec 19 01:35:32 2025" to "Fri Dec 19 01:50:32 2025" Interval: "15 minutes" Auto-update: disabled Range limiting: enabled
drawDataLine: no data available for series "ADOPTED"
Default scatterplot drawn with 9 points
Default scatterplot drawn with 9 points
Default scatterplot drawn with 9 points
Custom time range set to: "Fri Dec 19 01:35:32 2025" to "Fri Dec 19 01:50:32 2025"
Data ranges updated - Y: 5 to 75 Time: "Fri Dec 19 01:35:32 2025" to "Fri Dec 19 01:50:32 2025" Interval: "15 minutes" Auto-update: disabled Range limiting: enabled
drawDataLine: no data available for series "ADOPTED"
Default scatterplot drawn with 9 points
Default scatterplot drawn with 9 points
Default scatterplot drawn with 9 points
Custom time range set to: "Fri Dec 19 01:35:32 2025" to "Fri Dec 19 01:50:32 2025"
GraphContainer: Setting current time to "01:50:32"
Data ranges updated - Y: 5 to 75 Time: "Fri Dec 19 01:35:32 2025" to "Fri Dec 19 01:50:32 2025" Interval: "15 minutes" Auto-update: disabled Range limiting: enabled
drawDataLine: no data available for series "ADOPTED"
Default scatterplot drawn with 9 points
Default scatterplot drawn with 9 points
Default scatterplot drawn with 9 points
Custom time range set to: "Fri Dec 19 01:35:32 2025" to "Fri Dec 19 01:50:32 2025"
Data ranges updated - Y: 5 to 75 Time: "Fri Dec 19 01:35:32 2025" to "Fri Dec 19 01:50:32 2025" Interval: "15 minutes" Auto-update: disabled Range limiting: enabled
drawDataLine: no data available for series "ADOPTED"
Default scatterplot drawn with 9 points
Default scatterplot drawn with 9 points
Default scatterplot drawn with 9 points
Custom time range set to: "Fri Dec 19 01:35:32 2025" to "Fri Dec 19 01:50:32 2025"
GraphLayout: Container time scope changed from "Fri Dec 19 01:35:32 2025" to "Fri Dec 19 01:50:32 2025"
Data ranges updated - Y: 5 to 75 Time: "Fri Dec 19 01:35:32 2025" to "Fri Dec 19 01:50:32 2025" Interval: "15 minutes" Auto-update: disabled Range limiting: enabled
drawDataLine: no data available for series "ADOPTED"
Default scatterplot drawn with 9 points
Default scatterplot drawn with 9 points
Default scatterplot drawn with 9 points
Custom time range set to: "Fri Dec 19 01:35:32 2025" to "Fri Dec 19 01:50:32 2025"
Data ranges updated - Y: 5 to 75 Time: "Fri Dec 19 01:35:32 2025" to "Fri Dec 19 01:50:32 2025" Interval: "15 minutes" Auto-update: disabled Range limiting: enabled
drawDataLine: no data available for series "ADOPTED"
Default scatterplot drawn with 9 points
Default scatterplot drawn with 9 points
Default scatterplot drawn with 9 points
Custom time range set to: "Fri Dec 19 01:35:32 2025" to "Fri Dec 19 01:50:32 2025"
Data ranges updated - Y: 5 to 75 Time: "Fri Dec 19 01:35:32 2025" to "Fri Dec 19 01:50:32 2025" Interval: "15 minutes" Auto-update: disabled Range limiting: enabled
drawDataLine: no data available for series "ADOPTED"
Default scatterplot drawn with 9 points
Default scatterplot drawn with 9 points
Default scatterplot drawn with 9 points
Custom time range set to: "Fri Dec 19 01:35:32 2025" to "Fri Dec 19 01:50:32 2025"
GraphLayout: Container time scope changed from "Fri Dec 19 01:35:32 2025" to "Fri Dec 19 01:50:32 2025"
Data ranges updated - Y: 5 to 75 Time: "Fri Dec 19 01:35:32 2025" to "Fri Dec 19 01:50:32 2025" Interval: "15 minutes" Auto-update: disabled Range limiting: enabled
drawDataLine: no data available for series "ADOPTED"
Default scatterplot drawn with 9 points
Default scatterplot drawn with 9 points
Default scatterplot drawn with 9 points
Custom time range set to: "Fri Dec 19 01:35:32 2025" to "Fri Dec 19 01:50:32 2025"
Data ranges updated - Y: 5 to 75 Time: "Fri Dec 19 01:35:32 2025" to "Fri Dec 19 01:50:32 2025" Interval: "15 minutes" Auto-update: disabled Range limiting: enabled
drawDataLine: no data available for series "ADOPTED"
Default scatterplot drawn with 9 points
Default scatterplot drawn with 9 points
Default scatterplot drawn with 9 points
Custom time range set to: "Fri Dec 19 01:35:32 2025" to "Fri Dec 19 01:50:32 2025"
Data ranges updated - Y: 5 to 75 Time: "Fri Dec 19 01:35:32 2025" to "Fri Dec 19 01:50:32 2025" Interval: "15 minutes" Auto-update: disabled Range limiting: enabled
drawDataLine: no data available for series "ADOPTED"
Default scatterplot drawn with 9 points
Default scatterplot drawn with 9 points
Default scatterplot drawn with 9 points
Custom time range set to: "Fri Dec 19 01:35:32 2025" to "Fri Dec 19 01:50:32 2025"
GraphContainer: Setting current time to "01:50:32"
Data ranges updated - Y: 5 to 75 Time: "Fri Dec 19 01:35:32 2025" to "Fri Dec 19 01:50:32 2025" Interval: "15 minutes" Auto-update: disabled Range limiting: enabled
drawDataLine: no data available for series "ADOPTED"
Default scatterplot drawn with 9 points
Default scatterplot drawn with 9 points
Default scatterplot drawn with 9 points
Custom time range set to: "Fri Dec 19 01:35:32 2025" to "Fri Dec 19 01:50:32 2025"
GraphLayout: Container time scope changed from "Fri Dec 19 01:35:32 2025" to "Fri Dec 19 01:50:32 2025"
Data ranges updated - Y: 5 to 75 Time: "Fri Dec 19 01:35:32 2025" to "Fri Dec 19 01:50:32 2025" Interval: "15 minutes" Auto-update: disabled Range limiting: enabled
drawDataLine: no data available for series "ADOPTED"
Default scatterplot drawn with 9 points
Default scatterplot drawn with 9 points
Default scatterplot drawn with 9 points
Custom time range set to: "Fri Dec 19 01:35:32 2025" to "Fri Dec 19 01:50:32 2025"
Data ranges updated - Y: 5 to 75 Time: "Fri Dec 19 01:35:32 2025" to "Fri Dec 19 01:50:32 2025" Interval: "15 minutes" Auto-update: disabled Range limiting: enabled
drawDataLine: no data available for series "ADOPTED"
Default scatterplot drawn with 9 points
Default scatterplot drawn with 9 points
Default scatterplot drawn with 9 points
Custom time range set to: "Fri Dec 19 01:35:32 2025" to "Fri Dec 19 01:50:32 2025"
Data ranges updated - Y: 5 to 75 Time: "Fri Dec 19 01:35:32 2025" to "Fri Dec 19 01:50:32 2025" Interval: "15 minutes" Auto-update: disabled Range limiting: enabled
drawDataLine: no data available for series "ADOPTED"
Default scatterplot drawn with 9 points
Default scatterplot drawn with 9 points
Default scatterplot drawn with 9 points
Custom time range set to: "Fri Dec 19 01:35:32 2025" to "Fri Dec 19 01:50:32 2025"
GraphContainer: Set chevron label 1 to: "Start"
GraphContainer: Set chevron label 1 to: "Start"
GraphContainer: Set chevron label 1 to: "Start"
GraphContainer: Set chevron label 1 to: "Start"
GraphLayout: Set chevron label 1 to: "Start" for all visible containers
GraphContainer: Set chevron label 2 to: "Now"
GraphContainer: Set chevron label 2 to: "Now"
GraphContainer: Set chevron label 2 to: "Now"
GraphContainer: Set chevron label 2 to: "Now"
GraphLayout: Set chevron label 2 to: "Now" for all visible containers
GraphContainer: Set chevron label 3 to: "End"
GraphContainer: Set chevron label 3 to: "End"
GraphContainer: Set chevron label 3 to: "End"
GraphContainer: Set chevron label 3 to: "End"
GraphLayout: Set chevron label 3 to: "End" for all visible containers
Data ranges updated - Y: 5 to 75 Time: "Fri Dec 19 01:35:32 2025" to "Fri Dec 19 01:50:32 2025" Interval: "15 minutes" Auto-update: disabled Range limiting: enabled
drawDataLine: no data available for series "ADOPTED"
Default scatterplot drawn with 9 points
Default scatterplot drawn with 9 points
Default scatterplot drawn with 9 points
Custom time range set to: "Fri Dec 19 01:35:32 2025" to "Fri Dec 19 01:50:32 2025"
Data ranges updated - Y: 5 to 75 Time: "Fri Dec 19 01:35:32 2025" to "Fri Dec 19 01:50:32 2025" Interval: "15 minutes" Auto-update: disabled Range limiting: enabled
drawDataLine: no data available for series "ADOPTED"
Default scatterplot drawn with 9 points
Default scatterplot drawn with 9 points
Default scatterplot drawn with 9 points
Custom time range set to: "Fri Dec 19 01:35:32 2025" to "Fri Dec 19 01:50:32 2025"
GraphLayout: Container time scope changed from "Fri Dec 19 01:35:32 2025" to "Fri Dec 19 01:50:32 2025"
Data ranges updated - Y: 5 to 75 Time: "Fri Dec 19 01:35:32 2025" to "Fri Dec 19 01:50:32 2025" Interval: "15 minutes" Auto-update: disabled Range limiting: enabled
drawDataLine: no data available for series "ADOPTED"
Default scatterplot drawn with 9 points
Default scatterplot drawn with 9 points
Default scatterplot drawn with 9 points
Custom time range set to: "Fri Dec 19 01:35:32 2025" to "Fri Dec 19 01:50:32 2025"
Data ranges updated - Y: 5 to 75 Time: "Fri Dec 19 01:35:32 2025" to "Fri Dec 19 01:50:32 2025" Interval: "15 minutes" Auto-update: disabled Range limiting: enabled
drawDataLine: no data available for series "ADOPTED"
Default scatterplot drawn with 9 points
Default scatterplot drawn with 9 points
Default scatterplot drawn with 9 points
Custom time range set to: "Fri Dec 19 01:35:32 2025" to "Fri Dec 19 01:50:32 2025"
Data ranges updated - Y: 5 to 75 Time: "Fri Dec 19 01:35:32 2025" to "Fri Dec 19 01:50:32 2025" Interval: "15 minutes" Auto-update: disabled Range limiting: enabled
drawDataLine: no data available for series "ADOPTED"
Default scatterplot drawn with 9 points
Default scatterplot drawn with 9 points
Default scatterplot drawn with 9 points
Custom time range set to: "Fri Dec 19 01:35:32 2025" to "Fri Dec 19 01:50:32 2025"
GraphLayout: Container time scope changed from "Fri Dec 19 01:35:32 2025" to "Fri Dec 19 01:50:32 2025"
Data ranges updated - Y: 5 to 75 Time: "Fri Dec 19 01:35:32 2025" to "Fri Dec 19 01:50:32 2025" Interval: "15 minutes" Auto-update: disabled Range limiting: enabled
drawDataLine: no data available for series "ADOPTED"
Default scatterplot drawn with 9 points
Default scatterplot drawn with 9 points
Default scatterplot drawn with 9 points
Custom time range set to: "Fri Dec 19 01:35:32 2025" to "Fri Dec 19 01:50:32 2025"
Data ranges updated - Y: 5 to 75 Time: "Fri Dec 19 01:35:32 2025" to "Fri Dec 19 01:50:32 2025" Interval: "15 minutes" Auto-update: disabled Range limiting: enabled
drawDataLine: no data available for series "ADOPTED"
Default scatterplot drawn with 9 points
Default scatterplot drawn with 9 points
Default scatterplot drawn with 9 points
Custom time range set to: "Fri Dec 19 01:35:32 2025" to "Fri Dec 19 01:50:32 2025"
Data ranges updated - Y: 5 to 75 Time: "Fri Dec 19 01:35:32 2025" to "Fri Dec 19 01:50:32 2025" Interval: "15 minutes" Auto-update: disabled Range limiting: enabled
drawDataLine: no data available for series "ADOPTED"
Default scatterplot drawn with 9 points
Default scatterplot drawn with 9 points
Default scatterplot drawn with 9 points
Custom time range set to: "Fri Dec 19 01:35:32 2025" to "Fri Dec 19 01:50:32 2025"
Data ranges updated - Y: 5 to 75 Time: "Fri Dec 19 01:35:32 2025" to "Fri Dec 19 01:50:32 2025" Interval: "15 minutes" Auto-update: disabled Range limiting: enabled
drawDataLine: no data available for series "ADOPTED"
Default scatterplot drawn with 9 points
Default scatterplot drawn with 9 points
Default scatterplot drawn with 9 points
Custom time range set to: "Fri Dec 19 01:35:32 2025" to "Fri Dec 19 01:50:32 2025"
GraphLayout: Container time scope changed from "Fri Dec 19 01:35:32 2025" to "Fri Dec 19 01:50:32 2025"
Data ranges updated - Y: 5 to 75 Time: "Fri Dec 19 01:35:32 2025" to "Fri Dec 19 01:50:32 2025" Interval: "15 minutes" Auto-update: disabled Range limiting: enabled
drawDataLine: no data available for series "ADOPTED"
Default scatterplot drawn with 9 points
Default scatterplot drawn with 9 points
Default scatterplot drawn with 9 points
Custom time range set to: "Fri Dec 19 01:35:32 2025" to "Fri Dec 19 01:50:32 2025"
Data ranges updated - Y: 5 to 75 Time: "Fri Dec 19 01:35:32 2025" to "Fri Dec 19 01:50:32 2025" Interval: "15 minutes" Auto-update: disabled Range limiting: enabled
drawDataLine: no data available for series "ADOPTED"
Default scatterplot drawn with 9 points
Default scatterplot drawn with 9 points
Default scatterplot drawn with 9 points
Custom time range set to: "Fri Dec 19 01:35:32 2025" to "Fri Dec 19 01:50:32 2025"
Data ranges updated - Y: 5 to 75 Time: "Fri Dec 19 01:35:32 2025" to "Fri Dec 19 01:50:32 2025" Interval: "15 minutes" Auto-update: disabled Range limiting: enabled
drawDataLine: no data available for series "ADOPTED"
Default scatterplot drawn with 9 points
Default scatterplot drawn with 9 points
Default scatterplot drawn with 9 points
Custom time range set to: "Fri Dec 19 01:35:32 2025" to "Fri Dec 19 01:50:32 2025"
Data ranges updated - Y: 5 to 75 Time: "Fri Dec 19 01:35:32 2025" to "Fri Dec 19 01:50:32 2025" Interval: "15 minutes" Auto-update: disabled Range limiting: enabled
drawDataLine: no data available for series "ADOPTED"
Default scatterplot drawn with 9 points
Default scatterplot drawn with 9 points
Default scatterplot drawn with 9 points
Custom time range set to: "Fri Dec 19 01:35:32 2025" to "Fri Dec 19 01:50:32 2025"
Data ranges updated - Y: 5 to 75 Time: "Fri Dec 19 01:35:32 2025" to "Fri Dec 19 01:50:32 2025" Interval: "15 minutes" Auto-update: disabled Range limiting: enabled
drawDataLine: no data available for series "ADOPTED"
Default scatterplot drawn with 9 points
Default scatterplot drawn with 9 points
Default scatterplot drawn with 9 points
Custom time range set to: "Fri Dec 19 01:35:32 2025" to "Fri Dec 19 01:50:32 2025"
GraphLayout: Container time scope changed from "Fri Dec 19 01:35:32 2025" to "Fri Dec 19 01:50:32 2025"
Data ranges updated - Y: 5 to 75 Time: "Fri Dec 19 01:35:32 2025" to "Fri Dec 19 01:50:32 2025" Interval: "15 minutes" Auto-update: disabled Range limiting: enabled
drawDataLine: no data available for series "ADOPTED"
Default scatterplot drawn with 9 points
Default scatterplot drawn with 9 points
Default scatterplot drawn with 9 points
Custom time range set to: "Fri Dec 19 01:35:32 2025" to "Fri Dec 19 01:50:32 2025"
Data ranges updated - Y: 5 to 75 Time: "Fri Dec 19 01:35:32 2025" to "Fri Dec 19 01:50:32 2025" Interval: "15 minutes" Auto-update: disabled Range limiting: enabled
drawDataLine: no data available for series "ADOPTED"
Default scatterplot drawn with 9 points
Default scatterplot drawn with 9 points
Default scatterplot drawn with 9 points
Custom time range set to: "Fri Dec 19 01:35:32 2025" to "Fri Dec 19 01:50:32 2025"
Data ranges updated - Y: 5 to 75 Time: "Fri Dec 19 01:35:32 2025" to "Fri Dec 19 01:50:32 2025" Interval: "15 minutes" Auto-update: disabled Range limiting: enabled
drawDataLine: no data available for series "ADOPTED"
Default scatterplot drawn with 9 points
Default scatterplot drawn with 9 points
Default scatterplot drawn with 9 points
Custom time range set to: "Fri Dec 19 01:35:32 2025" to "Fri Dec 19 01:50:32 2025"
GraphLayout: Container time scope changed from "Fri Dec 19 01:35:32 2025" to "Fri Dec 19 01:50:32 2025"
Data ranges updated - Y: 5 to 75 Time: "Fri Dec 19 01:35:32 2025" to "Fri Dec 19 01:50:32 2025" Interval: "15 minutes" Auto-update: disabled Range limiting: enabled
drawDataLine: no data available for series "ADOPTED"
Default scatterplot drawn with 9 points
Default scatterplot drawn with 9 points
Default scatterplot drawn with 9 points
Custom time range set to: "Fri Dec 19 01:35:32 2025" to "Fri Dec 19 01:50:32 2025"
Data ranges updated - Y: 5 to 75 Time: "Fri Dec 19 01:35:32 2025" to "Fri Dec 19 01:50:32 2025" Interval: "15 minutes" Auto-update: disabled Range limiting: enabled
drawDataLine: no data available for series "ADOPTED"
Default scatterplot drawn with 9 points
Default scatterplot drawn with 9 points
Default scatterplot drawn with 9 points
Custom time range set to: "Fri Dec 19 01:35:32 2025" to "Fri Dec 19 01:50:32 2025"
Data ranges updated - Y: 5 to 75 Time: "Fri Dec 19 01:35:32 2025" to "Fri Dec 19 01:50:32 2025" Interval: "15 minutes" Auto-update: disabled Range limiting: enabled
drawDataLine: no data available for series "ADOPTED"
Default scatterplot drawn with 9 points
Default scatterplot drawn with 9 points
Default scatterplot drawn with 9 points
Custom time range set to: "Fri Dec 19 01:35:32 2025" to "Fri Dec 19 01:50:32 2025"
Data ranges updated - Y: 5 to 75 Time: "Fri Dec 19 01:35:32 2025" to "Fri Dec 19 01:50:32 2025" Interval: "15 minutes" Auto-update: disabled Range limiting: enabled
drawDataLine: no data available for series "ADOPTED"
Default scatterplot drawn with 9 points
Default scatterplot drawn with 9 points
Default scatterplot drawn with 9 points
Custom time range set to: "Fri Dec 19 01:35:32 2025" to "Fri Dec 19 01:50:32 2025"
GraphLayout: Container time scope changed from "Fri Dec 19 01:35:32 2025" to "Fri Dec 19 01:50:32 2025"
Data ranges updated - Y: 5 to 75 Time: "Fri Dec 19 01:35:32 2025" to "Fri Dec 19 01:50:32 2025" Interval: "15 minutes" Auto-update: disabled Range limiting: enabled
drawDataLine: no data available for series "ADOPTED"
Default scatterplot drawn with 9 points
Default scatterplot drawn with 9 points
Default scatterplot drawn with 9 points
Custom time range set to: "Fri Dec 19 01:35:32 2025" to "Fri Dec 19 01:50:32 2025"
Data ranges updated - Y: 5 to 75 Time: "Fri Dec 19 01:35:32 2025" to "Fri Dec 19 01:50:32 2025" Interval: "15 minutes" Auto-update: disabled Range limiting: enabled
drawDataLine: no data available for series "ADOPTED"
Default scatterplot drawn with 9 points
Default scatterplot drawn with 9 points
Default scatterplot drawn with 9 points
Custom time range set to: "Fri Dec 19 01:35:32 2025" to "Fri Dec 19 01:50:32 2025"
Data ranges updated - Y: 5 to 75 Time: "Fri Dec 19 01:35:32 2025" to "Fri Dec 19 01:50:32 2025" Interval: "15 minutes" Auto-update: disabled Range limiting: enabled
drawDataLine: no data available for series "ADOPTED"
Default scatterplot drawn with 9 points
Default scatterplot drawn with 9 points
Default scatterplot drawn with 9 points
Custom time range set to: "Fri Dec 19 01:35:32 2025" to "Fri Dec 19 01:50:32 2025"
Simulator::onTimerTick() called
Added data point to "FDW" series "FDW-1" y: 9.1066 time: "Fri Dec 19 01:50:32 2025"
Added data point to "FDW" series "FDW-2" y: 19.1066 time: "Fri Dec 19 01:50:32 2025"
Added data point to "BDW" series "BDW-1" y: -15.7945 time: "Fri Dec 19 01:50:32 2025"
Added data point to "BDW" series "BDW-2" y: -5.79455 time: "Fri Dec 19 01:50:32 2025"
Added data point to "BRW" series "BRW-1" y: 1.83882 time: "Fri Dec 19 01:50:32 2025"
Added data point to "BRW" series "BRW-2" y: 11.8388 time: "Fri Dec 19 01:50:32 2025"
Added data point to "LTW" series "LTW-1" y: 23.1219 time: "Fri Dec 19 01:50:32 2025"
Added data point to "LTW" series "LTW-2" y: 33.1219 time: "Fri Dec 19 01:50:32 2025"
Added data point to "BTW" series "BTW-1" y: 26.3639 time: "Fri Dec 19 01:50:32 2025"
Data ranges updated - Y: 5 to 75 Time: "Fri Dec 19 01:35:32 2025" to "Fri Dec 19 01:50:32 2025" Interval: "15 minutes" Auto-update: disabled Range limiting: enabled
drawDataLine: no data available for series "ADOPTED"
Default scatterplot drawn with 10 points
Default scatterplot drawn with 9 points
Default scatterplot drawn with 9 points
Custom time range set to: "Fri Dec 19 01:35:32 2025" to "Fri Dec 19 01:50:32 2025"
GraphContainer: Updated time range to show new data - "Fri Dec 19 01:35:32 2025" to "Fri Dec 19 01:50:32 2025"
GraphContainer: Using stored range limit for "BTW" - Min: 5 Max: 75
ZoomPanel: Original range values explicitly set - Left: 5 Center: 40 Right: 75
GraphContainer: Zoom panel limits updated - Min: 5 Center: 40 Max: 75 - User has not customized
Data ranges updated - Y: 5 to 75 Time: "Fri Dec 19 01:35:32 2025" to "Fri Dec 19 01:50:32 2025" Interval: "15 minutes" Auto-update: disabled Range limiting: enabled
drawDataLine: no data available for series "ADOPTED"
Default scatterplot drawn with 10 points
Default scatterplot drawn with 9 points
Default scatterplot drawn with 9 points
GraphContainer: Updated TimeSelectionVisualizer valid range to "01:50:22" to "01:50:32"
Data ranges updated - Y: 5 to 75 Time: "Fri Dec 19 01:35:32 2025" to "Fri Dec 19 01:50:32 2025" Interval: "15 minutes" Auto-update: disabled Range limiting: enabled
drawDataLine: no data available for series "ADOPTED"
Default scatterplot drawn with 10 points
Default scatterplot drawn with 9 points
Default scatterplot drawn with 9 points
Custom time range set to: "Fri Dec 19 01:35:32 2025" to "Fri Dec 19 01:50:32 2025"
GraphContainer: Updated time range to show new data - "Fri Dec 19 01:35:32 2025" to "Fri Dec 19 01:50:32 2025"
GraphContainer: Using stored range limit for "BTW" - Min: 5 Max: 75
ZoomPanel: Original range values explicitly set - Left: 5 Center: 40 Right: 75
GraphContainer: Zoom panel limits updated - Min: 5 Center: 40 Max: 75 - User has not customized
Data ranges updated - Y: 5 to 75 Time: "Fri Dec 19 01:35:32 2025" to "Fri Dec 19 01:50:32 2025" Interval: "15 minutes" Auto-update: disabled Range limiting: enabled
drawDataLine: no data available for series "ADOPTED"
Default scatterplot drawn with 10 points
Default scatterplot drawn with 9 points
Default scatterplot drawn with 9 points
GraphContainer: Updated TimeSelectionVisualizer valid range to "01:50:22" to "01:50:32"
Data ranges updated - Y: 5 to 75 Time: "Fri Dec 19 01:35:32 2025" to "Fri Dec 19 01:50:32 2025" Interval: "15 minutes" Auto-update: disabled Range limiting: enabled
drawDataLine: no data available for series "ADOPTED"
Default scatterplot drawn with 10 points
Default scatterplot drawn with 9 points
Default scatterplot drawn with 9 points
Custom time range set to: "Fri Dec 19 01:35:32 2025" to "Fri Dec 19 01:50:32 2025"
GraphContainer: Updated time range to show new data - "Fri Dec 19 01:35:32 2025" to "Fri Dec 19 01:50:32 2025"
GraphContainer: Using stored range limit for "BTW" - Min: 5 Max: 75
ZoomPanel: Original range values explicitly set - Left: 5 Center: 40 Right: 75
GraphContainer: Zoom panel limits updated - Min: 5 Center: 40 Max: 75 - User has not customized
Data ranges updated - Y: 5 to 75 Time: "Fri Dec 19 01:35:32 2025" to "Fri Dec 19 01:50:32 2025" Interval: "15 minutes" Auto-update: disabled Range limiting: enabled
drawDataLine: no data available for series "ADOPTED"
Default scatterplot drawn with 10 points
Default scatterplot drawn with 9 points
Default scatterplot drawn with 9 points
GraphContainer: Updated TimeSelectionVisualizer valid range to "01:50:22" to "01:50:32"
Data ranges updated - Y: 5 to 75 Time: "Fri Dec 19 01:35:32 2025" to "Fri Dec 19 01:50:32 2025" Interval: "15 minutes" Auto-update: disabled Range limiting: enabled
drawDataLine: no data available for series "ADOPTED"
Default scatterplot drawn with 10 points
Default scatterplot drawn with 9 points
Default scatterplot drawn with 9 points
Custom time range set to: "Fri Dec 19 01:35:32 2025" to "Fri Dec 19 01:50:32 2025"
GraphContainer: Updated time range to show new data - "Fri Dec 19 01:35:32 2025" to "Fri Dec 19 01:50:32 2025"
GraphContainer: Using stored range limit for "BTW" - Min: 5 Max: 75
ZoomPanel: Original range values explicitly set - Left: 5 Center: 40 Right: 75
GraphContainer: Zoom panel limits updated - Min: 5 Center: 40 Max: 75 - User has not customized
Data ranges updated - Y: 5 to 75 Time: "Fri Dec 19 01:35:32 2025" to "Fri Dec 19 01:50:32 2025" Interval: "15 minutes" Auto-update: disabled Range limiting: enabled
drawDataLine: no data available for series "ADOPTED"
Default scatterplot drawn with 10 points
Default scatterplot drawn with 9 points
Default scatterplot drawn with 9 points
GraphContainer: Updated TimeSelectionVisualizer valid range to "01:50:22" to "01:50:32"
Added data point to "BTW" series "BTW-2" y: 36.3639 time: "Fri Dec 19 01:50:32 2025"
GraphContainer: Using stored range limit for "BTW" - Min: 5 Max: 75
ZoomPanel: Original range values explicitly set - Left: 5 Center: 40 Right: 75
GraphContainer: Zoom panel limits updated - Min: 5 Center: 40 Max: 75 - User has not customized
Data ranges updated - Y: 5 to 75 Time: "Fri Dec 19 01:35:32 2025" to "Fri Dec 19 01:50:32 2025" Interval: "15 minutes" Auto-update: disabled Range limiting: enabled
drawDataLine: no data available for series "ADOPTED"
Default scatterplot drawn with 10 points
Default scatterplot drawn with 10 points
Default scatterplot drawn with 9 points
GraphContainer: Updated TimeSelectionVisualizer valid range to "01:50:22" to "01:50:32"
GraphContainer: Using stored range limit for "BTW" - Min: 5 Max: 75
ZoomPanel: Original range values explicitly set - Left: 5 Center: 40 Right: 75
GraphContainer: Zoom panel limits updated - Min: 5 Center: 40 Max: 75 - User has not customized
Data ranges updated - Y: 5 to 75 Time: "Fri Dec 19 01:35:32 2025" to "Fri Dec 19 01:50:32 2025" Interval: "15 minutes" Auto-update: disabled Range limiting: enabled
drawDataLine: no data available for series "ADOPTED"
Default scatterplot drawn with 10 points
Default scatterplot drawn with 10 points
Default scatterplot drawn with 9 points
GraphContainer: Updated TimeSelectionVisualizer valid range to "01:50:22" to "01:50:32"
GraphContainer: Using stored range limit for "BTW" - Min: 5 Max: 75
ZoomPanel: Original range values explicitly set - Left: 5 Center: 40 Right: 75
GraphContainer: Zoom panel limits updated - Min: 5 Center: 40 Max: 75 - User has not customized
Data ranges updated - Y: 5 to 75 Time: "Fri Dec 19 01:35:32 2025" to "Fri Dec 19 01:50:32 2025" Interval: "15 minutes" Auto-update: disabled Range limiting: enabled
drawDataLine: no data available for series "ADOPTED"
Default scatterplot drawn with 10 points
Default scatterplot drawn with 10 points
Default scatterplot drawn with 9 points
GraphContainer: Updated TimeSelectionVisualizer valid range to "01:50:22" to "01:50:32"
GraphContainer: Using stored range limit for "BTW" - Min: 5 Max: 75
ZoomPanel: Original range values explicitly set - Left: 5 Center: 40 Right: 75
GraphContainer: Zoom panel limits updated - Min: 5 Center: 40 Max: 75 - User has not customized
Data ranges updated - Y: 5 to 75 Time: "Fri Dec 19 01:35:32 2025" to "Fri Dec 19 01:50:32 2025" Interval: "15 minutes" Auto-update: disabled Range limiting: enabled
drawDataLine: no data available for series "ADOPTED"
Default scatterplot drawn with 10 points
Default scatterplot drawn with 10 points
Default scatterplot drawn with 9 points
GraphContainer: Updated TimeSelectionVisualizer valid range to "01:50:22" to "01:50:32"
Added data point to "BTW" series "BTW-3" y: 36.3639 time: "Fri Dec 19 01:50:32 2025"
GraphContainer: Using stored range limit for "BTW" - Min: 5 Max: 75
ZoomPanel: Original range values explicitly set - Left: 5 Center: 40 Right: 75
GraphContainer: Zoom panel limits updated - Min: 5 Center: 40 Max: 75 - User has not customized
Data ranges updated - Y: 5 to 75 Time: "Fri Dec 19 01:35:32 2025" to "Fri Dec 19 01:50:32 2025" Interval: "15 minutes" Auto-update: disabled Range limiting: enabled
drawDataLine: no data available for series "ADOPTED"
Default scatterplot drawn with 10 points
Default scatterplot drawn with 10 points
Default scatterplot drawn with 10 points
GraphContainer: Updated TimeSelectionVisualizer valid range to "01:50:22" to "01:50:32"
GraphContainer: Using stored range limit for "BTW" - Min: 5 Max: 75
ZoomPanel: Original range values explicitly set - Left: 5 Center: 40 Right: 75
GraphContainer: Zoom panel limits updated - Min: 5 Center: 40 Max: 75 - User has not customized
Data ranges updated - Y: 5 to 75 Time: "Fri Dec 19 01:35:32 2025" to "Fri Dec 19 01:50:32 2025" Interval: "15 minutes" Auto-update: disabled Range limiting: enabled
drawDataLine: no data available for series "ADOPTED"
Default scatterplot drawn with 10 points
Default scatterplot drawn with 10 points
Default scatterplot drawn with 10 points
GraphContainer: Updated TimeSelectionVisualizer valid range to "01:50:22" to "01:50:32"
GraphContainer: Using stored range limit for "BTW" - Min: 5 Max: 75
ZoomPanel: Original range values explicitly set - Left: 5 Center: 40 Right: 75
GraphContainer: Zoom panel limits updated - Min: 5 Center: 40 Max: 75 - User has not customized
Data ranges updated - Y: 5 to 75 Time: "Fri Dec 19 01:35:32 2025" to "Fri Dec 19 01:50:32 2025" Interval: "15 minutes" Auto-update: disabled Range limiting: enabled
drawDataLine: no data available for series "ADOPTED"
Default scatterplot drawn with 10 points
Default scatterplot drawn with 10 points
Default scatterplot drawn with 10 points
GraphContainer: Updated TimeSelectionVisualizer valid range to "01:50:22" to "01:50:32"
GraphContainer: Using stored range limit for "BTW" - Min: 5 Max: 75
ZoomPanel: Original range values explicitly set - Left: 5 Center: 40 Right: 75
GraphContainer: Zoom panel limits updated - Min: 5 Center: 40 Max: 75 - User has not customized
Data ranges updated - Y: 5 to 75 Time: "Fri Dec 19 01:35:32 2025" to "Fri Dec 19 01:50:32 2025" Interval: "15 minutes" Auto-update: disabled Range limiting: enabled
drawDataLine: no data available for series "ADOPTED"
Default scatterplot drawn with 10 points
Default scatterplot drawn with 10 points
Default scatterplot drawn with 10 points
GraphContainer: Updated TimeSelectionVisualizer valid range to "01:50:22" to "01:50:32"
Added data point to "RTW" series "RTW-1" y: 14.5054 time: "Fri Dec 19 01:50:32 2025"
Added data point to "RTW" series "ADOPTED" y: 24.5054 time: "Fri Dec 19 01:50:32 2025"
Added data point to "FTW" series "FTW-1" y: 19.7189 time: "Fri Dec 19 01:50:32 2025"
Added data point to "FTW" series "FTW-2" y: 29.7189 time: "Fri Dec 19 01:50:32 2025"
Added data points - FDW: 9.1066 BDW: -15.7945 BRW: 1.83882 LTW: 23.1219 BTW: 26.3639 RTW: 14.5054 FTW: 19.7189
TimeScopeChanged - Start: "01:35:33" End: "01:50:33" Duration: "00:15:00"
BDW zero axis drawn at x: 0
Custom time range set to: "Fri Dec 19 01:35:33 2025" to "Fri Dec 19 01:50:33 2025"
BDW zero axis drawn at x: 0
Custom time range set to: "Fri Dec 19 01:35:33 2025" to "Fri Dec 19 01:50:33 2025"
GraphContainer: Setting current time to "01:50:33"
Data ranges updated - Y: 5 to 75 Time: "Fri Dec 19 01:35:33 2025" to "Fri Dec 19 01:50:33 2025" Interval: "15 minutes" Auto-update: disabled Range limiting: enabled
drawDataLine: no data available for series "ADOPTED"
Default scatterplot drawn with 10 points
Default scatterplot drawn with 10 points
Default scatterplot drawn with 10 points
Custom time range set to: "Fri Dec 19 01:35:33 2025" to "Fri Dec 19 01:50:33 2025"
Data ranges updated - Y: 5 to 75 Time: "Fri Dec 19 01:35:33 2025" to "Fri Dec 19 01:50:33 2025" Interval: "15 minutes" Auto-update: disabled Range limiting: enabled
drawDataLine: no data available for series "ADOPTED"
Default scatterplot drawn with 10 points
Default scatterplot drawn with 10 points
Default scatterplot drawn with 10 points
Custom time range set to: "Fri Dec 19 01:35:33 2025" to "Fri Dec 19 01:50:33 2025"
GraphLayout: Container time scope changed from "Fri Dec 19 01:35:33 2025" to "Fri Dec 19 01:50:33 2025"
Data ranges updated - Y: 5 to 75 Time: "Fri Dec 19 01:35:33 2025" to "Fri Dec 19 01:50:33 2025" Interval: "15 minutes" Auto-update: disabled Range limiting: enabled
drawDataLine: no data available for series "ADOPTED"
Default scatterplot drawn with 10 points
Default scatterplot drawn with 10 points
Default scatterplot drawn with 10 points
Custom time range set to: "Fri Dec 19 01:35:33 2025" to "Fri Dec 19 01:50:33 2025"
Data ranges updated - Y: 5 to 75 Time: "Fri Dec 19 01:35:33 2025" to "Fri Dec 19 01:50:33 2025" Interval: "15 minutes" Auto-update: disabled Range limiting: enabled
drawDataLine: no data available for series "ADOPTED"
Default scatterplot drawn with 10 points
Default scatterplot drawn with 10 points
Default scatterplot drawn with 10 points
Custom time range set to: "Fri Dec 19 01:35:33 2025" to "Fri Dec 19 01:50:33 2025"
Data ranges updated - Y: 5 to 75 Time: "Fri Dec 19 01:35:33 2025" to "Fri Dec 19 01:50:33 2025" Interval: "15 minutes" Auto-update: disabled Range limiting: enabled
drawDataLine: no data available for series "ADOPTED"
Default scatterplot drawn with 10 points
Default scatterplot drawn with 10 points
Default scatterplot drawn with 10 points
Custom time range set to: "Fri Dec 19 01:35:33 2025" to "Fri Dec 19 01:50:33 2025"
GraphLayout: Container time scope changed from "Fri Dec 19 01:35:33 2025" to "Fri Dec 19 01:50:33 2025"
Data ranges updated - Y: 5 to 75 Time: "Fri Dec 19 01:35:33 2025" to "Fri Dec 19 01:50:33 2025" Interval: "15 minutes" Auto-update: disabled Range limiting: enabled
drawDataLine: no data available for series "ADOPTED"
Default scatterplot drawn with 10 points
Default scatterplot drawn with 10 points
Default scatterplot drawn with 10 points
Custom time range set to: "Fri Dec 19 01:35:33 2025" to "Fri Dec 19 01:50:33 2025"
Data ranges updated - Y: 5 to 75 Time: "Fri Dec 19 01:35:33 2025" to "Fri Dec 19 01:50:33 2025" Interval: "15 minutes" Auto-update: disabled Range limiting: enabled
drawDataLine: no data available for series "ADOPTED"
Default scatterplot drawn with 10 points
Default scatterplot drawn with 10 points
Default scatterplot drawn with 10 points
Custom time range set to: "Fri Dec 19 01:35:33 2025" to "Fri Dec 19 01:50:33 2025"
Data ranges updated - Y: 5 to 75 Time: "Fri Dec 19 01:35:33 2025" to "Fri Dec 19 01:50:33 2025" Interval: "15 minutes" Auto-update: disabled Range limiting: enabled
drawDataLine: no data available for series "ADOPTED"
Default scatterplot drawn with 10 points
Default scatterplot drawn with 10 points
Default scatterplot drawn with 10 points
Custom time range set to: "Fri Dec 19 01:35:33 2025" to "Fri Dec 19 01:50:33 2025"
GraphContainer: Setting current time to "01:50:33"
Data ranges updated - Y: 5 to 75 Time: "Fri Dec 19 01:35:33 2025" to "Fri Dec 19 01:50:33 2025" Interval: "15 minutes" Auto-update: disabled Range limiting: enabled
drawDataLine: no data available for series "ADOPTED"
Default scatterplot drawn with 10 points
Default scatterplot drawn with 10 points
Default scatterplot drawn with 10 points
Custom time range set to: "Fri Dec 19 01:35:33 2025" to "Fri Dec 19 01:50:33 2025"
GraphLayout: Container time scope changed from "Fri Dec 19 01:35:33 2025" to "Fri Dec 19 01:50:33 2025"
Data ranges updated - Y: 5 to 75 Time: "Fri Dec 19 01:35:33 2025" to "Fri Dec 19 01:50:33 2025" Interval: "15 minutes" Auto-update: disabled Range limiting: enabled
drawDataLine: no data available for series "ADOPTED"
Default scatterplot drawn with 10 points
Default scatterplot drawn with 10 points
Default scatterplot drawn with 10 points
Custom time range set to: "Fri Dec 19 01:35:33 2025" to "Fri Dec 19 01:50:33 2025"
Data ranges updated - Y: 5 to 75 Time: "Fri Dec 19 01:35:33 2025" to "Fri Dec 19 01:50:33 2025" Interval: "15 minutes" Auto-update: disabled Range limiting: enabled
drawDataLine: no data available for series "ADOPTED"
Default scatterplot drawn with 10 points
Default scatterplot drawn with 10 points
Default scatterplot drawn with 10 points
Custom time range set to: "Fri Dec 19 01:35:33 2025" to "Fri Dec 19 01:50:33 2025"
Data ranges updated - Y: 5 to 75 Time: "Fri Dec 19 01:35:33 2025" to "Fri Dec 19 01:50:33 2025" Interval: "15 minutes" Auto-update: disabled Range limiting: enabled
drawDataLine: no data available for series "ADOPTED"
Default scatterplot drawn with 10 points
Default scatterplot drawn with 10 points
Default scatterplot drawn with 10 points
Custom time range set to: "Fri Dec 19 01:35:33 2025" to "Fri Dec 19 01:50:33 2025"
GraphContainer: Setting current time to "01:50:33"
Data ranges updated - Y: 5 to 75 Time: "Fri Dec 19 01:35:33 2025" to "Fri Dec 19 01:50:33 2025" Interval: "15 minutes" Auto-update: disabled Range limiting: enabled
drawDataLine: no data available for series "ADOPTED"
Default scatterplot drawn with 10 points
Default scatterplot drawn with 10 points
Default scatterplot drawn with 10 points
Custom time range set to: "Fri Dec 19 01:35:33 2025" to "Fri Dec 19 01:50:33 2025"
Data ranges updated - Y: 5 to 75 Time: "Fri Dec 19 01:35:33 2025" to "Fri Dec 19 01:50:33 2025" Interval: "15 minutes" Auto-update: disabled Range limiting: enabled
drawDataLine: no data available for series "ADOPTED"
Default scatterplot drawn with 10 points
Default scatterplot drawn with 10 points
Default scatterplot drawn with 10 points
Custom time range set to: "Fri Dec 19 01:35:33 2025" to "Fri Dec 19 01:50:33 2025"
GraphLayout: Container time scope changed from "Fri Dec 19 01:35:33 2025" to "Fri Dec 19 01:50:33 2025"
Data ranges updated - Y: 5 to 75 Time: "Fri Dec 19 01:35:33 2025" to "Fri Dec 19 01:50:33 2025" Interval: "15 minutes" Auto-update: disabled Range limiting: enabled
drawDataLine: no data available for series "ADOPTED"
Default scatterplot drawn with 10 points
Default scatterplot drawn with 10 points
Default scatterplot drawn with 10 points
Custom time range set to: "Fri Dec 19 01:35:33 2025" to "Fri Dec 19 01:50:33 2025"
Data ranges updated - Y: 5 to 75 Time: "Fri Dec 19 01:35:33 2025" to "Fri Dec 19 01:50:33 2025" Interval: "15 minutes" Auto-update: disabled Range limiting: enabled
drawDataLine: no data available for series "ADOPTED"
Default scatterplot drawn with 10 points
Default scatterplot drawn with 10 points
Default scatterplot drawn with 10 points
Custom time range set to: "Fri Dec 19 01:35:33 2025" to "Fri Dec 19 01:50:33 2025"
Data ranges updated - Y: 5 to 75 Time: "Fri Dec 19 01:35:33 2025" to "Fri Dec 19 01:50:33 2025" Interval: "15 minutes" Auto-update: disabled Range limiting: enabled
drawDataLine: no data available for series "ADOPTED"
Default scatterplot drawn with 10 points
Default scatterplot drawn with 10 points
Default scatterplot drawn with 10 points
Custom time range set to: "Fri Dec 19 01:35:33 2025" to "Fri Dec 19 01:50:33 2025"
GraphLayout: Container time scope changed from "Fri Dec 19 01:35:33 2025" to "Fri Dec 19 01:50:33 2025"
Data ranges updated - Y: 5 to 75 Time: "Fri Dec 19 01:35:33 2025" to "Fri Dec 19 01:50:33 2025" Interval: "15 minutes" Auto-update: disabled Range limiting: enabled
drawDataLine: no data available for series "ADOPTED"
Default scatterplot drawn with 10 points
Default scatterplot drawn with 10 points
Default scatterplot drawn with 10 points
Custom time range set to: "Fri Dec 19 01:35:33 2025" to "Fri Dec 19 01:50:33 2025"
Data ranges updated - Y: 5 to 75 Time: "Fri Dec 19 01:35:33 2025" to "Fri Dec 19 01:50:33 2025" Interval: "15 minutes" Auto-update: disabled Range limiting: enabled
drawDataLine: no data available for series "ADOPTED"
Default scatterplot drawn with 10 points
Default scatterplot drawn with 10 points
Default scatterplot drawn with 10 points
Custom time range set to: "Fri Dec 19 01:35:33 2025" to "Fri Dec 19 01:50:33 2025"
Data ranges updated - Y: 5 to 75 Time: "Fri Dec 19 01:35:33 2025" to "Fri Dec 19 01:50:33 2025" Interval: "15 minutes" Auto-update: disabled Range limiting: enabled
drawDataLine: no data available for series "ADOPTED"
Default scatterplot drawn with 10 points
Default scatterplot drawn with 10 points
Default scatterplot drawn with 10 points
Custom time range set to: "Fri Dec 19 01:35:33 2025" to "Fri Dec 19 01:50:33 2025"
GraphContainer: Setting current time to "01:50:33"
Data ranges updated - Y: 5 to 75 Time: "Fri Dec 19 01:35:33 2025" to "Fri Dec 19 01:50:33 2025" Interval: "15 minutes" Auto-update: disabled Range limiting: enabled
drawDataLine: no data available for series "ADOPTED"
Default scatterplot drawn with 10 points
Default scatterplot drawn with 10 points
Default scatterplot drawn with 10 points
Custom time range set to: "Fri Dec 19 01:35:33 2025" to "Fri Dec 19 01:50:33 2025"
GraphLayout: Container time scope changed from "Fri Dec 19 01:35:33 2025" to "Fri Dec 19 01:50:33 2025"
Data ranges updated - Y: 5 to 75 Time: "Fri Dec 19 01:35:33 2025" to "Fri Dec 19 01:50:33 2025" Interval: "15 minutes" Auto-update: disabled Range limiting: enabled
drawDataLine: no data available for series "ADOPTED"
Default scatterplot drawn with 10 points
Default scatterplot drawn with 10 points
Default scatterplot drawn with 10 points
Custom time range set to: "Fri Dec 19 01:35:33 2025" to "Fri Dec 19 01:50:33 2025"
Data ranges updated - Y: 5 to 75 Time: "Fri Dec 19 01:35:33 2025" to "Fri Dec 19 01:50:33 2025" Interval: "15 minutes" Auto-update: disabled Range limiting: enabled
drawDataLine: no data available for series "ADOPTED"
Default scatterplot drawn with 10 points
Default scatterplot drawn with 10 points
Default scatterplot drawn with 10 points
Custom time range set to: "Fri Dec 19 01:35:33 2025" to "Fri Dec 19 01:50:33 2025"
Data ranges updated - Y: 5 to 75 Time: "Fri Dec 19 01:35:33 2025" to "Fri Dec 19 01:50:33 2025" Interval: "15 minutes" Auto-update: disabled Range limiting: enabled
drawDataLine: no data available for series "ADOPTED"
Default scatterplot drawn with 10 points
Default scatterplot drawn with 10 points
Default scatterplot drawn with 10 points
Custom time range set to: "Fri Dec 19 01:35:33 2025" to "Fri Dec 19 01:50:33 2025"
GraphContainer: Set chevron label 1 to: "Start"
GraphContainer: Set chevron label 1 to: "Start"
GraphContainer: Set chevron label 1 to: "Start"
GraphContainer: Set chevron label 1 to: "Start"
GraphLayout: Set chevron label 1 to: "Start" for all visible containers
GraphContainer: Set chevron label 2 to: "Now"
GraphContainer: Set chevron label 2 to: "Now"
GraphContainer: Set chevron label 2 to: "Now"
GraphContainer: Set chevron label 2 to: "Now"
GraphLayout: Set chevron label 2 to: "Now" for all visible containers
GraphContainer: Set chevron label 3 to: "End"
GraphContainer: Set chevron label 3 to: "End"
GraphContainer: Set chevron label 3 to: "End"
GraphContainer: Set chevron label 3 to: "End"
GraphLayout: Set chevron label 3 to: "End" for all visible containers
Data ranges updated - Y: 5 to 75 Time: "Fri Dec 19 01:35:33 2025" to "Fri Dec 19 01:50:33 2025" Interval: "15 minutes" Auto-update: disabled Range limiting: enabled
drawDataLine: no data available for series "ADOPTED"
Default scatterplot drawn with 10 points
Default scatterplot drawn with 10 points
Default scatterplot drawn with 10 points
Custom time range set to: "Fri Dec 19 01:35:33 2025" to "Fri Dec 19 01:50:33 2025"
Data ranges updated - Y: 5 to 75 Time: "Fri Dec 19 01:35:33 2025" to "Fri Dec 19 01:50:33 2025" Interval: "15 minutes" Auto-update: disabled Range limiting: enabled
drawDataLine: no data available for series "ADOPTED"
Default scatterplot drawn with 10 points
Default scatterplot drawn with 10 points
Default scatterplot drawn with 10 points
Custom time range set to: "Fri Dec 19 01:35:33 2025" to "Fri Dec 19 01:50:33 2025"
GraphLayout: Container time scope changed from "Fri Dec 19 01:35:33 2025" to "Fri Dec 19 01:50:33 2025"
Data ranges updated - Y: 5 to 75 Time: "Fri Dec 19 01:35:33 2025" to "Fri Dec 19 01:50:33 2025" Interval: "15 minutes" Auto-update: disabled Range limiting: enabled
drawDataLine: no data available for series "ADOPTED"
Default scatterplot drawn with 10 points
Default scatterplot drawn with 10 points
Default scatterplot drawn with 10 points
Custom time range set to: "Fri Dec 19 01:35:33 2025" to "Fri Dec 19 01:50:33 2025"
Data ranges updated - Y: 5 to 75 Time: "Fri Dec 19 01:35:33 2025" to "Fri Dec 19 01:50:33 2025" Interval: "15 minutes" Auto-update: disabled Range limiting: enabled
drawDataLine: no data available for series "ADOPTED"
Default scatterplot drawn with 10 points
Default scatterplot drawn with 10 points
Default scatterplot drawn with 10 points
Custom time range set to: "Fri Dec 19 01:35:33 2025" to "Fri Dec 19 01:50:33 2025"
Data ranges updated - Y: 5 to 75 Time: "Fri Dec 19 01:35:33 2025" to "Fri Dec 19 01:50:33 2025" Interval: "15 minutes" Auto-update: disabled Range limiting: enabled
drawDataLine: no data available for series "ADOPTED"
Default scatterplot drawn with 10 points
Default scatterplot drawn with 10 points
Default scatterplot drawn with 10 points
Custom time range set to: "Fri Dec 19 01:35:33 2025" to "Fri Dec 19 01:50:33 2025"
GraphLayout: Container time scope changed from "Fri Dec 19 01:35:33 2025" to "Fri Dec 19 01:50:33 2025"
Data ranges updated - Y: 5 to 75 Time: "Fri Dec 19 01:35:33 2025" to "Fri Dec 19 01:50:33 2025" Interval: "15 minutes" Auto-update: disabled Range limiting: enabled
drawDataLine: no data available for series "ADOPTED"
Default scatterplot drawn with 10 points
Default scatterplot drawn with 10 points
Default scatterplot drawn with 10 points
Custom time range set to: "Fri Dec 19 01:35:33 2025" to "Fri Dec 19 01:50:33 2025"
Data ranges updated - Y: 5 to 75 Time: "Fri Dec 19 01:35:33 2025" to "Fri Dec 19 01:50:33 2025" Interval: "15 minutes" Auto-update: disabled Range limiting: enabled
drawDataLine: no data available for series "ADOPTED"
Default scatterplot drawn with 10 points
Default scatterplot drawn with 10 points
Default scatterplot drawn with 10 points
Custom time range set to: "Fri Dec 19 01:35:33 2025" to "Fri Dec 19 01:50:33 2025"
Data ranges updated - Y: 5 to 75 Time: "Fri Dec 19 01:35:33 2025" to "Fri Dec 19 01:50:33 2025" Interval: "15 minutes" Auto-update: disabled Range limiting: enabled
drawDataLine: no data available for series "ADOPTED"
Default scatterplot drawn with 10 points
Default scatterplot drawn with 10 points
Default scatterplot drawn with 10 points
Custom time range set to: "Fri Dec 19 01:35:33 2025" to "Fri Dec 19 01:50:33 2025"
Data ranges updated - Y: 5 to 75 Time: "Fri Dec 19 01:35:33 2025" to "Fri Dec 19 01:50:33 2025" Interval: "15 minutes" Auto-update: disabled Range limiting: enabled
drawDataLine: no data available for series "ADOPTED"
Default scatterplot drawn with 10 points
Default scatterplot drawn with 10 points
Default scatterplot drawn with 10 points
Custom time range set to: "Fri Dec 19 01:35:33 2025" to "Fri Dec 19 01:50:33 2025"
GraphLayout: Container time scope changed from "Fri Dec 19 01:35:33 2025" to "Fri Dec 19 01:50:33 2025"
Data ranges updated - Y: 5 to 75 Time: "Fri Dec 19 01:35:33 2025" to "Fri Dec 19 01:50:33 2025" Interval: "15 minutes" Auto-update: disabled Range limiting: enabled
drawDataLine: no data available for series "ADOPTED"
Default scatterplot drawn with 10 points
Default scatterplot drawn with 10 points
Default scatterplot drawn with 10 points
Custom time range set to: "Fri Dec 19 01:35:33 2025" to "Fri Dec 19 01:50:33 2025"
Data ranges updated - Y: 5 to 75 Time: "Fri Dec 19 01:35:33 2025" to "Fri Dec 19 01:50:33 2025" Interval: "15 minutes" Auto-update: disabled Range limiting: enabled
drawDataLine: no data available for series "ADOPTED"
Default scatterplot drawn with 10 points
Default scatterplot drawn with 10 points
Default scatterplot drawn with 10 points
Custom time range set to: "Fri Dec 19 01:35:33 2025" to "Fri Dec 19 01:50:33 2025"
Data ranges updated - Y: 5 to 75 Time: "Fri Dec 19 01:35:33 2025" to "Fri Dec 19 01:50:33 2025" Interval: "15 minutes" Auto-update: disabled Range limiting: enabled
drawDataLine: no data available for series "ADOPTED"
Default scatterplot drawn with 10 points
Default scatterplot drawn with 10 points
Default scatterplot drawn with 10 points
Custom time range set to: "Fri Dec 19 01:35:33 2025" to "Fri Dec 19 01:50:33 2025"
Data ranges updated - Y: 5 to 75 Time: "Fri Dec 19 01:35:33 2025" to "Fri Dec 19 01:50:33 2025" Interval: "15 minutes" Auto-update: disabled Range limiting: enabled
drawDataLine: no data available for series "ADOPTED"
Default scatterplot drawn with 10 points
Default scatterplot drawn with 10 points
Default scatterplot drawn with 10 points
Custom time range set to: "Fri Dec 19 01:35:33 2025" to "Fri Dec 19 01:50:33 2025"
Data ranges updated - Y: 5 to 75 Time: "Fri Dec 19 01:35:33 2025" to "Fri Dec 19 01:50:33 2025" Interval: "15 minutes" Auto-update: disabled Range limiting: enabled
drawDataLine: no data available for series "ADOPTED"
Default scatterplot drawn with 10 points
Default scatterplot drawn with 10 points
Default scatterplot drawn with 10 points
Custom time range set to: "Fri Dec 19 01:35:33 2025" to "Fri Dec 19 01:50:33 2025"
GraphLayout: Container time scope changed from "Fri Dec 19 01:35:33 2025" to "Fri Dec 19 01:50:33 2025"
Data ranges updated - Y: 5 to 75 Time: "Fri Dec 19 01:35:33 2025" to "Fri Dec 19 01:50:33 2025" Interval: "15 minutes" Auto-update: disabled Range limiting: enabled
drawDataLine: no data available for series "ADOPTED"
Default scatterplot drawn with 10 points
Default scatterplot drawn with 10 points
Default scatterplot drawn with 10 points
Custom time range set to: "Fri Dec 19 01:35:33 2025" to "Fri Dec 19 01:50:33 2025"
Data ranges updated - Y: 5 to 75 Time: "Fri Dec 19 01:35:33 2025" to "Fri Dec 19 01:50:33 2025" Interval: "15 minutes" Auto-update: disabled Range limiting: enabled
drawDataLine: no data available for series "ADOPTED"
Default scatterplot drawn with 10 points
Default scatterplot drawn with 10 points
Default scatterplot drawn with 10 points
Custom time range set to: "Fri Dec 19 01:35:33 2025" to "Fri Dec 19 01:50:33 2025"
Data ranges updated - Y: 5 to 75 Time: "Fri Dec 19 01:35:33 2025" to "Fri Dec 19 01:50:33 2025" Interval: "15 minutes" Auto-update: disabled Range limiting: enabled
drawDataLine: no data available for series "ADOPTED"
Default scatterplot drawn with 10 points
Default scatterplot drawn with 10 points
Default scatterplot drawn with 10 points
Custom time range set to: "Fri Dec 19 01:35:33 2025" to "Fri Dec 19 01:50:33 2025"
GraphLayout: Container time scope changed from "Fri Dec 19 01:35:33 2025" to "Fri Dec 19 01:50:33 2025"
Data ranges updated - Y: 5 to 75 Time: "Fri Dec 19 01:35:33 2025" to "Fri Dec 19 01:50:33 2025" Interval: "15 minutes" Auto-update: disabled Range limiting: enabled
drawDataLine: no data available for series "ADOPTED"
Default scatterplot drawn with 10 points
Default scatterplot drawn with 10 points
Default scatterplot drawn with 10 points
Custom time range set to: "Fri Dec 19 01:35:33 2025" to "Fri Dec 19 01:50:33 2025"
Data ranges updated - Y: 5 to 75 Time: "Fri Dec 19 01:35:33 2025" to "Fri Dec 19 01:50:33 2025" Interval: "15 minutes" Auto-update: disabled Range limiting: enabled
drawDataLine: no data available for series "ADOPTED"
Default scatterplot drawn with 10 points
Default scatterplot drawn with 10 points
Default scatterplot drawn with 10 points
Custom time range set to: "Fri Dec 19 01:35:33 2025" to "Fri Dec 19 01:50:33 2025"
Data ranges updated - Y: 5 to 75 Time: "Fri Dec 19 01:35:33 2025" to "Fri Dec 19 01:50:33 2025" Interval: "15 minutes" Auto-update: disabled Range limiting: enabled
drawDataLine: no data available for series "ADOPTED"
Default scatterplot drawn with 10 points
Default scatterplot drawn with 10 points
Default scatterplot drawn with 10 points
Custom time range set to: "Fri Dec 19 01:35:33 2025" to "Fri Dec 19 01:50:33 2025"
Data ranges updated - Y: 5 to 75 Time: "Fri Dec 19 01:35:34 2025" to "Fri Dec 19 01:50:34 2025" Interval: "15 minutes" Auto-update: disabled Range limiting: enabled
drawDataLine: no data available for series "ADOPTED"
Default scatterplot drawn with 10 points
Default scatterplot drawn with 10 points
Default scatterplot drawn with 10 points
Custom time range set to: "Fri Dec 19 01:35:34 2025" to "Fri Dec 19 01:50:34 2025"
GraphLayout: Container time scope changed from "Fri Dec 19 01:35:34 2025" to "Fri Dec 19 01:50:34 2025"
Data ranges updated - Y: 5 to 75 Time: "Fri Dec 19 01:35:34 2025" to "Fri Dec 19 01:50:34 2025" Interval: "15 minutes" Auto-update: disabled Range limiting: enabled
drawDataLine: no data available for series "ADOPTED"
Default scatterplot drawn with 10 points
Default scatterplot drawn with 10 points
Default scatterplot drawn with 10 points
Custom time range set to: "Fri Dec 19 01:35:34 2025" to "Fri Dec 19 01:50:34 2025"
Data ranges updated - Y: 5 to 75 Time: "Fri Dec 19 01:35:34 2025" to "Fri Dec 19 01:50:34 2025" Interval: "15 minutes" Auto-update: disabled Range limiting: enabled
drawDataLine: no data available for series "ADOPTED"
Default scatterplot drawn with 10 points
Default scatterplot drawn with 10 points
Default scatterplot drawn with 10 points
Custom time range set to: "Fri Dec 19 01:35:34 2025" to "Fri Dec 19 01:50:34 2025"
Data ranges updated - Y: 5 to 75 Time: "Fri Dec 19 01:35:34 2025" to "Fri Dec 19 01:50:34 2025" Interval: "15 minutes" Auto-update: disabled Range limiting: enabled
drawDataLine: no data available for series "ADOPTED"
Default scatterplot drawn with 10 points
Default scatterplot drawn with 10 points
Default scatterplot drawn with 10 points
Custom time range set to: "Fri Dec 19 01:35:34 2025" to "Fri Dec 19 01:50:34 2025"
Simulator::onTimerTick() called
Added data point to "FDW" series "FDW-1" y: 5.31969 time: "Fri Dec 19 01:50:34 2025"
Added data point to "FDW" series "FDW-2" y: 15.3197 time: "Fri Dec 19 01:50:34 2025"
Added data point to "BDW" series "BDW-1" y: -11.1707 time: "Fri Dec 19 01:50:34 2025"
Added data point to "BDW" series "BDW-2" y: -1.1707 time: "Fri Dec 19 01:50:34 2025"
Added data point to "BRW" series "BRW-1" y: 0.665086 time: "Fri Dec 19 01:50:34 2025"
Added data point to "BRW" series "BRW-2" y: 10.6651 time: "Fri Dec 19 01:50:34 2025"
Added data point to "LTW" series "LTW-1" y: 21.9958 time: "Fri Dec 19 01:50:34 2025"
Added data point to "LTW" series "LTW-2" y: 31.9958 time: "Fri Dec 19 01:50:34 2025"
Added data point to "BTW" series "BTW-1" y: 23.4924 time: "Fri Dec 19 01:50:34 2025"
Data ranges updated - Y: 5 to 75 Time: "Fri Dec 19 01:35:34 2025" to "Fri Dec 19 01:50:34 2025" Interval: "15 minutes" Auto-update: disabled Range limiting: enabled
drawDataLine: no data available for series "ADOPTED"
Default scatterplot drawn with 11 points
Default scatterplot drawn with 10 points
Default scatterplot drawn with 10 points
Custom time range set to: "Fri Dec 19 01:35:34 2025" to "Fri Dec 19 01:50:34 2025"
GraphContainer: Updated time range to show new data - "Fri Dec 19 01:35:34 2025" to "Fri Dec 19 01:50:34 2025"
GraphContainer: Using stored range limit for "BTW" - Min: 5 Max: 75
ZoomPanel: Original range values explicitly set - Left: 5 Center: 40 Right: 75
GraphContainer: Zoom panel limits updated - Min: 5 Center: 40 Max: 75 - User has not customized
Data ranges updated - Y: 5 to 75 Time: "Fri Dec 19 01:35:34 2025" to "Fri Dec 19 01:50:34 2025" Interval: "15 minutes" Auto-update: disabled Range limiting: enabled
drawDataLine: no data available for series "ADOPTED"
Default scatterplot drawn with 11 points
Default scatterplot drawn with 10 points
Default scatterplot drawn with 10 points
GraphContainer: Updated TimeSelectionVisualizer valid range to "01:50:22" to "01:50:34"
Data ranges updated - Y: 5 to 75 Time: "Fri Dec 19 01:35:34 2025" to "Fri Dec 19 01:50:34 2025" Interval: "15 minutes" Auto-update: disabled Range limiting: enabled
drawDataLine: no data available for series "ADOPTED"
Default scatterplot drawn with 11 points
Default scatterplot drawn with 10 points
Default scatterplot drawn with 10 points
Custom time range set to: "Fri Dec 19 01:35:34 2025" to "Fri Dec 19 01:50:34 2025"
GraphContainer: Updated time range to show new data - "Fri Dec 19 01:35:34 2025" to "Fri Dec 19 01:50:34 2025"
GraphContainer: Using stored range limit for "BTW" - Min: 5 Max: 75
ZoomPanel: Original range values explicitly set - Left: 5 Center: 40 Right: 75
GraphContainer: Zoom panel limits updated - Min: 5 Center: 40 Max: 75 - User has not customized
Data ranges updated - Y: 5 to 75 Time: "Fri Dec 19 01:35:34 2025" to "Fri Dec 19 01:50:34 2025" Interval: "15 minutes" Auto-update: disabled Range limiting: enabled
drawDataLine: no data available for series "ADOPTED"
Default scatterplot drawn with 11 points
Default scatterplot drawn with 10 points
Default scatterplot drawn with 10 points
GraphContainer: Updated TimeSelectionVisualizer valid range to "01:50:22" to "01:50:34"
Data ranges updated - Y: 5 to 75 Time: "Fri Dec 19 01:35:34 2025" to "Fri Dec 19 01:50:34 2025" Interval: "15 minutes" Auto-update: disabled Range limiting: enabled
drawDataLine: no data available for series "ADOPTED"
Default scatterplot drawn with 11 points
Default scatterplot drawn with 10 points
Default scatterplot drawn with 10 points
Custom time range set to: "Fri Dec 19 01:35:34 2025" to "Fri Dec 19 01:50:34 2025"
GraphContainer: Updated time range to show new data - "Fri Dec 19 01:35:34 2025" to "Fri Dec 19 01:50:34 2025"
GraphContainer: Using stored range limit for "BTW" - Min: 5 Max: 75
ZoomPanel: Original range values explicitly set - Left: 5 Center: 40 Right: 75
GraphContainer: Zoom panel limits updated - Min: 5 Center: 40 Max: 75 - User has not customized
Data ranges updated - Y: 5 to 75 Time: "Fri Dec 19 01:35:34 2025" to "Fri Dec 19 01:50:34 2025" Interval: "15 minutes" Auto-update: disabled Range limiting: enabled
drawDataLine: no data available for series "ADOPTED"
Default scatterplot drawn with 11 points
Default scatterplot drawn with 10 points
Default scatterplot drawn with 10 points
GraphContainer: Updated TimeSelectionVisualizer valid range to "01:50:22" to "01:50:34"
Data ranges updated - Y: 5 to 75 Time: "Fri Dec 19 01:35:34 2025" to "Fri Dec 19 01:50:34 2025" Interval: "15 minutes" Auto-update: disabled Range limiting: enabled
drawDataLine: no data available for series "ADOPTED"
Default scatterplot drawn with 11 points
Default scatterplot drawn with 10 points
Default scatterplot drawn with 10 points
Custom time range set to: "Fri Dec 19 01:35:34 2025" to "Fri Dec 19 01:50:34 2025"
GraphContainer: Updated time range to show new data - "Fri Dec 19 01:35:34 2025" to "Fri Dec 19 01:50:34 2025"
GraphContainer: Using stored range limit for "BTW" - Min: 5 Max: 75
ZoomPanel: Original range values explicitly set - Left: 5 Center: 40 Right: 75
GraphContainer: Zoom panel limits updated - Min: 5 Center: 40 Max: 75 - User has not customized
Data ranges updated - Y: 5 to 75 Time: "Fri Dec 19 01:35:34 2025" to "Fri Dec 19 01:50:34 2025" Interval: "15 minutes" Auto-update: disabled Range limiting: enabled
drawDataLine: no data available for series "ADOPTED"
Default scatterplot drawn with 11 points
Default scatterplot drawn with 10 points
Default scatterplot drawn with 10 points
GraphContainer: Updated TimeSelectionVisualizer valid range to "01:50:22" to "01:50:34"
Added data point to "BTW" series "BTW-2" y: 33.4924 time: "Fri Dec 19 01:50:34 2025"
GraphContainer: Using stored range limit for "BTW" - Min: 5 Max: 75
ZoomPanel: Original range values explicitly set - Left: 5 Center: 40 Right: 75
GraphContainer: Zoom panel limits updated - Min: 5 Center: 40 Max: 75 - User has not customized
Data ranges updated - Y: 5 to 75 Time: "Fri Dec 19 01:35:34 2025" to "Fri Dec 19 01:50:34 2025" Interval: "15 minutes" Auto-update: disabled Range limiting: enabled
drawDataLine: no data available for series "ADOPTED"
Default scatterplot drawn with 11 points
Default scatterplot drawn with 11 points
Default scatterplot drawn with 10 points
GraphContainer: Updated TimeSelectionVisualizer valid range to "01:50:22" to "01:50:34"
GraphContainer: Using stored range limit for "BTW" - Min: 5 Max: 75
ZoomPanel: Original range values explicitly set - Left: 5 Center: 40 Right: 75
GraphContainer: Zoom panel limits updated - Min: 5 Center: 40 Max: 75 - User has not customized
Data ranges updated - Y: 5 to 75 Time: "Fri Dec 19 01:35:34 2025" to "Fri Dec 19 01:50:34 2025" Interval: "15 minutes" Auto-update: disabled Range limiting: enabled
drawDataLine: no data available for series "ADOPTED"
Default scatterplot drawn with 11 points
Default scatterplot drawn with 11 points
Default scatterplot drawn with 10 points
GraphContainer: Updated TimeSelectionVisualizer valid range to "01:50:22" to "01:50:34"
GraphContainer: Using stored range limit for "BTW" - Min: 5 Max: 75
ZoomPanel: Original range values explicitly set - Left: 5 Center: 40 Right: 75
GraphContainer: Zoom panel limits updated - Min: 5 Center: 40 Max: 75 - User has not customized
Data ranges updated - Y: 5 to 75 Time: "Fri Dec 19 01:35:34 2025" to "Fri Dec 19 01:50:34 2025" Interval: "15 minutes" Auto-update: disabled Range limiting: enabled
drawDataLine: no data available for series "ADOPTED"
Default scatterplot drawn with 11 points
Default scatterplot drawn with 11 points
Default scatterplot drawn with 10 points
GraphContainer: Updated TimeSelectionVisualizer valid range to "01:50:22" to "01:50:34"
GraphContainer: Using stored range limit for "BTW" - Min: 5 Max: 75
ZoomPanel: Original range values explicitly set - Left: 5 Center: 40 Right: 75
GraphContainer: Zoom panel limits updated - Min: 5 Center: 40 Max: 75 - User has not customized
Data ranges updated - Y: 5 to 75 Time: "Fri Dec 19 01:35:34 2025" to "Fri Dec 19 01:50:34 2025" Interval: "15 minutes" Auto-update: disabled Range limiting: enabled
drawDataLine: no data available for series "ADOPTED"
Default scatterplot drawn with 11 points
Default scatterplot drawn with 11 points
Default scatterplot drawn with 10 points
GraphContainer: Updated TimeSelectionVisualizer valid range to "01:50:22" to "01:50:34"
Added data point to "BTW" series "BTW-3" y: 33.4924 time: "Fri Dec 19 01:50:34 2025"
GraphContainer: Using stored range limit for "BTW" - Min: 5 Max: 75
ZoomPanel: Original range values explicitly set - Left: 5 Center: 40 Right: 75
GraphContainer: Zoom panel limits updated - Min: 5 Center: 40 Max: 75 - User has not customized
Data ranges updated - Y: 5 to 75 Time: "Fri Dec 19 01:35:34 2025" to "Fri Dec 19 01:50:34 2025" Interval: "15 minutes" Auto-update: disabled Range limiting: enabled
drawDataLine: no data available for series "ADOPTED"
Default scatterplot drawn with 11 points
Default scatterplot drawn with 11 points
Default scatterplot drawn with 11 points
GraphContainer: Updated TimeSelectionVisualizer valid range to "01:50:22" to "01:50:34"
GraphContainer: Using stored range limit for "BTW" - Min: 5 Max: 75
ZoomPanel: Original range values explicitly set - Left: 5 Center: 40 Right: 75
GraphContainer: Zoom panel limits updated - Min: 5 Center: 40 Max: 75 - User has not customized
Data ranges updated - Y: 5 to 75 Time: "Fri Dec 19 01:35:34 2025" to "Fri Dec 19 01:50:34 2025" Interval: "15 minutes" Auto-update: disabled Range limiting: enabled
drawDataLine: no data available for series "ADOPTED"
Default scatterplot drawn with 11 points
Default scatterplot drawn with 11 points
Default scatterplot drawn with 11 points
GraphContainer: Updated TimeSelectionVisualizer valid range to "01:50:22" to "01:50:34"
GraphContainer: Using stored range limit for "BTW" - Min: 5 Max: 75
ZoomPanel: Original range values explicitly set - Left: 5 Center: 40 Right: 75
GraphContainer: Zoom panel limits updated - Min: 5 Center: 40 Max: 75 - User has not customized
Data ranges updated - Y: 5 to 75 Time: "Fri Dec 19 01:35:34 2025" to "Fri Dec 19 01:50:34 2025" Interval: "15 minutes" Auto-update: disabled Range limiting: enabled
drawDataLine: no data available for series "ADOPTED"
Default scatterplot drawn with 11 points
Default scatterplot drawn with 11 points
Default scatterplot drawn with 11 points
GraphContainer: Updated TimeSelectionVisualizer valid range to "01:50:22" to "01:50:34"
GraphContainer: Using stored range limit for "BTW" - Min: 5 Max: 75
ZoomPanel: Original range values explicitly set - Left: 5 Center: 40 Right: 75
GraphContainer: Zoom panel limits updated - Min: 5 Center: 40 Max: 75 - User has not customized
Data ranges updated - Y: 5 to 75 Time: "Fri Dec 19 01:35:34 2025" to "Fri Dec 19 01:50:34 2025" Interval: "15 minutes" Auto-update: disabled Range limiting: enabled
drawDataLine: no data available for series "ADOPTED"
Default scatterplot drawn with 11 points
Default scatterplot drawn with 11 points
Default scatterplot drawn with 11 points
GraphContainer: Updated TimeSelectionVisualizer valid range to "01:50:22" to "01:50:34"
Added data point to "RTW" series "RTW-1" y: 15.1339 time: "Fri Dec 19 01:50:34 2025"
Added data point to "RTW" series "ADOPTED" y: 25.1339 time: "Fri Dec 19 01:50:34 2025"
Added data point to "FTW" series "FTW-1" y: 20.4964 time: "Fri Dec 19 01:50:34 2025"
Added data point to "FTW" series "FTW-2" y: 30.4964 time: "Fri Dec 19 01:50:34 2025"
Added data points - FDW: 5.31969 BDW: -11.1707 BRW: 0.665086 LTW: 21.9958 BTW: 23.4924 RTW: 15.1339 FTW: 20.4964
TimeScopeChanged - Start: "01:35:34" End: "01:50:34" Duration: "00:15:00"
BDW zero axis drawn at x: 0
Custom time range set to: "Fri Dec 19 01:35:34 2025" to "Fri Dec 19 01:50:34 2025"
BDW zero axis drawn at x: 0
Custom time range set to: "Fri Dec 19 01:35:34 2025" to "Fri Dec 19 01:50:34 2025"
GraphContainer: Setting current time to "01:50:34"
Data ranges updated - Y: 5 to 75 Time: "Fri Dec 19 01:35:34 2025" to "Fri Dec 19 01:50:34 2025" Interval: "15 minutes" Auto-update: disabled Range limiting: enabled
drawDataLine: no data available for series "ADOPTED"
Default scatterplot drawn with 11 points
Default scatterplot drawn with 11 points
Default scatterplot drawn with 11 points
Custom time range set to: "Fri Dec 19 01:35:34 2025" to "Fri Dec 19 01:50:34 2025"
Data ranges updated - Y: 5 to 75 Time: "Fri Dec 19 01:35:34 2025" to "Fri Dec 19 01:50:34 2025" Interval: "15 minutes" Auto-update: disabled Range limiting: enabled
drawDataLine: no data available for series "ADOPTED"
Default scatterplot drawn with 11 points
Default scatterplot drawn with 11 points
Default scatterplot drawn with 11 points
Custom time range set to: "Fri Dec 19 01:35:34 2025" to "Fri Dec 19 01:50:34 2025"
GraphLayout: Container time scope changed from "Fri Dec 19 01:35:34 2025" to "Fri Dec 19 01:50:34 2025"
Data ranges updated - Y: 5 to 75 Time: "Fri Dec 19 01:35:34 2025" to "Fri Dec 19 01:50:34 2025" Interval: "15 minutes" Auto-update: disabled Range limiting: enabled
drawDataLine: no data available for series "ADOPTED"
Default scatterplot drawn with 11 points
Default scatterplot drawn with 11 points
Default scatterplot drawn with 11 points
Custom time range set to: "Fri Dec 19 01:35:34 2025" to "Fri Dec 19 01:50:34 2025"
Data ranges updated - Y: 5 to 75 Time: "Fri Dec 19 01:35:34 2025" to "Fri Dec 19 01:50:34 2025" Interval: "15 minutes" Auto-update: disabled Range limiting: enabled
drawDataLine: no data available for series "ADOPTED"
Default scatterplot drawn with 11 points
Default scatterplot drawn with 11 points
Default scatterplot drawn with 11 points
Custom time range set to: "Fri Dec 19 01:35:34 2025" to "Fri Dec 19 01:50:34 2025"
Data ranges updated - Y: 5 to 75 Time: "Fri Dec 19 01:35:34 2025" to "Fri Dec 19 01:50:34 2025" Interval: "15 minutes" Auto-update: disabled Range limiting: enabled
drawDataLine: no data available for series "ADOPTED"
Default scatterplot drawn with 11 points
Default scatterplot drawn with 11 points
Default scatterplot drawn with 11 points
Custom time range set to: "Fri Dec 19 01:35:34 2025" to "Fri Dec 19 01:50:34 2025"
GraphLayout: Container time scope changed from "Fri Dec 19 01:35:34 2025" to "Fri Dec 19 01:50:34 2025"
Data ranges updated - Y: 5 to 75 Time: "Fri Dec 19 01:35:34 2025" to "Fri Dec 19 01:50:34 2025" Interval: "15 minutes" Auto-update: disabled Range limiting: enabled
drawDataLine: no data available for series "ADOPTED"
Default scatterplot drawn with 11 points
Default scatterplot drawn with 11 points
Default scatterplot drawn with 11 points
Custom time range set to: "Fri Dec 19 01:35:34 2025" to "Fri Dec 19 01:50:34 2025"
Data ranges updated - Y: 5 to 75 Time: "Fri Dec 19 01:35:34 2025" to "Fri Dec 19 01:50:34 2025" Interval: "15 minutes" Auto-update: disabled Range limiting: enabled
drawDataLine: no data available for series "ADOPTED"
Default scatterplot drawn with 11 points
Default scatterplot drawn with 11 points
Default scatterplot drawn with 11 points
Custom time range set to: "Fri Dec 19 01:35:34 2025" to "Fri Dec 19 01:50:34 2025"
Data ranges updated - Y: 5 to 75 Time: "Fri Dec 19 01:35:34 2025" to "Fri Dec 19 01:50:34 2025" Interval: "15 minutes" Auto-update: disabled Range limiting: enabled
drawDataLine: no data available for series "ADOPTED"
Default scatterplot drawn with 11 points
Default scatterplot drawn with 11 points
Default scatterplot drawn with 11 points
Custom time range set to: "Fri Dec 19 01:35:34 2025" to "Fri Dec 19 01:50:34 2025"
GraphContainer: Setting current time to "01:50:34"
Data ranges updated - Y: 5 to 75 Time: "Fri Dec 19 01:35:34 2025" to "Fri Dec 19 01:50:34 2025" Interval: "15 minutes" Auto-update: disabled Range limiting: enabled
drawDataLine: no data available for series "ADOPTED"
Default scatterplot drawn with 11 points
Default scatterplot drawn with 11 points
Default scatterplot drawn with 11 points
Custom time range set to: "Fri Dec 19 01:35:34 2025" to "Fri Dec 19 01:50:34 2025"
GraphLayout: Container time scope changed from "Fri Dec 19 01:35:34 2025" to "Fri Dec 19 01:50:34 2025"
Data ranges updated - Y: 5 to 75 Time: "Fri Dec 19 01:35:34 2025" to "Fri Dec 19 01:50:34 2025" Interval: "15 minutes" Auto-update: disabled Range limiting: enabled
drawDataLine: no data available for series "ADOPTED"
Default scatterplot drawn with 11 points
Default scatterplot drawn with 11 points
Default scatterplot drawn with 11 points
Custom time range set to: "Fri Dec 19 01:35:34 2025" to "Fri Dec 19 01:50:34 2025"
Data ranges updated - Y: 5 to 75 Time: "Fri Dec 19 01:35:34 2025" to "Fri Dec 19 01:50:34 2025" Interval: "15 minutes" Auto-update: disabled Range limiting: enabled
drawDataLine: no data available for series "ADOPTED"
Default scatterplot drawn with 11 points
Default scatterplot drawn with 11 points
Default scatterplot drawn with 11 points
Custom time range set to: "Fri Dec 19 01:35:34 2025" to "Fri Dec 19 01:50:34 2025"
Data ranges updated - Y: 5 to 75 Time: "Fri Dec 19 01:35:34 2025" to "Fri Dec 19 01:50:34 2025" Interval: "15 minutes" Auto-update: disabled Range limiting: enabled
drawDataLine: no data available for series "ADOPTED"
Default scatterplot drawn with 11 points
Default scatterplot drawn with 11 points
Default scatterplot drawn with 11 points
Custom time range set to: "Fri Dec 19 01:35:34 2025" to "Fri Dec 19 01:50:34 2025"
GraphContainer: Setting current time to "01:50:34"
Data ranges updated - Y: 5 to 75 Time: "Fri Dec 19 01:35:34 2025" to "Fri Dec 19 01:50:34 2025" Interval: "15 minutes" Auto-update: disabled Range limiting: enabled
drawDataLine: no data available for series "ADOPTED"
Default scatterplot drawn with 11 points
Default scatterplot drawn with 11 points
Default scatterplot drawn with 11 points
Custom time range set to: "Fri Dec 19 01:35:34 2025" to "Fri Dec 19 01:50:34 2025"
Data ranges updated - Y: 5 to 75 Time: "Fri Dec 19 01:35:34 2025" to "Fri Dec 19 01:50:34 2025" Interval: "15 minutes" Auto-update: disabled Range limiting: enabled
drawDataLine: no data available for series "ADOPTED"
Default scatterplot drawn with 11 points
Default scatterplot drawn with 11 points
Default scatterplot drawn with 11 points
Custom time range set to: "Fri Dec 19 01:35:34 2025" to "Fri Dec 19 01:50:34 2025"
GraphLayout: Container time scope changed from "Fri Dec 19 01:35:34 2025" to "Fri Dec 19 01:50:34 2025"
Data ranges updated - Y: 5 to 75 Time: "Fri Dec 19 01:35:34 2025" to "Fri Dec 19 01:50:34 2025" Interval: "15 minutes" Auto-update: disabled Range limiting: enabled
drawDataLine: no data available for series "ADOPTED"
Default scatterplot drawn with 11 points
Default scatterplot drawn with 11 points
Default scatterplot drawn with 11 points
Custom time range set to: "Fri Dec 19 01:35:34 2025" to "Fri Dec 19 01:50:34 2025"
Data ranges updated - Y: 5 to 75 Time: "Fri Dec 19 01:35:34 2025" to "Fri Dec 19 01:50:34 2025" Interval: "15 minutes" Auto-update: disabled Range limiting: enabled
drawDataLine: no data available for series "ADOPTED"
Default scatterplot drawn with 11 points
Default scatterplot drawn with 11 points
Default scatterplot drawn with 11 points
Custom time range set to: "Fri Dec 19 01:35:34 2025" to "Fri Dec 19 01:50:34 2025"
Data ranges updated - Y: 5 to 75 Time: "Fri Dec 19 01:35:34 2025" to "Fri Dec 19 01:50:34 2025" Interval: "15 minutes" Auto-update: disabled Range limiting: enabled
drawDataLine: no data available for series "ADOPTED"
Default scatterplot drawn with 11 points
Default scatterplot drawn with 11 points
Default scatterplot drawn with 11 points
Custom time range set to: "Fri Dec 19 01:35:34 2025" to "Fri Dec 19 01:50:34 2025"
GraphLayout: Container time scope changed from "Fri Dec 19 01:35:34 2025" to "Fri Dec 19 01:50:34 2025"
Data ranges updated - Y: 5 to 75 Time: "Fri Dec 19 01:35:34 2025" to "Fri Dec 19 01:50:34 2025" Interval: "15 minutes" Auto-update: disabled Range limiting: enabled
drawDataLine: no data available for series "ADOPTED"
Default scatterplot drawn with 11 points
Default scatterplot drawn with 11 points
Default scatterplot drawn with 11 points
Custom time range set to: "Fri Dec 19 01:35:34 2025" to "Fri Dec 19 01:50:34 2025"
Data ranges updated - Y: 5 to 75 Time: "Fri Dec 19 01:35:34 2025" to "Fri Dec 19 01:50:34 2025" Interval: "15 minutes" Auto-update: disabled Range limiting: enabled
drawDataLine: no data available for series "ADOPTED"
Default scatterplot drawn with 11 points
Default scatterplot drawn with 11 points
Default scatterplot drawn with 11 points
Custom time range set to: "Fri Dec 19 01:35:34 2025" to "Fri Dec 19 01:50:34 2025"
Data ranges updated - Y: 5 to 75 Time: "Fri Dec 19 01:35:34 2025" to "Fri Dec 19 01:50:34 2025" Interval: "15 minutes" Auto-update: disabled Range limiting: enabled
drawDataLine: no data available for series "ADOPTED"
Default scatterplot drawn with 11 points
Default scatterplot drawn with 11 points
Default scatterplot drawn with 11 points
Custom time range set to: "Fri Dec 19 01:35:34 2025" to "Fri Dec 19 01:50:34 2025"
GraphContainer: Setting current time to "01:50:34"
Data ranges updated - Y: 5 to 75 Time: "Fri Dec 19 01:35:34 2025" to "Fri Dec 19 01:50:34 2025" Interval: "15 minutes" Auto-update: disabled Range limiting: enabled
drawDataLine: no data available for series "ADOPTED"
Default scatterplot drawn with 11 points
Default scatterplot drawn with 11 points
Default scatterplot drawn with 11 points
Custom time range set to: "Fri Dec 19 01:35:34 2025" to "Fri Dec 19 01:50:34 2025"
GraphLayout: Container time scope changed from "Fri Dec 19 01:35:34 2025" to "Fri Dec 19 01:50:34 2025"
Data ranges updated - Y: 5 to 75 Time: "Fri Dec 19 01:35:34 2025" to "Fri Dec 19 01:50:34 2025" Interval: "15 minutes" Auto-update: disabled Range limiting: enabled
drawDataLine: no data available for series "ADOPTED"
Default scatterplot drawn with 11 points
Default scatterplot drawn with 11 points
Default scatterplot drawn with 11 points
Custom time range set to: "Fri Dec 19 01:35:34 2025" to "Fri Dec 19 01:50:34 2025"
Data ranges updated - Y: 5 to 75 Time: "Fri Dec 19 01:35:34 2025" to "Fri Dec 19 01:50:34 2025" Interval: "15 minutes" Auto-update: disabled Range limiting: enabled
drawDataLine: no data available for series "ADOPTED"
Default scatterplot drawn with 11 points
Default scatterplot drawn with 11 points
Default scatterplot drawn with 11 points
Custom time range set to: "Fri Dec 19 01:35:34 2025" to "Fri Dec 19 01:50:34 2025"
Data ranges updated - Y: 5 to 75 Time: "Fri Dec 19 01:35:34 2025" to "Fri Dec 19 01:50:34 2025" Interval: "15 minutes" Auto-update: disabled Range limiting: enabled
drawDataLine: no data available for series "ADOPTED"
Default scatterplot drawn with 11 points
Default scatterplot drawn with 11 points
Default scatterplot drawn with 11 points
Custom time range set to: "Fri Dec 19 01:35:34 2025" to "Fri Dec 19 01:50:34 2025"
GraphContainer: Set chevron label 1 to: "Start"
GraphContainer: Set chevron label 1 to: "Start"
GraphContainer: Set chevron label 1 to: "Start"
GraphContainer: Set chevron label 1 to: "Start"
GraphLayout: Set chevron label 1 to: "Start" for all visible containers
GraphContainer: Set chevron label 2 to: "Now"
GraphContainer: Set chevron label 2 to: "Now"
GraphContainer: Set chevron label 2 to: "Now"
GraphContainer: Set chevron label 2 to: "Now"
GraphLayout: Set chevron label 2 to: "Now" for all visible containers
GraphContainer: Set chevron label 3 to: "End"
GraphContainer: Set chevron label 3 to: "End"
GraphContainer: Set chevron label 3 to: "End"
GraphContainer: Set chevron label 3 to: "End"
GraphLayout: Set chevron label 3 to: "End" for all visible containers
Data ranges updated - Y: 5 to 75 Time: "Fri Dec 19 01:35:34 2025" to "Fri Dec 19 01:50:34 2025" Interval: "15 minutes" Auto-update: disabled Range limiting: enabled
drawDataLine: no data available for series "ADOPTED"
Default scatterplot drawn with 11 points
Default scatterplot drawn with 11 points
Default scatterplot drawn with 11 points
Custom time range set to: "Fri Dec 19 01:35:34 2025" to "Fri Dec 19 01:50:34 2025"
Data ranges updated - Y: 5 to 75 Time: "Fri Dec 19 01:35:34 2025" to "Fri Dec 19 01:50:34 2025" Interval: "15 minutes" Auto-update: disabled Range limiting: enabled
drawDataLine: no data available for series "ADOPTED"
Default scatterplot drawn with 11 points
Default scatterplot drawn with 11 points
Default scatterplot drawn with 11 points
Custom time range set to: "Fri Dec 19 01:35:34 2025" to "Fri Dec 19 01:50:34 2025"
GraphLayout: Container time scope changed from "Fri Dec 19 01:35:34 2025" to "Fri Dec 19 01:50:34 2025"
Data ranges updated - Y: 5 to 75 Time: "Fri Dec 19 01:35:34 2025" to "Fri Dec 19 01:50:34 2025" Interval: "15 minutes" Auto-update: disabled Range limiting: enabled
drawDataLine: no data available for series "ADOPTED"
Default scatterplot drawn with 11 points
Default scatterplot drawn with 11 points
Default scatterplot drawn with 11 points
Custom time range set to: "Fri Dec 19 01:35:34 2025" to "Fri Dec 19 01:50:34 2025"
Data ranges updated - Y: 5 to 75 Time: "Fri Dec 19 01:35:34 2025" to "Fri Dec 19 01:50:34 2025" Interval: "15 minutes" Auto-update: disabled Range limiting: enabled
drawDataLine: no data available for series "ADOPTED"
Default scatterplot drawn with 11 points
Default scatterplot drawn with 11 points
Default scatterplot drawn with 11 points
Custom time range set to: "Fri Dec 19 01:35:34 2025" to "Fri Dec 19 01:50:34 2025"
Data ranges updated - Y: 5 to 75 Time: "Fri Dec 19 01:35:34 2025" to "Fri Dec 19 01:50:34 2025" Interval: "15 minutes" Auto-update: disabled Range limiting: enabled
drawDataLine: no data available for series "ADOPTED"
Default scatterplot drawn with 11 points
Default scatterplot drawn with 11 points
Default scatterplot drawn with 11 points
Custom time range set to: "Fri Dec 19 01:35:34 2025" to "Fri Dec 19 01:50:34 2025"
GraphLayout: Container time scope changed from "Fri Dec 19 01:35:34 2025" to "Fri Dec 19 01:50:34 2025"
Data ranges updated - Y: 5 to 75 Time: "Fri Dec 19 01:35:34 2025" to "Fri Dec 19 01:50:34 2025" Interval: "15 minutes" Auto-update: disabled Range limiting: enabled
drawDataLine: no data available for series "ADOPTED"
Default scatterplot drawn with 11 points
Default scatterplot drawn with 11 points
Default scatterplot drawn with 11 points
Custom time range set to: "Fri Dec 19 01:35:34 2025" to "Fri Dec 19 01:50:34 2025"
Data ranges updated - Y: 5 to 75 Time: "Fri Dec 19 01:35:34 2025" to "Fri Dec 19 01:50:34 2025" Interval: "15 minutes" Auto-update: disabled Range limiting: enabled
drawDataLine: no data available for series "ADOPTED"
Default scatterplot drawn with 11 points
Default scatterplot drawn with 11 points
Default scatterplot drawn with 11 points
Custom time range set to: "Fri Dec 19 01:35:34 2025" to "Fri Dec 19 01:50:34 2025"
Data ranges updated - Y: 5 to 75 Time: "Fri Dec 19 01:35:34 2025" to "Fri Dec 19 01:50:34 2025" Interval: "15 minutes" Auto-update: disabled Range limiting: enabled
drawDataLine: no data available for series "ADOPTED"
Default scatterplot drawn with 11 points
Default scatterplot drawn with 11 points
Default scatterplot drawn with 11 points
Custom time range set to: "Fri Dec 19 01:35:34 2025" to "Fri Dec 19 01:50:34 2025"
Data ranges updated - Y: 5 to 75 Time: "Fri Dec 19 01:35:34 2025" to "Fri Dec 19 01:50:34 2025" Interval: "15 minutes" Auto-update: disabled Range limiting: enabled
drawDataLine: no data available for series "ADOPTED"
Default scatterplot drawn with 11 points
Default scatterplot drawn with 11 points
Default scatterplot drawn with 11 points
Custom time range set to: "Fri Dec 19 01:35:34 2025" to "Fri Dec 19 01:50:34 2025"
GraphLayout: Container time scope changed from "Fri Dec 19 01:35:34 2025" to "Fri Dec 19 01:50:34 2025"
Data ranges updated - Y: 5 to 75 Time: "Fri Dec 19 01:35:34 2025" to "Fri Dec 19 01:50:34 2025" Interval: "15 minutes" Auto-update: disabled Range limiting: enabled
drawDataLine: no data available for series "ADOPTED"
Default scatterplot drawn with 11 points
Default scatterplot drawn with 11 points
Default scatterplot drawn with 11 points
Custom time range set to: "Fri Dec 19 01:35:34 2025" to "Fri Dec 19 01:50:34 2025"
Data ranges updated - Y: 5 to 75 Time: "Fri Dec 19 01:35:34 2025" to "Fri Dec 19 01:50:34 2025" Interval: "15 minutes" Auto-update: disabled Range limiting: enabled
drawDataLine: no data available for series "ADOPTED"
Default scatterplot drawn with 11 points
Default scatterplot drawn with 11 points
Default scatterplot drawn with 11 points
Custom time range set to: "Fri Dec 19 01:35:34 2025" to "Fri Dec 19 01:50:34 2025"
Data ranges updated - Y: 5 to 75 Time: "Fri Dec 19 01:35:34 2025" to "Fri Dec 19 01:50:34 2025" Interval: "15 minutes" Auto-update: disabled Range limiting: enabled
drawDataLine: no data available for series "ADOPTED"
Default scatterplot drawn with 11 points
Default scatterplot drawn with 11 points
Default scatterplot drawn with 11 points
Custom time range set to: "Fri Dec 19 01:35:34 2025" to "Fri Dec 19 01:50:34 2025"
Data ranges updated - Y: 5 to 75 Time: "Fri Dec 19 01:35:34 2025" to "Fri Dec 19 01:50:34 2025" Interval: "15 minutes" Auto-update: disabled Range limiting: enabled
drawDataLine: no data available for series "ADOPTED"
Default scatterplot drawn with 11 points
Default scatterplot drawn with 11 points
Default scatterplot drawn with 11 points
Custom time range set to: "Fri Dec 19 01:35:34 2025" to "Fri Dec 19 01:50:34 2025"
Data ranges updated - Y: 5 to 75 Time: "Fri Dec 19 01:35:34 2025" to "Fri Dec 19 01:50:34 2025" Interval: "15 minutes" Auto-update: disabled Range limiting: enabled
drawDataLine: no data available for series "ADOPTED"
Default scatterplot drawn with 11 points
Default scatterplot drawn with 11 points
Default scatterplot drawn with 11 points
Custom time range set to: "Fri Dec 19 01:35:34 2025" to "Fri Dec 19 01:50:34 2025"
GraphLayout: Container time scope changed from "Fri Dec 19 01:35:34 2025" to "Fri Dec 19 01:50:34 2025"
Data ranges updated - Y: 5 to 75 Time: "Fri Dec 19 01:35:34 2025" to "Fri Dec 19 01:50:34 2025" Interval: "15 minutes" Auto-update: disabled Range limiting: enabled
drawDataLine: no data available for series "ADOPTED"
Default scatterplot drawn with 11 points
Default scatterplot drawn with 11 points
Default scatterplot drawn with 11 points
Custom time range set to: "Fri Dec 19 01:35:34 2025" to "Fri Dec 19 01:50:34 2025"
Data ranges updated - Y: 5 to 75 Time: "Fri Dec 19 01:35:34 2025" to "Fri Dec 19 01:50:34 2025" Interval: "15 minutes" Auto-update: disabled Range limiting: enabled
drawDataLine: no data available for series "ADOPTED"
Default scatterplot drawn with 11 points
Default scatterplot drawn with 11 points
Default scatterplot drawn with 11 points
Custom time range set to: "Fri Dec 19 01:35:34 2025" to "Fri Dec 19 01:50:34 2025"
Data ranges updated - Y: 5 to 75 Time: "Fri Dec 19 01:35:34 2025" to "Fri Dec 19 01:50:34 2025" Interval: "15 minutes" Auto-update: disabled Range limiting: enabled
drawDataLine: no data available for series "ADOPTED"
Default scatterplot drawn with 11 points
Default scatterplot drawn with 11 points
Default scatterplot drawn with 11 points
Custom time range set to: "Fri Dec 19 01:35:34 2025" to "Fri Dec 19 01:50:34 2025"
GraphLayout: Container time scope changed from "Fri Dec 19 01:35:34 2025" to "Fri Dec 19 01:50:34 2025"
Data ranges updated - Y: 5 to 75 Time: "Fri Dec 19 01:35:34 2025" to "Fri Dec 19 01:50:34 2025" Interval: "15 minutes" Auto-update: disabled Range limiting: enabled
drawDataLine: no data available for series "ADOPTED"
Default scatterplot drawn with 11 points
Default scatterplot drawn with 11 points
Default scatterplot drawn with 11 points
Custom time range set to: "Fri Dec 19 01:35:34 2025" to "Fri Dec 19 01:50:34 2025"
Data ranges updated - Y: 5 to 75 Time: "Fri Dec 19 01:35:34 2025" to "Fri Dec 19 01:50:34 2025" Interval: "15 minutes" Auto-update: disabled Range limiting: enabled
drawDataLine: no data available for series "ADOPTED"
Default scatterplot drawn with 11 points
Default scatterplot drawn with 11 points
Default scatterplot drawn with 11 points
Custom time range set to: "Fri Dec 19 01:35:34 2025" to "Fri Dec 19 01:50:34 2025"
Data ranges updated - Y: 5 to 75 Time: "Fri Dec 19 01:35:34 2025" to "Fri Dec 19 01:50:34 2025" Interval: "15 minutes" Auto-update: disabled Range limiting: enabled
drawDataLine: no data available for series "ADOPTED"
Default scatterplot drawn with 11 points
Default scatterplot drawn with 11 points
Default scatterplot drawn with 11 points
Custom time range set to: "Fri Dec 19 01:35:34 2025" to "Fri Dec 19 01:50:34 2025"
Data ranges updated - Y: 5 to 75 Time: "Fri Dec 19 01:35:35 2025" to "Fri Dec 19 01:50:35 2025" Interval: "15 minutes" Auto-update: disabled Range limiting: enabled
drawDataLine: no data available for series "ADOPTED"
Default scatterplot drawn with 11 points
Default scatterplot drawn with 11 points
Default scatterplot drawn with 11 points
Custom time range set to: "Fri Dec 19 01:35:35 2025" to "Fri Dec 19 01:50:35 2025"
GraphLayout: Container time scope changed from "Fri Dec 19 01:35:35 2025" to "Fri Dec 19 01:50:35 2025"
Data ranges updated - Y: 5 to 75 Time: "Fri Dec 19 01:35:35 2025" to "Fri Dec 19 01:50:35 2025" Interval: "15 minutes" Auto-update: disabled Range limiting: enabled
drawDataLine: no data available for series "ADOPTED"
Default scatterplot drawn with 11 points
Default scatterplot drawn with 11 points
Default scatterplot drawn with 11 points
Custom time range set to: "Fri Dec 19 01:35:35 2025" to "Fri Dec 19 01:50:35 2025"
Data ranges updated - Y: 5 to 75 Time: "Fri Dec 19 01:35:35 2025" to "Fri Dec 19 01:50:35 2025" Interval: "15 minutes" Auto-update: disabled Range limiting: enabled
drawDataLine: no data available for series "ADOPTED"
Default scatterplot drawn with 11 points
Default scatterplot drawn with 11 points
Default scatterplot drawn with 11 points
Custom time range set to: "Fri Dec 19 01:35:35 2025" to "Fri Dec 19 01:50:35 2025"
Data ranges updated - Y: 5 to 75 Time: "Fri Dec 19 01:35:35 2025" to "Fri Dec 19 01:50:35 2025" Interval: "15 minutes" Auto-update: disabled Range limiting: enabled
drawDataLine: no data available for series "ADOPTED"
Default scatterplot drawn with 11 points
Default scatterplot drawn with 11 points
Default scatterplot drawn with 11 points
Custom time range set to: "Fri Dec 19 01:35:35 2025" to "Fri Dec 19 01:50:35 2025"
Simulator::onTimerTick() called
Added data point to "FDW" series "FDW-1" y: 6.54352 time: "Fri Dec 19 01:50:35 2025"
Added data point to "FDW" series "FDW-2" y: 16.5435 time: "Fri Dec 19 01:50:35 2025"
Added data point to "BDW" series "BDW-1" y: -9.98003 time: "Fri Dec 19 01:50:35 2025"
Added data point to "BDW" series "BDW-2" y: 0.0199726 time: "Fri Dec 19 01:50:35 2025"
Added data point to "BRW" series "BRW-1" y: -1.70964 time: "Fri Dec 19 01:50:35 2025"
Added data point to "BRW" series "BRW-2" y: 8.29036 time: "Fri Dec 19 01:50:35 2025"
Added data point to "LTW" series "LTW-1" y: 21.7323 time: "Fri Dec 19 01:50:35 2025"
Added data point to "LTW" series "LTW-2" y: 31.7323 time: "Fri Dec 19 01:50:35 2025"
Added data point to "BTW" series "BTW-1" y: 24.9656 time: "Fri Dec 19 01:50:35 2025"
Data ranges updated - Y: 5 to 75 Time: "Fri Dec 19 01:35:35 2025" to "Fri Dec 19 01:50:35 2025" Interval: "15 minutes" Auto-update: disabled Range limiting: enabled
drawDataLine: no data available for series "ADOPTED"
Default scatterplot drawn with 12 points
Default scatterplot drawn with 11 points
Default scatterplot drawn with 11 points
Custom time range set to: "Fri Dec 19 01:35:35 2025" to "Fri Dec 19 01:50:35 2025"
GraphContainer: Updated time range to show new data - "Fri Dec 19 01:35:35 2025" to "Fri Dec 19 01:50:35 2025"
GraphContainer: Using stored range limit for "BTW" - Min: 5 Max: 75
ZoomPanel: Original range values explicitly set - Left: 5 Center: 40 Right: 75
GraphContainer: Zoom panel limits updated - Min: 5 Center: 40 Max: 75 - User has not customized
Data ranges updated - Y: 5 to 75 Time: "Fri Dec 19 01:35:35 2025" to "Fri Dec 19 01:50:35 2025" Interval: "15 minutes" Auto-update: disabled Range limiting: enabled
drawDataLine: no data available for series "ADOPTED"
Default scatterplot drawn with 12 points
Default scatterplot drawn with 11 points
Default scatterplot drawn with 11 points
GraphContainer: Updated TimeSelectionVisualizer valid range to "01:50:22" to "01:50:35"
Data ranges updated - Y: 5 to 75 Time: "Fri Dec 19 01:35:35 2025" to "Fri Dec 19 01:50:35 2025" Interval: "15 minutes" Auto-update: disabled Range limiting: enabled
drawDataLine: no data available for series "ADOPTED"
Default scatterplot drawn with 12 points
Default scatterplot drawn with 11 points
Default scatterplot drawn with 11 points
Custom time range set to: "Fri Dec 19 01:35:35 2025" to "Fri Dec 19 01:50:35 2025"
GraphContainer: Updated time range to show new data - "Fri Dec 19 01:35:35 2025" to "Fri Dec 19 01:50:35 2025"
GraphContainer: Using stored range limit for "BTW" - Min: 5 Max: 75
ZoomPanel: Original range values explicitly set - Left: 5 Center: 40 Right: 75
GraphContainer: Zoom panel limits updated - Min: 5 Center: 40 Max: 75 - User has not customized
Data ranges updated - Y: 5 to 75 Time: "Fri Dec 19 01:35:35 2025" to "Fri Dec 19 01:50:35 2025" Interval: "15 minutes" Auto-update: disabled Range limiting: enabled
drawDataLine: no data available for series "ADOPTED"
Default scatterplot drawn with 12 points
Default scatterplot drawn with 11 points
Default scatterplot drawn with 11 points
GraphContainer: Updated TimeSelectionVisualizer valid range to "01:50:22" to "01:50:35"
Data ranges updated - Y: 5 to 75 Time: "Fri Dec 19 01:35:35 2025" to "Fri Dec 19 01:50:35 2025" Interval: "15 minutes" Auto-update: disabled Range limiting: enabled
drawDataLine: no data available for series "ADOPTED"
Default scatterplot drawn with 12 points
Default scatterplot drawn with 11 points
Default scatterplot drawn with 11 points
Custom time range set to: "Fri Dec 19 01:35:35 2025" to "Fri Dec 19 01:50:35 2025"
GraphContainer: Updated time range to show new data - "Fri Dec 19 01:35:35 2025" to "Fri Dec 19 01:50:35 2025"
GraphContainer: Using stored range limit for "BTW" - Min: 5 Max: 75
ZoomPanel: Original range values explicitly set - Left: 5 Center: 40 Right: 75
GraphContainer: Zoom panel limits updated - Min: 5 Center: 40 Max: 75 - User has not customized
Data ranges updated - Y: 5 to 75 Time: "Fri Dec 19 01:35:35 2025" to "Fri Dec 19 01:50:35 2025" Interval: "15 minutes" Auto-update: disabled Range limiting: enabled
drawDataLine: no data available for series "ADOPTED"
Default scatterplot drawn with 12 points
Default scatterplot drawn with 11 points
Default scatterplot drawn with 11 points
GraphContainer: Updated TimeSelectionVisualizer valid range to "01:50:22" to "01:50:35"
Data ranges updated - Y: 5 to 75 Time: "Fri Dec 19 01:35:35 2025" to "Fri Dec 19 01:50:35 2025" Interval: "15 minutes" Auto-update: disabled Range limiting: enabled
drawDataLine: no data available for series "ADOPTED"
Default scatterplot drawn with 12 points
Default scatterplot drawn with 11 points
Default scatterplot drawn with 11 points
Custom time range set to: "Fri Dec 19 01:35:35 2025" to "Fri Dec 19 01:50:35 2025"
GraphContainer: Updated time range to show new data - "Fri Dec 19 01:35:35 2025" to "Fri Dec 19 01:50:35 2025"
GraphContainer: Using stored range limit for "BTW" - Min: 5 Max: 75
ZoomPanel: Original range values explicitly set - Left: 5 Center: 40 Right: 75
GraphContainer: Zoom panel limits updated - Min: 5 Center: 40 Max: 75 - User has not customized
Data ranges updated - Y: 5 to 75 Time: "Fri Dec 19 01:35:35 2025" to "Fri Dec 19 01:50:35 2025" Interval: "15 minutes" Auto-update: disabled Range limiting: enabled
drawDataLine: no data available for series "ADOPTED"
Default scatterplot drawn with 12 points
Default scatterplot drawn with 11 points
Default scatterplot drawn with 11 points
GraphContainer: Updated TimeSelectionVisualizer valid range to "01:50:22" to "01:50:35"
Added data point to "BTW" series "BTW-2" y: 34.9656 time: "Fri Dec 19 01:50:35 2025"
GraphContainer: Using stored range limit for "BTW" - Min: 5 Max: 75
ZoomPanel: Original range values explicitly set - Left: 5 Center: 40 Right: 75
GraphContainer: Zoom panel limits updated - Min: 5 Center: 40 Max: 75 - User has not customized
Data ranges updated - Y: 5 to 75 Time: "Fri Dec 19 01:35:35 2025" to "Fri Dec 19 01:50:35 2025" Interval: "15 minutes" Auto-update: disabled Range limiting: enabled
drawDataLine: no data available for series "ADOPTED"
Default scatterplot drawn with 12 points
Default scatterplot drawn with 12 points
Default scatterplot drawn with 11 points
GraphContainer: Updated TimeSelectionVisualizer valid range to "01:50:22" to "01:50:35"
GraphContainer: Using stored range limit for "BTW" - Min: 5 Max: 75
ZoomPanel: Original range values explicitly set - Left: 5 Center: 40 Right: 75
GraphContainer: Zoom panel limits updated - Min: 5 Center: 40 Max: 75 - User has not customized
Data ranges updated - Y: 5 to 75 Time: "Fri Dec 19 01:35:35 2025" to "Fri Dec 19 01:50:35 2025" Interval: "15 minutes" Auto-update: disabled Range limiting: enabled
drawDataLine: no data available for series "ADOPTED"
Default scatterplot drawn with 12 points
Default scatterplot drawn with 12 points
Default scatterplot drawn with 11 points
GraphContainer: Updated TimeSelectionVisualizer valid range to "01:50:22" to "01:50:35"
GraphContainer: Using stored range limit for "BTW" - Min: 5 Max: 75
ZoomPanel: Original range values explicitly set - Left: 5 Center: 40 Right: 75
GraphContainer: Zoom panel limits updated - Min: 5 Center: 40 Max: 75 - User has not customized
Data ranges updated - Y: 5 to 75 Time: "Fri Dec 19 01:35:35 2025" to "Fri Dec 19 01:50:35 2025" Interval: "15 minutes" Auto-update: disabled Range limiting: enabled
drawDataLine: no data available for series "ADOPTED"
Default scatterplot drawn with 12 points
Default scatterplot drawn with 12 points
Default scatterplot drawn with 11 points
GraphContainer: Updated TimeSelectionVisualizer valid range to "01:50:22" to "01:50:35"
GraphContainer: Using stored range limit for "BTW" - Min: 5 Max: 75
ZoomPanel: Original range values explicitly set - Left: 5 Center: 40 Right: 75
GraphContainer: Zoom panel limits updated - Min: 5 Center: 40 Max: 75 - User has not customized
Data ranges updated - Y: 5 to 75 Time: "Fri Dec 19 01:35:35 2025" to "Fri Dec 19 01:50:35 2025" Interval: "15 minutes" Auto-update: disabled Range limiting: enabled
drawDataLine: no data available for series "ADOPTED"
Default scatterplot drawn with 12 points
Default scatterplot drawn with 12 points
Default scatterplot drawn with 11 points
GraphContainer: Updated TimeSelectionVisualizer valid range to "01:50:22" to "01:50:35"
Added data point to "BTW" series "BTW-3" y: 34.9656 time: "Fri Dec 19 01:50:35 2025"
GraphContainer: Using stored range limit for "BTW" - Min: 5 Max: 75
ZoomPanel: Original range values explicitly set - Left: 5 Center: 40 Right: 75
GraphContainer: Zoom panel limits updated - Min: 5 Center: 40 Max: 75 - User has not customized
Data ranges updated - Y: 5 to 75 Time: "Fri Dec 19 01:35:35 2025" to "Fri Dec 19 01:50:35 2025" Interval: "15 minutes" Auto-update: disabled Range limiting: enabled
drawDataLine: no data available for series "ADOPTED"
Default scatterplot drawn with 12 points
Default scatterplot drawn with 12 points
Default scatterplot drawn with 12 points
GraphContainer: Updated TimeSelectionVisualizer valid range to "01:50:22" to "01:50:35"
GraphContainer: Using stored range limit for "BTW" - Min: 5 Max: 75
ZoomPanel: Original range values explicitly set - Left: 5 Center: 40 Right: 75
GraphContainer: Zoom panel limits updated - Min: 5 Center: 40 Max: 75 - User has not customized
Data ranges updated - Y: 5 to 75 Time: "Fri Dec 19 01:35:35 2025" to "Fri Dec 19 01:50:35 2025" Interval: "15 minutes" Auto-update: disabled Range limiting: enabled
drawDataLine: no data available for series "ADOPTED"
Default scatterplot drawn with 12 points
Default scatterplot drawn with 12 points
Default scatterplot drawn with 12 points
GraphContainer: Updated TimeSelectionVisualizer valid range to "01:50:22" to "01:50:35"
GraphContainer: Using stored range limit for "BTW" - Min: 5 Max: 75
ZoomPanel: Original range values explicitly set - Left: 5 Center: 40 Right: 75
GraphContainer: Zoom panel limits updated - Min: 5 Center: 40 Max: 75 - User has not customized
Data ranges updated - Y: 5 to 75 Time: "Fri Dec 19 01:35:35 2025" to "Fri Dec 19 01:50:35 2025" Interval: "15 minutes" Auto-update: disabled Range limiting: enabled
drawDataLine: no data available for series "ADOPTED"
Default scatterplot drawn with 12 points
Default scatterplot drawn with 12 points
Default scatterplot drawn with 12 points
GraphContainer: Updated TimeSelectionVisualizer valid range to "01:50:22" to "01:50:35"
GraphContainer: Using stored range limit for "BTW" - Min: 5 Max: 75
ZoomPanel: Original range values explicitly set - Left: 5 Center: 40 Right: 75
GraphContainer: Zoom panel limits updated - Min: 5 Center: 40 Max: 75 - User has not customized
Data ranges updated - Y: 5 to 75 Time: "Fri Dec 19 01:35:35 2025" to "Fri Dec 19 01:50:35 2025" Interval: "15 minutes" Auto-update: disabled Range limiting: enabled
drawDataLine: no data available for series "ADOPTED"
Default scatterplot drawn with 12 points
Default scatterplot drawn with 12 points
Default scatterplot drawn with 12 points
GraphContainer: Updated TimeSelectionVisualizer valid range to "01:50:22" to "01:50:35"
Added data point to "RTW" series "RTW-1" y: 17.3678 time: "Fri Dec 19 01:50:35 2025"
Added data point to "RTW" series "ADOPTED" y: 27.3678 time: "Fri Dec 19 01:50:35 2025"
Added data point to "FTW" series "FTW-1" y: 19.8275 time: "Fri Dec 19 01:50:35 2025"
Added data point to "FTW" series "FTW-2" y: 29.8275 time: "Fri Dec 19 01:50:35 2025"
Added data points - FDW: 6.54352 BDW: -9.98003 BRW: -1.70964 LTW: 21.7323 BTW: 24.9656 RTW: 17.3678 FTW: 19.8275
TimeScopeChanged - Start: "01:35:35" End: "01:50:35" Duration: "00:15:00"
BDW zero axis drawn at x: 0
Custom time range set to: "Fri Dec 19 01:35:35 2025" to "Fri Dec 19 01:50:35 2025"
BDW zero axis drawn at x: 0
Custom time range set to: "Fri Dec 19 01:35:35 2025" to "Fri Dec 19 01:50:35 2025"
GraphContainer: Setting current time to "01:50:35"
Data ranges updated - Y: 5 to 75 Time: "Fri Dec 19 01:35:35 2025" to "Fri Dec 19 01:50:35 2025" Interval: "15 minutes" Auto-update: disabled Range limiting: enabled
drawDataLine: no data available for series "ADOPTED"
Default scatterplot drawn with 12 points
Default scatterplot drawn with 12 points
Default scatterplot drawn with 12 points
Custom time range set to: "Fri Dec 19 01:35:35 2025" to "Fri Dec 19 01:50:35 2025"
Data ranges updated - Y: 5 to 75 Time: "Fri Dec 19 01:35:35 2025" to "Fri Dec 19 01:50:35 2025" Interval: "15 minutes" Auto-update: disabled Range limiting: enabled
drawDataLine: no data available for series "ADOPTED"
Default scatterplot drawn with 12 points
Default scatterplot drawn with 12 points
Default scatterplot drawn with 12 points
Custom time range set to: "Fri Dec 19 01:35:35 2025" to "Fri Dec 19 01:50:35 2025"
GraphLayout: Container time scope changed from "Fri Dec 19 01:35:35 2025" to "Fri Dec 19 01:50:35 2025"
Data ranges updated - Y: 5 to 75 Time: "Fri Dec 19 01:35:35 2025" to "Fri Dec 19 01:50:35 2025" Interval: "15 minutes" Auto-update: disabled Range limiting: enabled
drawDataLine: no data available for series "ADOPTED"
Default scatterplot drawn with 12 points
Default scatterplot drawn with 12 points
Default scatterplot drawn with 12 points
Custom time range set to: "Fri Dec 19 01:35:35 2025" to "Fri Dec 19 01:50:35 2025"
Data ranges updated - Y: 5 to 75 Time: "Fri Dec 19 01:35:35 2025" to "Fri Dec 19 01:50:35 2025" Interval: "15 minutes" Auto-update: disabled Range limiting: enabled
drawDataLine: no data available for series "ADOPTED"
Default scatterplot drawn with 12 points
Default scatterplot drawn with 12 points
Default scatterplot drawn with 12 points
Custom time range set to: "Fri Dec 19 01:35:35 2025" to "Fri Dec 19 01:50:35 2025"
Data ranges updated - Y: 5 to 75 Time: "Fri Dec 19 01:35:35 2025" to "Fri Dec 19 01:50:35 2025" Interval: "15 minutes" Auto-update: disabled Range limiting: enabled
drawDataLine: no data available for series "ADOPTED"
Default scatterplot drawn with 12 points
Default scatterplot drawn with 12 points
Default scatterplot drawn with 12 points
Custom time range set to: "Fri Dec 19 01:35:35 2025" to "Fri Dec 19 01:50:35 2025"
GraphLayout: Container time scope changed from "Fri Dec 19 01:35:35 2025" to "Fri Dec 19 01:50:35 2025"
Data ranges updated - Y: 5 to 75 Time: "Fri Dec 19 01:35:35 2025" to "Fri Dec 19 01:50:35 2025" Interval: "15 minutes" Auto-update: disabled Range limiting: enabled
drawDataLine: no data available for series "ADOPTED"
Default scatterplot drawn with 12 points
Default scatterplot drawn with 12 points
Default scatterplot drawn with 12 points
Custom time range set to: "Fri Dec 19 01:35:35 2025" to "Fri Dec 19 01:50:35 2025"
Data ranges updated - Y: 5 to 75 Time: "Fri Dec 19 01:35:35 2025" to "Fri Dec 19 01:50:35 2025" Interval: "15 minutes" Auto-update: disabled Range limiting: enabled
drawDataLine: no data available for series "ADOPTED"
Default scatterplot drawn with 12 points
Default scatterplot drawn with 12 points
Default scatterplot drawn with 12 points
Custom time range set to: "Fri Dec 19 01:35:35 2025" to "Fri Dec 19 01:50:35 2025"
Data ranges updated - Y: 5 to 75 Time: "Fri Dec 19 01:35:35 2025" to "Fri Dec 19 01:50:35 2025" Interval: "15 minutes" Auto-update: disabled Range limiting: enabled
drawDataLine: no data available for series "ADOPTED"
Default scatterplot drawn with 12 points
Default scatterplot drawn with 12 points
Default scatterplot drawn with 12 points
Custom time range set to: "Fri Dec 19 01:35:35 2025" to "Fri Dec 19 01:50:35 2025"
GraphContainer: Setting current time to "01:50:35"
Data ranges updated - Y: 5 to 75 Time: "Fri Dec 19 01:35:35 2025" to "Fri Dec 19 01:50:35 2025" Interval: "15 minutes" Auto-update: disabled Range limiting: enabled
drawDataLine: no data available for series "ADOPTED"
Default scatterplot drawn with 12 points
Default scatterplot drawn with 12 points
Default scatterplot drawn with 12 points
Custom time range set to: "Fri Dec 19 01:35:35 2025" to "Fri Dec 19 01:50:35 2025"
GraphLayout: Container time scope changed from "Fri Dec 19 01:35:35 2025" to "Fri Dec 19 01:50:35 2025"
Data ranges updated - Y: 5 to 75 Time: "Fri Dec 19 01:35:35 2025" to "Fri Dec 19 01:50:35 2025" Interval: "15 minutes" Auto-update: disabled Range limiting: enabled
drawDataLine: no data available for series "ADOPTED"
Default scatterplot drawn with 12 points
Default scatterplot drawn with 12 points
Default scatterplot drawn with 12 points
Custom time range set to: "Fri Dec 19 01:35:35 2025" to "Fri Dec 19 01:50:35 2025"
Data ranges updated - Y: 5 to 75 Time: "Fri Dec 19 01:35:35 2025" to "Fri Dec 19 01:50:35 2025" Interval: "15 minutes" Auto-update: disabled Range limiting: enabled
drawDataLine: no data available for series "ADOPTED"
Default scatterplot drawn with 12 points
Default scatterplot drawn with 12 points
Default scatterplot drawn with 12 points
Custom time range set to: "Fri Dec 19 01:35:35 2025" to "Fri Dec 19 01:50:35 2025"
Data ranges updated - Y: 5 to 75 Time: "Fri Dec 19 01:35:35 2025" to "Fri Dec 19 01:50:35 2025" Interval: "15 minutes" Auto-update: disabled Range limiting: enabled
drawDataLine: no data available for series "ADOPTED"
Default scatterplot drawn with 12 points
Default scatterplot drawn with 12 points
Default scatterplot drawn with 12 points
Custom time range set to: "Fri Dec 19 01:35:35 2025" to "Fri Dec 19 01:50:35 2025"
GraphContainer: Setting current time to "01:50:35"
Data ranges updated - Y: 5 to 75 Time: "Fri Dec 19 01:35:35 2025" to "Fri Dec 19 01:50:35 2025" Interval: "15 minutes" Auto-update: disabled Range limiting: enabled
drawDataLine: no data available for series "ADOPTED"
Default scatterplot drawn with 12 points
Default scatterplot drawn with 12 points
Default scatterplot drawn with 12 points
Custom time range set to: "Fri Dec 19 01:35:35 2025" to "Fri Dec 19 01:50:35 2025"
Data ranges updated - Y: 5 to 75 Time: "Fri Dec 19 01:35:35 2025" to "Fri Dec 19 01:50:35 2025" Interval: "15 minutes" Auto-update: disabled Range limiting: enabled
drawDataLine: no data available for series "ADOPTED"
Default scatterplot drawn with 12 points
Default scatterplot drawn with 12 points
Default scatterplot drawn with 12 points
Custom time range set to: "Fri Dec 19 01:35:35 2025" to "Fri Dec 19 01:50:35 2025"
GraphLayout: Container time scope changed from "Fri Dec 19 01:35:35 2025" to "Fri Dec 19 01:50:35 2025"
Data ranges updated - Y: 5 to 75 Time: "Fri Dec 19 01:35:35 2025" to "Fri Dec 19 01:50:35 2025" Interval: "15 minutes" Auto-update: disabled Range limiting: enabled
drawDataLine: no data available for series "ADOPTED"
Default scatterplot drawn with 12 points
Default scatterplot drawn with 12 points
Default scatterplot drawn with 12 points
Custom time range set to: "Fri Dec 19 01:35:35 2025" to "Fri Dec 19 01:50:35 2025"
Data ranges updated - Y: 5 to 75 Time: "Fri Dec 19 01:35:35 2025" to "Fri Dec 19 01:50:35 2025" Interval: "15 minutes" Auto-update: disabled Range limiting: enabled
drawDataLine: no data available for series "ADOPTED"
Default scatterplot drawn with 12 points
Default scatterplot drawn with 12 points
Default scatterplot drawn with 12 points
Custom time range set to: "Fri Dec 19 01:35:35 2025" to "Fri Dec 19 01:50:35 2025"
Data ranges updated - Y: 5 to 75 Time: "Fri Dec 19 01:35:35 2025" to "Fri Dec 19 01:50:35 2025" Interval: "15 minutes" Auto-update: disabled Range limiting: enabled
drawDataLine: no data available for series "ADOPTED"
Default scatterplot drawn with 12 points
Default scatterplot drawn with 12 points
Default scatterplot drawn with 12 points
Custom time range set to: "Fri Dec 19 01:35:35 2025" to "Fri Dec 19 01:50:35 2025"
GraphLayout: Container time scope changed from "Fri Dec 19 01:35:35 2025" to "Fri Dec 19 01:50:35 2025"
Data ranges updated - Y: 5 to 75 Time: "Fri Dec 19 01:35:35 2025" to "Fri Dec 19 01:50:35 2025" Interval: "15 minutes" Auto-update: disabled Range limiting: enabled
drawDataLine: no data available for series "ADOPTED"
Default scatterplot drawn with 12 points
Default scatterplot drawn with 12 points
Default scatterplot drawn with 12 points
Custom time range set to: "Fri Dec 19 01:35:35 2025" to "Fri Dec 19 01:50:35 2025"
Data ranges updated - Y: 5 to 75 Time: "Fri Dec 19 01:35:35 2025" to "Fri Dec 19 01:50:35 2025" Interval: "15 minutes" Auto-update: disabled Range limiting: enabled
drawDataLine: no data available for series "ADOPTED"
Default scatterplot drawn with 12 points
Default scatterplot drawn with 12 points
Default scatterplot drawn with 12 points
Custom time range set to: "Fri Dec 19 01:35:35 2025" to "Fri Dec 19 01:50:35 2025"
Data ranges updated - Y: 5 to 75 Time: "Fri Dec 19 01:35:35 2025" to "Fri Dec 19 01:50:35 2025" Interval: "15 minutes" Auto-update: disabled Range limiting: enabled
drawDataLine: no data available for series "ADOPTED"
Default scatterplot drawn with 12 points
Default scatterplot drawn with 12 points
Default scatterplot drawn with 12 points
Custom time range set to: "Fri Dec 19 01:35:35 2025" to "Fri Dec 19 01:50:35 2025"
GraphContainer: Setting current time to "01:50:35"
Data ranges updated - Y: 5 to 75 Time: "Fri Dec 19 01:35:35 2025" to "Fri Dec 19 01:50:35 2025" Interval: "15 minutes" Auto-update: disabled Range limiting: enabled
drawDataLine: no data available for series "ADOPTED"
Default scatterplot drawn with 12 points
Default scatterplot drawn with 12 points
Default scatterplot drawn with 12 points
Custom time range set to: "Fri Dec 19 01:35:35 2025" to "Fri Dec 19 01:50:35 2025"
GraphLayout: Container time scope changed from "Fri Dec 19 01:35:35 2025" to "Fri Dec 19 01:50:35 2025"
Data ranges updated - Y: 5 to 75 Time: "Fri Dec 19 01:35:35 2025" to "Fri Dec 19 01:50:35 2025" Interval: "15 minutes" Auto-update: disabled Range limiting: enabled
drawDataLine: no data available for series "ADOPTED"
Default scatterplot drawn with 12 points
Default scatterplot drawn with 12 points
Default scatterplot drawn with 12 points
Custom time range set to: "Fri Dec 19 01:35:35 2025" to "Fri Dec 19 01:50:35 2025"
Data ranges updated - Y: 5 to 75 Time: "Fri Dec 19 01:35:35 2025" to "Fri Dec 19 01:50:35 2025" Interval: "15 minutes" Auto-update: disabled Range limiting: enabled
drawDataLine: no data available for series "ADOPTED"
Default scatterplot drawn with 12 points
Default scatterplot drawn with 12 points
Default scatterplot drawn with 12 points
Custom time range set to: "Fri Dec 19 01:35:35 2025" to "Fri Dec 19 01:50:35 2025"
Data ranges updated - Y: 5 to 75 Time: "Fri Dec 19 01:35:35 2025" to "Fri Dec 19 01:50:35 2025" Interval: "15 minutes" Auto-update: disabled Range limiting: enabled
drawDataLine: no data available for series "ADOPTED"
Default scatterplot drawn with 12 points
Default scatterplot drawn with 12 points
Default scatterplot drawn with 12 points
Custom time range set to: "Fri Dec 19 01:35:35 2025" to "Fri Dec 19 01:50:35 2025"
GraphContainer: Set chevron label 1 to: "Start"
GraphContainer: Set chevron label 1 to: "Start"
GraphContainer: Set chevron label 1 to: "Start"
GraphContainer: Set chevron label 1 to: "Start"
GraphLayout: Set chevron label 1 to: "Start" for all visible containers
GraphContainer: Set chevron label 2 to: "Now"
GraphContainer: Set chevron label 2 to: "Now"
GraphContainer: Set chevron label 2 to: "Now"
GraphContainer: Set chevron label 2 to: "Now"
GraphLayout: Set chevron label 2 to: "Now" for all visible containers
GraphContainer: Set chevron label 3 to: "End"
GraphContainer: Set chevron label 3 to: "End"
GraphContainer: Set chevron label 3 to: "End"
GraphContainer: Set chevron label 3 to: "End"
GraphLayout: Set chevron label 3 to: "End" for all visible containers
Data ranges updated - Y: 5 to 75 Time: "Fri Dec 19 01:35:35 2025" to "Fri Dec 19 01:50:35 2025" Interval: "15 minutes" Auto-update: disabled Range limiting: enabled
drawDataLine: no data available for series "ADOPTED"
Default scatterplot drawn with 12 points
Default scatterplot drawn with 12 points
Default scatterplot drawn with 12 points
Custom time range set to: "Fri Dec 19 01:35:35 2025" to "Fri Dec 19 01:50:35 2025"
Data ranges updated - Y: 5 to 75 Time: "Fri Dec 19 01:35:35 2025" to "Fri Dec 19 01:50:35 2025" Interval: "15 minutes" Auto-update: disabled Range limiting: enabled
drawDataLine: no data available for series "ADOPTED"
Default scatterplot drawn with 12 points
Default scatterplot drawn with 12 points
Default scatterplot drawn with 12 points
Custom time range set to: "Fri Dec 19 01:35:35 2025" to "Fri Dec 19 01:50:35 2025"
GraphLayout: Container time scope changed from "Fri Dec 19 01:35:35 2025" to "Fri Dec 19 01:50:35 2025"
Data ranges updated - Y: 5 to 75 Time: "Fri Dec 19 01:35:35 2025" to "Fri Dec 19 01:50:35 2025" Interval: "15 minutes" Auto-update: disabled Range limiting: enabled
drawDataLine: no data available for series "ADOPTED"
Default scatterplot drawn with 12 points
Default scatterplot drawn with 12 points
Default scatterplot drawn with 12 points
Custom time range set to: "Fri Dec 19 01:35:35 2025" to "Fri Dec 19 01:50:35 2025"
Data ranges updated - Y: 5 to 75 Time: "Fri Dec 19 01:35:35 2025" to "Fri Dec 19 01:50:35 2025" Interval: "15 minutes" Auto-update: disabled Range limiting: enabled
drawDataLine: no data available for series "ADOPTED"
Default scatterplot drawn with 12 points
Default scatterplot drawn with 12 points
Default scatterplot drawn with 12 points
Custom time range set to: "Fri Dec 19 01:35:35 2025" to "Fri Dec 19 01:50:35 2025"
Data ranges updated - Y: 5 to 75 Time: "Fri Dec 19 01:35:35 2025" to "Fri Dec 19 01:50:35 2025" Interval: "15 minutes" Auto-update: disabled Range limiting: enabled
drawDataLine: no data available for series "ADOPTED"
Default scatterplot drawn with 12 points
Default scatterplot drawn with 12 points
Default scatterplot drawn with 12 points
Custom time range set to: "Fri Dec 19 01:35:35 2025" to "Fri Dec 19 01:50:35 2025"
GraphLayout: Container time scope changed from "Fri Dec 19 01:35:35 2025" to "Fri Dec 19 01:50:35 2025"
Data ranges updated - Y: 5 to 75 Time: "Fri Dec 19 01:35:35 2025" to "Fri Dec 19 01:50:35 2025" Interval: "15 minutes" Auto-update: disabled Range limiting: enabled
drawDataLine: no data available for series "ADOPTED"
Default scatterplot drawn with 12 points
Default scatterplot drawn with 12 points
Default scatterplot drawn with 12 points
Custom time range set to: "Fri Dec 19 01:35:35 2025" to "Fri Dec 19 01:50:35 2025"
Data ranges updated - Y: 5 to 75 Time: "Fri Dec 19 01:35:35 2025" to "Fri Dec 19 01:50:35 2025" Interval: "15 minutes" Auto-update: disabled Range limiting: enabled
drawDataLine: no data available for series "ADOPTED"
Default scatterplot drawn with 12 points
Default scatterplot drawn with 12 points
Default scatterplot drawn with 12 points
Custom time range set to: "Fri Dec 19 01:35:35 2025" to "Fri Dec 19 01:50:35 2025"
Data ranges updated - Y: 5 to 75 Time: "Fri Dec 19 01:35:35 2025" to "Fri Dec 19 01:50:35 2025" Interval: "15 minutes" Auto-update: disabled Range limiting: enabled
drawDataLine: no data available for series "ADOPTED"
Default scatterplot drawn with 12 points
Default scatterplot drawn with 12 points
Default scatterplot drawn with 12 points
Custom time range set to: "Fri Dec 19 01:35:35 2025" to "Fri Dec 19 01:50:35 2025"
Data ranges updated - Y: 5 to 75 Time: "Fri Dec 19 01:35:35 2025" to "Fri Dec 19 01:50:35 2025" Interval: "15 minutes" Auto-update: disabled Range limiting: enabled
drawDataLine: no data available for series "ADOPTED"
Default scatterplot drawn with 12 points
Default scatterplot drawn with 12 points
Default scatterplot drawn with 12 points
Custom time range set to: "Fri Dec 19 01:35:35 2025" to "Fri Dec 19 01:50:35 2025"
GraphLayout: Container time scope changed from "Fri Dec 19 01:35:35 2025" to "Fri Dec 19 01:50:35 2025"
Data ranges updated - Y: 5 to 75 Time: "Fri Dec 19 01:35:35 2025" to "Fri Dec 19 01:50:35 2025" Interval: "15 minutes" Auto-update: disabled Range limiting: enabled
drawDataLine: no data available for series "ADOPTED"
Default scatterplot drawn with 12 points
Default scatterplot drawn with 12 points
Default scatterplot drawn with 12 points
Custom time range set to: "Fri Dec 19 01:35:35 2025" to "Fri Dec 19 01:50:35 2025"
Data ranges updated - Y: 5 to 75 Time: "Fri Dec 19 01:35:35 2025" to "Fri Dec 19 01:50:35 2025" Interval: "15 minutes" Auto-update: disabled Range limiting: enabled
drawDataLine: no data available for series "ADOPTED"
Default scatterplot drawn with 12 points
Default scatterplot drawn with 12 points
Default scatterplot drawn with 12 points
Custom time range set to: "Fri Dec 19 01:35:35 2025" to "Fri Dec 19 01:50:35 2025"
Data ranges updated - Y: 5 to 75 Time: "Fri Dec 19 01:35:35 2025" to "Fri Dec 19 01:50:35 2025" Interval: "15 minutes" Auto-update: disabled Range limiting: enabled
drawDataLine: no data available for series "ADOPTED"
Default scatterplot drawn with 12 points
Default scatterplot drawn with 12 points
Default scatterplot drawn with 12 points
Custom time range set to: "Fri Dec 19 01:35:35 2025" to "Fri Dec 19 01:50:35 2025"
Data ranges updated - Y: 5 to 75 Time: "Fri Dec 19 01:35:35 2025" to "Fri Dec 19 01:50:35 2025" Interval: "15 minutes" Auto-update: disabled Range limiting: enabled
drawDataLine: no data available for series "ADOPTED"
Default scatterplot drawn with 12 points
Default scatterplot drawn with 12 points
Default scatterplot drawn with 12 points
Custom time range set to: "Fri Dec 19 01:35:35 2025" to "Fri Dec 19 01:50:35 2025"
Data ranges updated - Y: 5 to 75 Time: "Fri Dec 19 01:35:35 2025" to "Fri Dec 19 01:50:35 2025" Interval: "15 minutes" Auto-update: disabled Range limiting: enabled
drawDataLine: no data available for series "ADOPTED"
Default scatterplot drawn with 12 points
Default scatterplot drawn with 12 points
Default scatterplot drawn with 12 points
Custom time range set to: "Fri Dec 19 01:35:35 2025" to "Fri Dec 19 01:50:35 2025"
GraphLayout: Container time scope changed from "Fri Dec 19 01:35:35 2025" to "Fri Dec 19 01:50:35 2025"
Data ranges updated - Y: 5 to 75 Time: "Fri Dec 19 01:35:35 2025" to "Fri Dec 19 01:50:35 2025" Interval: "15 minutes" Auto-update: disabled Range limiting: enabled
drawDataLine: no data available for series "ADOPTED"
Default scatterplot drawn with 12 points
Default scatterplot drawn with 12 points
Default scatterplot drawn with 12 points
Custom time range set to: "Fri Dec 19 01:35:35 2025" to "Fri Dec 19 01:50:35 2025"
Data ranges updated - Y: 5 to 75 Time: "Fri Dec 19 01:35:35 2025" to "Fri Dec 19 01:50:35 2025" Interval: "15 minutes" Auto-update: disabled Range limiting: enabled
drawDataLine: no data available for series "ADOPTED"
Default scatterplot drawn with 12 points
Default scatterplot drawn with 12 points
Default scatterplot drawn with 12 points
Custom time range set to: "Fri Dec 19 01:35:35 2025" to "Fri Dec 19 01:50:35 2025"
Data ranges updated - Y: 5 to 75 Time: "Fri Dec 19 01:35:35 2025" to "Fri Dec 19 01:50:35 2025" Interval: "15 minutes" Auto-update: disabled Range limiting: enabled
drawDataLine: no data available for series "ADOPTED"
Default scatterplot drawn with 12 points
Default scatterplot drawn with 12 points
Default scatterplot drawn with 12 points
Custom time range set to: "Fri Dec 19 01:35:35 2025" to "Fri Dec 19 01:50:35 2025"
GraphLayout: Container time scope changed from "Fri Dec 19 01:35:35 2025" to "Fri Dec 19 01:50:35 2025"
Data ranges updated - Y: 5 to 75 Time: "Fri Dec 19 01:35:35 2025" to "Fri Dec 19 01:50:35 2025" Interval: "15 minutes" Auto-update: disabled Range limiting: enabled
drawDataLine: no data available for series "ADOPTED"
Default scatterplot drawn with 12 points
Default scatterplot drawn with 12 points
Default scatterplot drawn with 12 points
Custom time range set to: "Fri Dec 19 01:35:35 2025" to "Fri Dec 19 01:50:35 2025"
Data ranges updated - Y: 5 to 75 Time: "Fri Dec 19 01:35:35 2025" to "Fri Dec 19 01:50:35 2025" Interval: "15 minutes" Auto-update: disabled Range limiting: enabled
drawDataLine: no data available for series "ADOPTED"
Default scatterplot drawn with 12 points
Default scatterplot drawn with 12 points
Default scatterplot drawn with 12 points
Custom time range set to: "Fri Dec 19 01:35:35 2025" to "Fri Dec 19 01:50:35 2025"
Data ranges updated - Y: 5 to 75 Time: "Fri Dec 19 01:35:35 2025" to "Fri Dec 19 01:50:35 2025" Interval: "15 minutes" Auto-update: disabled Range limiting: enabled
drawDataLine: no data available for series "ADOPTED"
Default scatterplot drawn with 12 points
Default scatterplot drawn with 12 points
Default scatterplot drawn with 12 points
Custom time range set to: "Fri Dec 19 01:35:35 2025" to "Fri Dec 19 01:50:35 2025"
Data ranges updated - Y: 5 to 75 Time: "Fri Dec 19 01:35:36 2025" to "Fri Dec 19 01:50:36 2025" Interval: "15 minutes" Auto-update: disabled Range limiting: enabled
drawDataLine: no data available for series "ADOPTED"
Default scatterplot drawn with 12 points
Default scatterplot drawn with 12 points
Default scatterplot drawn with 12 points
Custom time range set to: "Fri Dec 19 01:35:36 2025" to "Fri Dec 19 01:50:36 2025"
GraphLayout: Container time scope changed from "Fri Dec 19 01:35:36 2025" to "Fri Dec 19 01:50:36 2025"
Data ranges updated - Y: 5 to 75 Time: "Fri Dec 19 01:35:36 2025" to "Fri Dec 19 01:50:36 2025" Interval: "15 minutes" Auto-update: disabled Range limiting: enabled
drawDataLine: no data available for series "ADOPTED"
Default scatterplot drawn with 12 points
Default scatterplot drawn with 12 points
Default scatterplot drawn with 12 points
Custom time range set to: "Fri Dec 19 01:35:36 2025" to "Fri Dec 19 01:50:36 2025"
Data ranges updated - Y: 5 to 75 Time: "Fri Dec 19 01:35:36 2025" to "Fri Dec 19 01:50:36 2025" Interval: "15 minutes" Auto-update: disabled Range limiting: enabled
drawDataLine: no data available for series "ADOPTED"
Default scatterplot drawn with 12 points
Default scatterplot drawn with 12 points
Default scatterplot drawn with 12 points
Custom time range set to: "Fri Dec 19 01:35:36 2025" to "Fri Dec 19 01:50:36 2025"
Data ranges updated - Y: 5 to 75 Time: "Fri Dec 19 01:35:36 2025" to "Fri Dec 19 01:50:36 2025" Interval: "15 minutes" Auto-update: disabled Range limiting: enabled
drawDataLine: no data available for series "ADOPTED"
Default scatterplot drawn with 12 points
Default scatterplot drawn with 12 points
Default scatterplot drawn with 12 points
Custom time range set to: "Fri Dec 19 01:35:36 2025" to "Fri Dec 19 01:50:36 2025"
Simulator::onTimerTick() called
Added data point to "FDW" series "FDW-1" y: 11.6928 time: "Fri Dec 19 01:50:36 2025"
Added data point to "FDW" series "FDW-2" y: 21.6928 time: "Fri Dec 19 01:50:36 2025"
Added data point to "BDW" series "BDW-1" y: -12.9314 time: "Fri Dec 19 01:50:36 2025"
Added data point to "BDW" series "BDW-2" y: -2.93137 time: "Fri Dec 19 01:50:36 2025"
Added data point to "BRW" series "BRW-1" y: -6.72633 time: "Fri Dec 19 01:50:36 2025"
Added data point to "BRW" series "BRW-2" y: 3.27367 time: "Fri Dec 19 01:50:36 2025"
Added data point to "LTW" series "LTW-1" y: 21.7169 time: "Fri Dec 19 01:50:36 2025"
Added data point to "LTW" series "LTW-2" y: 31.7169 time: "Fri Dec 19 01:50:36 2025"
Added data point to "BTW" series "BTW-1" y: 24.8158 time: "Fri Dec 19 01:50:36 2025"
Data ranges updated - Y: 5 to 75 Time: "Fri Dec 19 01:35:36 2025" to "Fri Dec 19 01:50:36 2025" Interval: "15 minutes" Auto-update: disabled Range limiting: enabled
drawDataLine: no data available for series "ADOPTED"
Default scatterplot drawn with 13 points
Default scatterplot drawn with 12 points
Default scatterplot drawn with 12 points
Custom time range set to: "Fri Dec 19 01:35:36 2025" to "Fri Dec 19 01:50:36 2025"
GraphContainer: Updated time range to show new data - "Fri Dec 19 01:35:36 2025" to "Fri Dec 19 01:50:36 2025"
GraphContainer: Using stored range limit for "BTW" - Min: 5 Max: 75
ZoomPanel: Original range values explicitly set - Left: 5 Center: 40 Right: 75
GraphContainer: Zoom panel limits updated - Min: 5 Center: 40 Max: 75 - User has not customized
Data ranges updated - Y: 5 to 75 Time: "Fri Dec 19 01:35:36 2025" to "Fri Dec 19 01:50:36 2025" Interval: "15 minutes" Auto-update: disabled Range limiting: enabled
drawDataLine: no data available for series "ADOPTED"
Default scatterplot drawn with 13 points
Default scatterplot drawn with 12 points
Default scatterplot drawn with 12 points
GraphContainer: Updated TimeSelectionVisualizer valid range to "01:50:22" to "01:50:36"
Data ranges updated - Y: 5 to 75 Time: "Fri Dec 19 01:35:36 2025" to "Fri Dec 19 01:50:36 2025" Interval: "15 minutes" Auto-update: disabled Range limiting: enabled
drawDataLine: no data available for series "ADOPTED"
Default scatterplot drawn with 13 points
Default scatterplot drawn with 12 points
Default scatterplot drawn with 12 points
Custom time range set to: "Fri Dec 19 01:35:36 2025" to "Fri Dec 19 01:50:36 2025"
GraphContainer: Updated time range to show new data - "Fri Dec 19 01:35:36 2025" to "Fri Dec 19 01:50:36 2025"
GraphContainer: Using stored range limit for "BTW" - Min: 5 Max: 75
ZoomPanel: Original range values explicitly set - Left: 5 Center: 40 Right: 75
GraphContainer: Zoom panel limits updated - Min: 5 Center: 40 Max: 75 - User has not customized
Data ranges updated - Y: 5 to 75 Time: "Fri Dec 19 01:35:36 2025" to "Fri Dec 19 01:50:36 2025" Interval: "15 minutes" Auto-update: disabled Range limiting: enabled
drawDataLine: no data available for series "ADOPTED"
Default scatterplot drawn with 13 points
Default scatterplot drawn with 12 points
Default scatterplot drawn with 12 points
GraphContainer: Updated TimeSelectionVisualizer valid range to "01:50:22" to "01:50:36"
Data ranges updated - Y: 5 to 75 Time: "Fri Dec 19 01:35:36 2025" to "Fri Dec 19 01:50:36 2025" Interval: "15 minutes" Auto-update: disabled Range limiting: enabled
drawDataLine: no data available for series "ADOPTED"
Default scatterplot drawn with 13 points
Default scatterplot drawn with 12 points
Default scatterplot drawn with 12 points
Custom time range set to: "Fri Dec 19 01:35:36 2025" to "Fri Dec 19 01:50:36 2025"
GraphContainer: Updated time range to show new data - "Fri Dec 19 01:35:36 2025" to "Fri Dec 19 01:50:36 2025"
GraphContainer: Using stored range limit for "BTW" - Min: 5 Max: 75
ZoomPanel: Original range values explicitly set - Left: 5 Center: 40 Right: 75
GraphContainer: Zoom panel limits updated - Min: 5 Center: 40 Max: 75 - User has not customized
Data ranges updated - Y: 5 to 75 Time: "Fri Dec 19 01:35:36 2025" to "Fri Dec 19 01:50:36 2025" Interval: "15 minutes" Auto-update: disabled Range limiting: enabled
drawDataLine: no data available for series "ADOPTED"
Default scatterplot drawn with 13 points
Default scatterplot drawn with 12 points
Default scatterplot drawn with 12 points
GraphContainer: Updated TimeSelectionVisualizer valid range to "01:50:22" to "01:50:36"
Data ranges updated - Y: 5 to 75 Time: "Fri Dec 19 01:35:36 2025" to "Fri Dec 19 01:50:36 2025" Interval: "15 minutes" Auto-update: disabled Range limiting: enabled
drawDataLine: no data available for series "ADOPTED"
Default scatterplot drawn with 13 points
Default scatterplot drawn with 12 points
Default scatterplot drawn with 12 points
Custom time range set to: "Fri Dec 19 01:35:36 2025" to "Fri Dec 19 01:50:36 2025"
GraphContainer: Updated time range to show new data - "Fri Dec 19 01:35:36 2025" to "Fri Dec 19 01:50:36 2025"
GraphContainer: Using stored range limit for "BTW" - Min: 5 Max: 75
ZoomPanel: Original range values explicitly set - Left: 5 Center: 40 Right: 75
GraphContainer: Zoom panel limits updated - Min: 5 Center: 40 Max: 75 - User has not customized
Data ranges updated - Y: 5 to 75 Time: "Fri Dec 19 01:35:36 2025" to "Fri Dec 19 01:50:36 2025" Interval: "15 minutes" Auto-update: disabled Range limiting: enabled
drawDataLine: no data available for series "ADOPTED"
Default scatterplot drawn with 13 points
Default scatterplot drawn with 12 points
Default scatterplot drawn with 12 points
GraphContainer: Updated TimeSelectionVisualizer valid range to "01:50:22" to "01:50:36"
Added data point to "BTW" series "BTW-2" y: 34.8158 time: "Fri Dec 19 01:50:36 2025"
GraphContainer: Using stored range limit for "BTW" - Min: 5 Max: 75
ZoomPanel: Original range values explicitly set - Left: 5 Center: 40 Right: 75
GraphContainer: Zoom panel limits updated - Min: 5 Center: 40 Max: 75 - User has not customized
Data ranges updated - Y: 5 to 75 Time: "Fri Dec 19 01:35:36 2025" to "Fri Dec 19 01:50:36 2025" Interval: "15 minutes" Auto-update: disabled Range limiting: enabled
drawDataLine: no data available for series "ADOPTED"
Default scatterplot drawn with 13 points
Default scatterplot drawn with 13 points
Default scatterplot drawn with 12 points
GraphContainer: Updated TimeSelectionVisualizer valid range to "01:50:22" to "01:50:36"
GraphContainer: Using stored range limit for "BTW" - Min: 5 Max: 75
ZoomPanel: Original range values explicitly set - Left: 5 Center: 40 Right: 75
GraphContainer: Zoom panel limits updated - Min: 5 Center: 40 Max: 75 - User has not customized
Data ranges updated - Y: 5 to 75 Time: "Fri Dec 19 01:35:36 2025" to "Fri Dec 19 01:50:36 2025" Interval: "15 minutes" Auto-update: disabled Range limiting: enabled
drawDataLine: no data available for series "ADOPTED"
Default scatterplot drawn with 13 points
Default scatterplot drawn with 13 points
Default scatterplot drawn with 12 points
GraphContainer: Updated TimeSelectionVisualizer valid range to "01:50:22" to "01:50:36"
GraphContainer: Using stored range limit for "BTW" - Min: 5 Max: 75
ZoomPanel: Original range values explicitly set - Left: 5 Center: 40 Right: 75
GraphContainer: Zoom panel limits updated - Min: 5 Center: 40 Max: 75 - User has not customized
Data ranges updated - Y: 5 to 75 Time: "Fri Dec 19 01:35:36 2025" to "Fri Dec 19 01:50:36 2025" Interval: "15 minutes" Auto-update: disabled Range limiting: enabled
drawDataLine: no data available for series "ADOPTED"
Default scatterplot drawn with 13 points
Default scatterplot drawn with 13 points
Default scatterplot drawn with 12 points
GraphContainer: Updated TimeSelectionVisualizer valid range to "01:50:22" to "01:50:36"
GraphContainer: Using stored range limit for "BTW" - Min: 5 Max: 75
ZoomPanel: Original range values explicitly set - Left: 5 Center: 40 Right: 75
GraphContainer: Zoom panel limits updated - Min: 5 Center: 40 Max: 75 - User has not customized
Data ranges updated - Y: 5 to 75 Time: "Fri Dec 19 01:35:36 2025" to "Fri Dec 19 01:50:36 2025" Interval: "15 minutes" Auto-update: disabled Range limiting: enabled
drawDataLine: no data available for series "ADOPTED"
Default scatterplot drawn with 13 points
Default scatterplot drawn with 13 points
Default scatterplot drawn with 12 points
GraphContainer: Updated TimeSelectionVisualizer valid range to "01:50:22" to "01:50:36"
Added data point to "BTW" series "BTW-3" y: 34.8158 time: "Fri Dec 19 01:50:36 2025"
GraphContainer: Using stored range limit for "BTW" - Min: 5 Max: 75
ZoomPanel: Original range values explicitly set - Left: 5 Center: 40 Right: 75
GraphContainer: Zoom panel limits updated - Min: 5 Center: 40 Max: 75 - User has not customized
Data ranges updated - Y: 5 to 75 Time: "Fri Dec 19 01:35:36 2025" to "Fri Dec 19 01:50:36 2025" Interval: "15 minutes" Auto-update: disabled Range limiting: enabled
drawDataLine: no data available for series "ADOPTED"
Default scatterplot drawn with 13 points
Default scatterplot drawn with 13 points
Default scatterplot drawn with 13 points
GraphContainer: Updated TimeSelectionVisualizer valid range to "01:50:22" to "01:50:36"
GraphContainer: Using stored range limit for "BTW" - Min: 5 Max: 75
ZoomPanel: Original range values explicitly set - Left: 5 Center: 40 Right: 75
GraphContainer: Zoom panel limits updated - Min: 5 Center: 40 Max: 75 - User has not customized
Data ranges updated - Y: 5 to 75 Time: "Fri Dec 19 01:35:36 2025" to "Fri Dec 19 01:50:36 2025" Interval: "15 minutes" Auto-update: disabled Range limiting: enabled
drawDataLine: no data available for series "ADOPTED"
Default scatterplot drawn with 13 points
Default scatterplot drawn with 13 points
Default scatterplot drawn with 13 points
GraphContainer: Updated TimeSelectionVisualizer valid range to "01:50:22" to "01:50:36"
GraphContainer: Using stored range limit for "BTW" - Min: 5 Max: 75
ZoomPanel: Original range values explicitly set - Left: 5 Center: 40 Right: 75
GraphContainer: Zoom panel limits updated - Min: 5 Center: 40 Max: 75 - User has not customized
Data ranges updated - Y: 5 to 75 Time: "Fri Dec 19 01:35:36 2025" to "Fri Dec 19 01:50:36 2025" Interval: "15 minutes" Auto-update: disabled Range limiting: enabled
drawDataLine: no data available for series "ADOPTED"
Default scatterplot drawn with 13 points
Default scatterplot drawn with 13 points
Default scatterplot drawn with 13 points
GraphContainer: Updated TimeSelectionVisualizer valid range to "01:50:22" to "01:50:36"
GraphContainer: Using stored range limit for "BTW" - Min: 5 Max: 75
ZoomPanel: Original range values explicitly set - Left: 5 Center: 40 Right: 75
GraphContainer: Zoom panel limits updated - Min: 5 Center: 40 Max: 75 - User has not customized
Data ranges updated - Y: 5 to 75 Time: "Fri Dec 19 01:35:36 2025" to "Fri Dec 19 01:50:36 2025" Interval: "15 minutes" Auto-update: disabled Range limiting: enabled
drawDataLine: no data available for series "ADOPTED"
Default scatterplot drawn with 13 points
Default scatterplot drawn with 13 points
Default scatterplot drawn with 13 points
GraphContainer: Updated TimeSelectionVisualizer valid range to "01:50:22" to "01:50:36"
Added data point to "RTW" series "RTW-1" y: 19.2532 time: "Fri Dec 19 01:50:36 2025"
Added data point to "RTW" series "ADOPTED" y: 29.2532 time: "Fri Dec 19 01:50:36 2025"
Added data point to "FTW" series "FTW-1" y: 21.2559 time: "Fri Dec 19 01:50:36 2025"
Added data point to "FTW" series "FTW-2" y: 31.2559 time: "Fri Dec 19 01:50:36 2025"
Added data points - FDW: 11.6928 BDW: -12.9314 BRW: -6.72633 LTW: 21.7169 BTW: 24.8158 RTW: 19.2532 FTW: 21.2559
TimeScopeChanged - Start: "01:35:36" End: "01:50:36" Duration: "00:15:00"
BDW zero axis drawn at x: 0
Custom time range set to: "Fri Dec 19 01:35:36 2025" to "Fri Dec 19 01:50:36 2025"
BDW zero axis drawn at x: 0
Custom time range set to: "Fri Dec 19 01:35:36 2025" to "Fri Dec 19 01:50:36 2025"
GraphContainer: Setting current time to "01:50:36"
Data ranges updated - Y: 5 to 75 Time: "Fri Dec 19 01:35:36 2025" to "Fri Dec 19 01:50:36 2025" Interval: "15 minutes" Auto-update: disabled Range limiting: enabled
drawDataLine: no data available for series "ADOPTED"
Default scatterplot drawn with 13 points
Default scatterplot drawn with 13 points
Default scatterplot drawn with 13 points
Custom time range set to: "Fri Dec 19 01:35:36 2025" to "Fri Dec 19 01:50:36 2025"
Data ranges updated - Y: 5 to 75 Time: "Fri Dec 19 01:35:36 2025" to "Fri Dec 19 01:50:36 2025" Interval: "15 minutes" Auto-update: disabled Range limiting: enabled
drawDataLine: no data available for series "ADOPTED"
Default scatterplot drawn with 13 points
Default scatterplot drawn with 13 points
Default scatterplot drawn with 13 points
Custom time range set to: "Fri Dec 19 01:35:36 2025" to "Fri Dec 19 01:50:36 2025"
GraphLayout: Container time scope changed from "Fri Dec 19 01:35:36 2025" to "Fri Dec 19 01:50:36 2025"
Data ranges updated - Y: 5 to 75 Time: "Fri Dec 19 01:35:36 2025" to "Fri Dec 19 01:50:36 2025" Interval: "15 minutes" Auto-update: disabled Range limiting: enabled
drawDataLine: no data available for series "ADOPTED"
Default scatterplot drawn with 13 points
Default scatterplot drawn with 13 points
Default scatterplot drawn with 13 points
Custom time range set to: "Fri Dec 19 01:35:36 2025" to "Fri Dec 19 01:50:36 2025"
Data ranges updated - Y: 5 to 75 Time: "Fri Dec 19 01:35:36 2025" to "Fri Dec 19 01:50:36 2025" Interval: "15 minutes" Auto-update: disabled Range limiting: enabled
drawDataLine: no data available for series "ADOPTED"
Default scatterplot drawn with 13 points
Default scatterplot drawn with 13 points
Default scatterplot drawn with 13 points
Custom time range set to: "Fri Dec 19 01:35:36 2025" to "Fri Dec 19 01:50:36 2025"
Data ranges updated - Y: 5 to 75 Time: "Fri Dec 19 01:35:36 2025" to "Fri Dec 19 01:50:36 2025" Interval: "15 minutes" Auto-update: disabled Range limiting: enabled
drawDataLine: no data available for series "ADOPTED"
Default scatterplot drawn with 13 points
Default scatterplot drawn with 13 points
Default scatterplot drawn with 13 points
Custom time range set to: "Fri Dec 19 01:35:36 2025" to "Fri Dec 19 01:50:36 2025"
GraphLayout: Container time scope changed from "Fri Dec 19 01:35:36 2025" to "Fri Dec 19 01:50:36 2025"
Data ranges updated - Y: 5 to 75 Time: "Fri Dec 19 01:35:36 2025" to "Fri Dec 19 01:50:36 2025" Interval: "15 minutes" Auto-update: disabled Range limiting: enabled
drawDataLine: no data available for series "ADOPTED"
Default scatterplot drawn with 13 points
Default scatterplot drawn with 13 points
Default scatterplot drawn with 13 points
Custom time range set to: "Fri Dec 19 01:35:36 2025" to "Fri Dec 19 01:50:36 2025"
Data ranges updated - Y: 5 to 75 Time: "Fri Dec 19 01:35:36 2025" to "Fri Dec 19 01:50:36 2025" Interval: "15 minutes" Auto-update: disabled Range limiting: enabled
drawDataLine: no data available for series "ADOPTED"
Default scatterplot drawn with 13 points
Default scatterplot drawn with 13 points
Default scatterplot drawn with 13 points
Custom time range set to: "Fri Dec 19 01:35:36 2025" to "Fri Dec 19 01:50:36 2025"
Data ranges updated - Y: 5 to 75 Time: "Fri Dec 19 01:35:36 2025" to "Fri Dec 19 01:50:36 2025" Interval: "15 minutes" Auto-update: disabled Range limiting: enabled
drawDataLine: no data available for series "ADOPTED"
Default scatterplot drawn with 13 points
Default scatterplot drawn with 13 points
Default scatterplot drawn with 13 points
Custom time range set to: "Fri Dec 19 01:35:36 2025" to "Fri Dec 19 01:50:36 2025"
GraphContainer: Setting current time to "01:50:36"
Data ranges updated - Y: 5 to 75 Time: "Fri Dec 19 01:35:36 2025" to "Fri Dec 19 01:50:36 2025" Interval: "15 minutes" Auto-update: disabled Range limiting: enabled
drawDataLine: no data available for series "ADOPTED"
Default scatterplot drawn with 13 points
Default scatterplot drawn with 13 points
Default scatterplot drawn with 13 points
Custom time range set to: "Fri Dec 19 01:35:36 2025" to "Fri Dec 19 01:50:36 2025"
GraphLayout: Container time scope changed from "Fri Dec 19 01:35:36 2025" to "Fri Dec 19 01:50:36 2025"
Data ranges updated - Y: 5 to 75 Time: "Fri Dec 19 01:35:36 2025" to "Fri Dec 19 01:50:36 2025" Interval: "15 minutes" Auto-update: disabled Range limiting: enabled
drawDataLine: no data available for series "ADOPTED"
Default scatterplot drawn with 13 points
Default scatterplot drawn with 13 points
Default scatterplot drawn with 13 points
Custom time range set to: "Fri Dec 19 01:35:36 2025" to "Fri Dec 19 01:50:36 2025"
Data ranges updated - Y: 5 to 75 Time: "Fri Dec 19 01:35:36 2025" to "Fri Dec 19 01:50:36 2025" Interval: "15 minutes" Auto-update: disabled Range limiting: enabled
drawDataLine: no data available for series "ADOPTED"
Default scatterplot drawn with 13 points
Default scatterplot drawn with 13 points
Default scatterplot drawn with 13 points
Custom time range set to: "Fri Dec 19 01:35:36 2025" to "Fri Dec 19 01:50:36 2025"
Data ranges updated - Y: 5 to 75 Time: "Fri Dec 19 01:35:36 2025" to "Fri Dec 19 01:50:36 2025" Interval: "15 minutes" Auto-update: disabled Range limiting: enabled
drawDataLine: no data available for series "ADOPTED"
Default scatterplot drawn with 13 points
Default scatterplot drawn with 13 points
Default scatterplot drawn with 13 points
Custom time range set to: "Fri Dec 19 01:35:36 2025" to "Fri Dec 19 01:50:36 2025"
GraphContainer: Setting current time to "01:50:36"
Data ranges updated - Y: 5 to 75 Time: "Fri Dec 19 01:35:36 2025" to "Fri Dec 19 01:50:36 2025" Interval: "15 minutes" Auto-update: disabled Range limiting: enabled
drawDataLine: no data available for series "ADOPTED"
Default scatterplot drawn with 13 points
Default scatterplot drawn with 13 points
Default scatterplot drawn with 13 points
Custom time range set to: "Fri Dec 19 01:35:36 2025" to "Fri Dec 19 01:50:36 2025"
Data ranges updated - Y: 5 to 75 Time: "Fri Dec 19 01:35:36 2025" to "Fri Dec 19 01:50:36 2025" Interval: "15 minutes" Auto-update: disabled Range limiting: enabled
drawDataLine: no data available for series "ADOPTED"
Default scatterplot drawn with 13 points
Default scatterplot drawn with 13 points
Default scatterplot drawn with 13 points
Custom time range set to: "Fri Dec 19 01:35:36 2025" to "Fri Dec 19 01:50:36 2025"
GraphLayout: Container time scope changed from "Fri Dec 19 01:35:36 2025" to "Fri Dec 19 01:50:36 2025"
Data ranges updated - Y: 5 to 75 Time: "Fri Dec 19 01:35:36 2025" to "Fri Dec 19 01:50:36 2025" Interval: "15 minutes" Auto-update: disabled Range limiting: enabled
drawDataLine: no data available for series "ADOPTED"
Default scatterplot drawn with 13 points
Default scatterplot drawn with 13 points
Default scatterplot drawn with 13 points
Custom time range set to: "Fri Dec 19 01:35:36 2025" to "Fri Dec 19 01:50:36 2025"
Data ranges updated - Y: 5 to 75 Time: "Fri Dec 19 01:35:36 2025" to "Fri Dec 19 01:50:36 2025" Interval: "15 minutes" Auto-update: disabled Range limiting: enabled
drawDataLine: no data available for series "ADOPTED"
Default scatterplot drawn with 13 points
Default scatterplot drawn with 13 points
Default scatterplot drawn with 13 points
Custom time range set to: "Fri Dec 19 01:35:36 2025" to "Fri Dec 19 01:50:36 2025"
Data ranges updated - Y: 5 to 75 Time: "Fri Dec 19 01:35:36 2025" to "Fri Dec 19 01:50:36 2025" Interval: "15 minutes" Auto-update: disabled Range limiting: enabled
drawDataLine: no data available for series "ADOPTED"
Default scatterplot drawn with 13 points
Default scatterplot drawn with 13 points
Default scatterplot drawn with 13 points
Custom time range set to: "Fri Dec 19 01:35:36 2025" to "Fri Dec 19 01:50:36 2025"
GraphLayout: Container time scope changed from "Fri Dec 19 01:35:36 2025" to "Fri Dec 19 01:50:36 2025"
Data ranges updated - Y: 5 to 75 Time: "Fri Dec 19 01:35:36 2025" to "Fri Dec 19 01:50:36 2025" Interval: "15 minutes" Auto-update: disabled Range limiting: enabled
drawDataLine: no data available for series "ADOPTED"
Default scatterplot drawn with 13 points
Default scatterplot drawn with 13 points
Default scatterplot drawn with 13 points
Custom time range set to: "Fri Dec 19 01:35:36 2025" to "Fri Dec 19 01:50:36 2025"
Data ranges updated - Y: 5 to 75 Time: "Fri Dec 19 01:35:36 2025" to "Fri Dec 19 01:50:36 2025" Interval: "15 minutes" Auto-update: disabled Range limiting: enabled
drawDataLine: no data available for series "ADOPTED"
Default scatterplot drawn with 13 points
Default scatterplot drawn with 13 points
Default scatterplot drawn with 13 points
Custom time range set to: "Fri Dec 19 01:35:36 2025" to "Fri Dec 19 01:50:36 2025"
Data ranges updated - Y: 5 to 75 Time: "Fri Dec 19 01:35:36 2025" to "Fri Dec 19 01:50:36 2025" Interval: "15 minutes" Auto-update: disabled Range limiting: enabled
drawDataLine: no data available for series "ADOPTED"
Default scatterplot drawn with 13 points
Default scatterplot drawn with 13 points
Default scatterplot drawn with 13 points
Custom time range set to: "Fri Dec 19 01:35:36 2025" to "Fri Dec 19 01:50:36 2025"
GraphContainer: Setting current time to "01:50:36"
Data ranges updated - Y: 5 to 75 Time: "Fri Dec 19 01:35:36 2025" to "Fri Dec 19 01:50:36 2025" Interval: "15 minutes" Auto-update: disabled Range limiting: enabled
drawDataLine: no data available for series "ADOPTED"
Default scatterplot drawn with 13 points
Default scatterplot drawn with 13 points
Default scatterplot drawn with 13 points
Custom time range set to: "Fri Dec 19 01:35:36 2025" to "Fri Dec 19 01:50:36 2025"
GraphLayout: Container time scope changed from "Fri Dec 19 01:35:36 2025" to "Fri Dec 19 01:50:36 2025"
Data ranges updated - Y: 5 to 75 Time: "Fri Dec 19 01:35:36 2025" to "Fri Dec 19 01:50:36 2025" Interval: "15 minutes" Auto-update: disabled Range limiting: enabled
drawDataLine: no data available for series "ADOPTED"
Default scatterplot drawn with 13 points
Default scatterplot drawn with 13 points
Default scatterplot drawn with 13 points
Custom time range set to: "Fri Dec 19 01:35:36 2025" to "Fri Dec 19 01:50:36 2025"
Data ranges updated - Y: 5 to 75 Time: "Fri Dec 19 01:35:36 2025" to "Fri Dec 19 01:50:36 2025" Interval: "15 minutes" Auto-update: disabled Range limiting: enabled
drawDataLine: no data available for series "ADOPTED"
Default scatterplot drawn with 13 points
Default scatterplot drawn with 13 points
Default scatterplot drawn with 13 points
Custom time range set to: "Fri Dec 19 01:35:36 2025" to "Fri Dec 19 01:50:36 2025"
Data ranges updated - Y: 5 to 75 Time: "Fri Dec 19 01:35:36 2025" to "Fri Dec 19 01:50:36 2025" Interval: "15 minutes" Auto-update: disabled Range limiting: enabled
drawDataLine: no data available for series "ADOPTED"
Default scatterplot drawn with 13 points
Default scatterplot drawn with 13 points
Default scatterplot drawn with 13 points
Custom time range set to: "Fri Dec 19 01:35:36 2025" to "Fri Dec 19 01:50:36 2025"
GraphContainer: Set chevron label 1 to: "Start"
GraphContainer: Set chevron label 1 to: "Start"
GraphContainer: Set chevron label 1 to: "Start"
GraphContainer: Set chevron label 1 to: "Start"
GraphLayout: Set chevron label 1 to: "Start" for all visible containers
GraphContainer: Set chevron label 2 to: "Now"
GraphContainer: Set chevron label 2 to: "Now"
GraphContainer: Set chevron label 2 to: "Now"
GraphContainer: Set chevron label 2 to: "Now"
GraphLayout: Set chevron label 2 to: "Now" for all visible containers
GraphContainer: Set chevron label 3 to: "End"
GraphContainer: Set chevron label 3 to: "End"
GraphContainer: Set chevron label 3 to: "End"
GraphContainer: Set chevron label 3 to: "End"
GraphLayout: Set chevron label 3 to: "End" for all visible containers
Data ranges updated - Y: 5 to 75 Time: "Fri Dec 19 01:35:36 2025" to "Fri Dec 19 01:50:36 2025" Interval: "15 minutes" Auto-update: disabled Range limiting: enabled
drawDataLine: no data available for series "ADOPTED"
Default scatterplot drawn with 13 points
Default scatterplot drawn with 13 points
Default scatterplot drawn with 13 points
Custom time range set to: "Fri Dec 19 01:35:36 2025" to "Fri Dec 19 01:50:36 2025"
Data ranges updated - Y: 5 to 75 Time: "Fri Dec 19 01:35:36 2025" to "Fri Dec 19 01:50:36 2025" Interval: "15 minutes" Auto-update: disabled Range limiting: enabled
drawDataLine: no data available for series "ADOPTED"
Default scatterplot drawn with 13 points
Default scatterplot drawn with 13 points
Default scatterplot drawn with 13 points
Custom time range set to: "Fri Dec 19 01:35:36 2025" to "Fri Dec 19 01:50:36 2025"
GraphLayout: Container time scope changed from "Fri Dec 19 01:35:36 2025" to "Fri Dec 19 01:50:36 2025"
Data ranges updated - Y: 5 to 75 Time: "Fri Dec 19 01:35:36 2025" to "Fri Dec 19 01:50:36 2025" Interval: "15 minutes" Auto-update: disabled Range limiting: enabled
drawDataLine: no data available for series "ADOPTED"
Default scatterplot drawn with 13 points
Default scatterplot drawn with 13 points
Default scatterplot drawn with 13 points
Custom time range set to: "Fri Dec 19 01:35:36 2025" to "Fri Dec 19 01:50:36 2025"
Data ranges updated - Y: 5 to 75 Time: "Fri Dec 19 01:35:36 2025" to "Fri Dec 19 01:50:36 2025" Interval: "15 minutes" Auto-update: disabled Range limiting: enabled
drawDataLine: no data available for series "ADOPTED"
Default scatterplot drawn with 13 points
Default scatterplot drawn with 13 points
Default scatterplot drawn with 13 points
Custom time range set to: "Fri Dec 19 01:35:36 2025" to "Fri Dec 19 01:50:36 2025"
Data ranges updated - Y: 5 to 75 Time: "Fri Dec 19 01:35:36 2025" to "Fri Dec 19 01:50:36 2025" Interval: "15 minutes" Auto-update: disabled Range limiting: enabled
drawDataLine: no data available for series "ADOPTED"
Default scatterplot drawn with 13 points
Default scatterplot drawn with 13 points
Default scatterplot drawn with 13 points
Custom time range set to: "Fri Dec 19 01:35:36 2025" to "Fri Dec 19 01:50:36 2025"
GraphLayout: Container time scope changed from "Fri Dec 19 01:35:36 2025" to "Fri Dec 19 01:50:36 2025"
Data ranges updated - Y: 5 to 75 Time: "Fri Dec 19 01:35:36 2025" to "Fri Dec 19 01:50:36 2025" Interval: "15 minutes" Auto-update: disabled Range limiting: enabled
drawDataLine: no data available for series "ADOPTED"
Default scatterplot drawn with 13 points
Default scatterplot drawn with 13 points
Default scatterplot drawn with 13 points
Custom time range set to: "Fri Dec 19 01:35:36 2025" to "Fri Dec 19 01:50:36 2025"
Data ranges updated - Y: 5 to 75 Time: "Fri Dec 19 01:35:36 2025" to "Fri Dec 19 01:50:36 2025" Interval: "15 minutes" Auto-update: disabled Range limiting: enabled
drawDataLine: no data available for series "ADOPTED"
Default scatterplot drawn with 13 points
Default scatterplot drawn with 13 points
Default scatterplot drawn with 13 points
Custom time range set to: "Fri Dec 19 01:35:36 2025" to "Fri Dec 19 01:50:36 2025"
Data ranges updated - Y: 5 to 75 Time: "Fri Dec 19 01:35:36 2025" to "Fri Dec 19 01:50:36 2025" Interval: "15 minutes" Auto-update: disabled Range limiting: enabled
drawDataLine: no data available for series "ADOPTED"
Default scatterplot drawn with 13 points
Default scatterplot drawn with 13 points
Default scatterplot drawn with 13 points
Custom time range set to: "Fri Dec 19 01:35:36 2025" to "Fri Dec 19 01:50:36 2025"
Data ranges updated - Y: 5 to 75 Time: "Fri Dec 19 01:35:36 2025" to "Fri Dec 19 01:50:36 2025" Interval: "15 minutes" Auto-update: disabled Range limiting: enabled
drawDataLine: no data available for series "ADOPTED"
Default scatterplot drawn with 13 points
Default scatterplot drawn with 13 points
Default scatterplot drawn with 13 points
Custom time range set to: "Fri Dec 19 01:35:36 2025" to "Fri Dec 19 01:50:36 2025"
GraphLayout: Container time scope changed from "Fri Dec 19 01:35:36 2025" to "Fri Dec 19 01:50:36 2025"
Data ranges updated - Y: 5 to 75 Time: "Fri Dec 19 01:35:36 2025" to "Fri Dec 19 01:50:36 2025" Interval: "15 minutes" Auto-update: disabled Range limiting: enabled
drawDataLine: no data available for series "ADOPTED"
Default scatterplot drawn with 13 points
Default scatterplot drawn with 13 points
Default scatterplot drawn with 13 points
Custom time range set to: "Fri Dec 19 01:35:36 2025" to "Fri Dec 19 01:50:36 2025"
Data ranges updated - Y: 5 to 75 Time: "Fri Dec 19 01:35:36 2025" to "Fri Dec 19 01:50:36 2025" Interval: "15 minutes" Auto-update: disabled Range limiting: enabled
drawDataLine: no data available for series "ADOPTED"
Default scatterplot drawn with 13 points
Default scatterplot drawn with 13 points
Default scatterplot drawn with 13 points
Custom time range set to: "Fri Dec 19 01:35:36 2025" to "Fri Dec 19 01:50:36 2025"
Data ranges updated - Y: 5 to 75 Time: "Fri Dec 19 01:35:36 2025" to "Fri Dec 19 01:50:36 2025" Interval: "15 minutes" Auto-update: disabled Range limiting: enabled
drawDataLine: no data available for series "ADOPTED"
Default scatterplot drawn with 13 points
Default scatterplot drawn with 13 points
Default scatterplot drawn with 13 points
Custom time range set to: "Fri Dec 19 01:35:36 2025" to "Fri Dec 19 01:50:36 2025"
Data ranges updated - Y: 5 to 75 Time: "Fri Dec 19 01:35:36 2025" to "Fri Dec 19 01:50:36 2025" Interval: "15 minutes" Auto-update: disabled Range limiting: enabled
drawDataLine: no data available for series "ADOPTED"
Default scatterplot drawn with 13 points
Default scatterplot drawn with 13 points
Default scatterplot drawn with 13 points
Custom time range set to: "Fri Dec 19 01:35:36 2025" to "Fri Dec 19 01:50:36 2025"
Data ranges updated - Y: 5 to 75 Time: "Fri Dec 19 01:35:36 2025" to "Fri Dec 19 01:50:36 2025" Interval: "15 minutes" Auto-update: disabled Range limiting: enabled
drawDataLine: no data available for series "ADOPTED"
Default scatterplot drawn with 13 points
Default scatterplot drawn with 13 points
Default scatterplot drawn with 13 points
Custom time range set to: "Fri Dec 19 01:35:36 2025" to "Fri Dec 19 01:50:36 2025"
GraphLayout: Container time scope changed from "Fri Dec 19 01:35:36 2025" to "Fri Dec 19 01:50:36 2025"
Data ranges updated - Y: 5 to 75 Time: "Fri Dec 19 01:35:36 2025" to "Fri Dec 19 01:50:36 2025" Interval: "15 minutes" Auto-update: disabled Range limiting: enabled
drawDataLine: no data available for series "ADOPTED"
Default scatterplot drawn with 13 points
Default scatterplot drawn with 13 points
Default scatterplot drawn with 13 points
Custom time range set to: "Fri Dec 19 01:35:36 2025" to "Fri Dec 19 01:50:36 2025"
Data ranges updated - Y: 5 to 75 Time: "Fri Dec 19 01:35:36 2025" to "Fri Dec 19 01:50:36 2025" Interval: "15 minutes" Auto-update: disabled Range limiting: enabled
drawDataLine: no data available for series "ADOPTED"
Default scatterplot drawn with 13 points
Default scatterplot drawn with 13 points
Default scatterplot drawn with 13 points
Custom time range set to: "Fri Dec 19 01:35:36 2025" to "Fri Dec 19 01:50:36 2025"
Data ranges updated - Y: 5 to 75 Time: "Fri Dec 19 01:35:36 2025" to "Fri Dec 19 01:50:36 2025" Interval: "15 minutes" Auto-update: disabled Range limiting: enabled
drawDataLine: no data available for series "ADOPTED"
Default scatterplot drawn with 13 points
Default scatterplot drawn with 13 points
Default scatterplot drawn with 13 points
Custom time range set to: "Fri Dec 19 01:35:36 2025" to "Fri Dec 19 01:50:36 2025"
GraphLayout: Container time scope changed from "Fri Dec 19 01:35:36 2025" to "Fri Dec 19 01:50:36 2025"
Data ranges updated - Y: 5 to 75 Time: "Fri Dec 19 01:35:36 2025" to "Fri Dec 19 01:50:36 2025" Interval: "15 minutes" Auto-update: disabled Range limiting: enabled
drawDataLine: no data available for series "ADOPTED"
Default scatterplot drawn with 13 points
Default scatterplot drawn with 13 points
Default scatterplot drawn with 13 points
Custom time range set to: "Fri Dec 19 01:35:36 2025" to "Fri Dec 19 01:50:36 2025"
Data ranges updated - Y: 5 to 75 Time: "Fri Dec 19 01:35:36 2025" to "Fri Dec 19 01:50:36 2025" Interval: "15 minutes" Auto-update: disabled Range limiting: enabled
drawDataLine: no data available for series "ADOPTED"
Default scatterplot drawn with 13 points
Default scatterplot drawn with 13 points
Default scatterplot drawn with 13 points
Custom time range set to: "Fri Dec 19 01:35:36 2025" to "Fri Dec 19 01:50:36 2025"
Data ranges updated - Y: 5 to 75 Time: "Fri Dec 19 01:35:36 2025" to "Fri Dec 19 01:50:36 2025" Interval: "15 minutes" Auto-update: disabled Range limiting: enabled
drawDataLine: no data available for series "ADOPTED"
Default scatterplot drawn with 13 points
Default scatterplot drawn with 13 points
Default scatterplot drawn with 13 points
Custom time range set to: "Fri Dec 19 01:35:36 2025" to "Fri Dec 19 01:50:36 2025"
Data ranges updated - Y: 5 to 75 Time: "Fri Dec 19 01:35:37 2025" to "Fri Dec 19 01:50:37 2025" Interval: "15 minutes" Auto-update: disabled Range limiting: enabled
drawDataLine: no data available for series "ADOPTED"
Default scatterplot drawn with 13 points
Default scatterplot drawn with 13 points
Default scatterplot drawn with 13 points
Custom time range set to: "Fri Dec 19 01:35:37 2025" to "Fri Dec 19 01:50:37 2025"
GraphLayout: Container time scope changed from "Fri Dec 19 01:35:37 2025" to "Fri Dec 19 01:50:37 2025"
Data ranges updated - Y: 5 to 75 Time: "Fri Dec 19 01:35:37 2025" to "Fri Dec 19 01:50:37 2025" Interval: "15 minutes" Auto-update: disabled Range limiting: enabled
drawDataLine: no data available for series "ADOPTED"
Default scatterplot drawn with 13 points
Default scatterplot drawn with 13 points
Default scatterplot drawn with 13 points
Custom time range set to: "Fri Dec 19 01:35:37 2025" to "Fri Dec 19 01:50:37 2025"
Data ranges updated - Y: 5 to 75 Time: "Fri Dec 19 01:35:37 2025" to "Fri Dec 19 01:50:37 2025" Interval: "15 minutes" Auto-update: disabled Range limiting: enabled
drawDataLine: no data available for series "ADOPTED"
Default scatterplot drawn with 13 points
Default scatterplot drawn with 13 points
Default scatterplot drawn with 13 points
Custom time range set to: "Fri Dec 19 01:35:37 2025" to "Fri Dec 19 01:50:37 2025"
Data ranges updated - Y: 5 to 75 Time: "Fri Dec 19 01:35:37 2025" to "Fri Dec 19 01:50:37 2025" Interval: "15 minutes" Auto-update: disabled Range limiting: enabled
drawDataLine: no data available for series "ADOPTED"
Default scatterplot drawn with 13 points
Default scatterplot drawn with 13 points
Default scatterplot drawn with 13 points
Custom time range set to: "Fri Dec 19 01:35:37 2025" to "Fri Dec 19 01:50:37 2025"
Simulator::onTimerTick() called
Added data point to "FDW" series "FDW-1" y: 7.02266 time: "Fri Dec 19 01:50:37 2025"
Added data point to "FDW" series "FDW-2" y: 17.0227 time: "Fri Dec 19 01:50:37 2025"
Added data point to "BDW" series "BDW-1" y: -12.2556 time: "Fri Dec 19 01:50:37 2025"
Added data point to "BDW" series "BDW-2" y: -2.25563 time: "Fri Dec 19 01:50:37 2025"
Added data point to "BRW" series "BRW-1" y: -4.91422 time: "Fri Dec 19 01:50:37 2025"
Added data point to "BRW" series "BRW-2" y: 5.08578 time: "Fri Dec 19 01:50:37 2025"
Added data point to "LTW" series "LTW-1" y: 21.3084 time: "Fri Dec 19 01:50:37 2025"
Added data point to "LTW" series "LTW-2" y: 31.3084 time: "Fri Dec 19 01:50:37 2025"
Added data point to "BTW" series "BTW-1" y: 27.6924 time: "Fri Dec 19 01:50:37 2025"
Data ranges updated - Y: 5 to 75 Time: "Fri Dec 19 01:35:37 2025" to "Fri Dec 19 01:50:37 2025" Interval: "15 minutes" Auto-update: disabled Range limiting: enabled
drawDataLine: no data available for series "ADOPTED"
Default scatterplot drawn with 14 points
Default scatterplot drawn with 13 points
Default scatterplot drawn with 13 points
Custom time range set to: "Fri Dec 19 01:35:37 2025" to "Fri Dec 19 01:50:37 2025"
GraphContainer: Updated time range to show new data - "Fri Dec 19 01:35:37 2025" to "Fri Dec 19 01:50:37 2025"
GraphContainer: Using stored range limit for "BTW" - Min: 5 Max: 75
ZoomPanel: Original range values explicitly set - Left: 5 Center: 40 Right: 75
GraphContainer: Zoom panel limits updated - Min: 5 Center: 40 Max: 75 - User has not customized
Data ranges updated - Y: 5 to 75 Time: "Fri Dec 19 01:35:37 2025" to "Fri Dec 19 01:50:37 2025" Interval: "15 minutes" Auto-update: disabled Range limiting: enabled
drawDataLine: no data available for series "ADOPTED"
Default scatterplot drawn with 14 points
Default scatterplot drawn with 13 points
Default scatterplot drawn with 13 points
GraphContainer: Updated TimeSelectionVisualizer valid range to "01:50:22" to "01:50:37"
Data ranges updated - Y: 5 to 75 Time: "Fri Dec 19 01:35:37 2025" to "Fri Dec 19 01:50:37 2025" Interval: "15 minutes" Auto-update: disabled Range limiting: enabled
drawDataLine: no data available for series "ADOPTED"
Default scatterplot drawn with 14 points
Default scatterplot drawn with 13 points
Default scatterplot drawn with 13 points
Custom time range set to: "Fri Dec 19 01:35:37 2025" to "Fri Dec 19 01:50:37 2025"
GraphContainer: Updated time range to show new data - "Fri Dec 19 01:35:37 2025" to "Fri Dec 19 01:50:37 2025"
GraphContainer: Using stored range limit for "BTW" - Min: 5 Max: 75
ZoomPanel: Original range values explicitly set - Left: 5 Center: 40 Right: 75
GraphContainer: Zoom panel limits updated - Min: 5 Center: 40 Max: 75 - User has not customized
Data ranges updated - Y: 5 to 75 Time: "Fri Dec 19 01:35:37 2025" to "Fri Dec 19 01:50:37 2025" Interval: "15 minutes" Auto-update: disabled Range limiting: enabled
drawDataLine: no data available for series "ADOPTED"
Default scatterplot drawn with 14 points
Default scatterplot drawn with 13 points
Default scatterplot drawn with 13 points
GraphContainer: Updated TimeSelectionVisualizer valid range to "01:50:22" to "01:50:37"
Data ranges updated - Y: 5 to 75 Time: "Fri Dec 19 01:35:37 2025" to "Fri Dec 19 01:50:37 2025" Interval: "15 minutes" Auto-update: disabled Range limiting: enabled
drawDataLine: no data available for series "ADOPTED"
Default scatterplot drawn with 14 points
Default scatterplot drawn with 13 points
Default scatterplot drawn with 13 points
Custom time range set to: "Fri Dec 19 01:35:37 2025" to "Fri Dec 19 01:50:37 2025"
GraphContainer: Updated time range to show new data - "Fri Dec 19 01:35:37 2025" to "Fri Dec 19 01:50:37 2025"
GraphContainer: Using stored range limit for "BTW" - Min: 5 Max: 75
ZoomPanel: Original range values explicitly set - Left: 5 Center: 40 Right: 75
GraphContainer: Zoom panel limits updated - Min: 5 Center: 40 Max: 75 - User has not customized
Data ranges updated - Y: 5 to 75 Time: "Fri Dec 19 01:35:37 2025" to "Fri Dec 19 01:50:37 2025" Interval: "15 minutes" Auto-update: disabled Range limiting: enabled
drawDataLine: no data available for series "ADOPTED"
Default scatterplot drawn with 14 points
Default scatterplot drawn with 13 points
Default scatterplot drawn with 13 points
GraphContainer: Updated TimeSelectionVisualizer valid range to "01:50:22" to "01:50:37"
Data ranges updated - Y: 5 to 75 Time: "Fri Dec 19 01:35:37 2025" to "Fri Dec 19 01:50:37 2025" Interval: "15 minutes" Auto-update: disabled Range limiting: enabled
drawDataLine: no data available for series "ADOPTED"
Default scatterplot drawn with 14 points
Default scatterplot drawn with 13 points
Default scatterplot drawn with 13 points
Custom time range set to: "Fri Dec 19 01:35:37 2025" to "Fri Dec 19 01:50:37 2025"
GraphContainer: Updated time range to show new data - "Fri Dec 19 01:35:37 2025" to "Fri Dec 19 01:50:37 2025"
GraphContainer: Using stored range limit for "BTW" - Min: 5 Max: 75
ZoomPanel: Original range values explicitly set - Left: 5 Center: 40 Right: 75
GraphContainer: Zoom panel limits updated - Min: 5 Center: 40 Max: 75 - User has not customized
Data ranges updated - Y: 5 to 75 Time: "Fri Dec 19 01:35:37 2025" to "Fri Dec 19 01:50:37 2025" Interval: "15 minutes" Auto-update: disabled Range limiting: enabled
drawDataLine: no data available for series "ADOPTED"
Default scatterplot drawn with 14 points
Default scatterplot drawn with 13 points
Default scatterplot drawn with 13 points
GraphContainer: Updated TimeSelectionVisualizer valid range to "01:50:22" to "01:50:37"
Added data point to "BTW" series "BTW-2" y: 37.6924 time: "Fri Dec 19 01:50:37 2025"
GraphContainer: Using stored range limit for "BTW" - Min: 5 Max: 75
ZoomPanel: Original range values explicitly set - Left: 5 Center: 40 Right: 75
GraphContainer: Zoom panel limits updated - Min: 5 Center: 40 Max: 75 - User has not customized
Data ranges updated - Y: 5 to 75 Time: "Fri Dec 19 01:35:37 2025" to "Fri Dec 19 01:50:37 2025" Interval: "15 minutes" Auto-update: disabled Range limiting: enabled
drawDataLine: no data available for series "ADOPTED"
Default scatterplot drawn with 14 points
Default scatterplot drawn with 14 points
Default scatterplot drawn with 13 points
GraphContainer: Updated TimeSelectionVisualizer valid range to "01:50:22" to "01:50:37"
GraphContainer: Using stored range limit for "BTW" - Min: 5 Max: 75
ZoomPanel: Original range values explicitly set - Left: 5 Center: 40 Right: 75
GraphContainer: Zoom panel limits updated - Min: 5 Center: 40 Max: 75 - User has not customized
Data ranges updated - Y: 5 to 75 Time: "Fri Dec 19 01:35:37 2025" to "Fri Dec 19 01:50:37 2025" Interval: "15 minutes" Auto-update: disabled Range limiting: enabled
drawDataLine: no data available for series "ADOPTED"
Default scatterplot drawn with 14 points
Default scatterplot drawn with 14 points
Default scatterplot drawn with 13 points
GraphContainer: Updated TimeSelectionVisualizer valid range to "01:50:22" to "01:50:37"
GraphContainer: Using stored range limit for "BTW" - Min: 5 Max: 75
ZoomPanel: Original range values explicitly set - Left: 5 Center: 40 Right: 75
GraphContainer: Zoom panel limits updated - Min: 5 Center: 40 Max: 75 - User has not customized
Data ranges updated - Y: 5 to 75 Time: "Fri Dec 19 01:35:37 2025" to "Fri Dec 19 01:50:37 2025" Interval: "15 minutes" Auto-update: disabled Range limiting: enabled
drawDataLine: no data available for series "ADOPTED"
Default scatterplot drawn with 14 points
Default scatterplot drawn with 14 points
Default scatterplot drawn with 13 points
GraphContainer: Updated TimeSelectionVisualizer valid range to "01:50:22" to "01:50:37"
GraphContainer: Using stored range limit for "BTW" - Min: 5 Max: 75
ZoomPanel: Original range values explicitly set - Left: 5 Center: 40 Right: 75
GraphContainer: Zoom panel limits updated - Min: 5 Center: 40 Max: 75 - User has not customized
Data ranges updated - Y: 5 to 75 Time: "Fri Dec 19 01:35:37 2025" to "Fri Dec 19 01:50:37 2025" Interval: "15 minutes" Auto-update: disabled Range limiting: enabled
drawDataLine: no data available for series "ADOPTED"
Default scatterplot drawn with 14 points
Default scatterplot drawn with 14 points
Default scatterplot drawn with 13 points
GraphContainer: Updated TimeSelectionVisualizer valid range to "01:50:22" to "01:50:37"
Added data point to "BTW" series "BTW-3" y: 37.6924 time: "Fri Dec 19 01:50:37 2025"
GraphContainer: Using stored range limit for "BTW" - Min: 5 Max: 75
ZoomPanel: Original range values explicitly set - Left: 5 Center: 40 Right: 75
GraphContainer: Zoom panel limits updated - Min: 5 Center: 40 Max: 75 - User has not customized
Data ranges updated - Y: 5 to 75 Time: "Fri Dec 19 01:35:37 2025" to "Fri Dec 19 01:50:37 2025" Interval: "15 minutes" Auto-update: disabled Range limiting: enabled
drawDataLine: no data available for series "ADOPTED"
Default scatterplot drawn with 14 points
Default scatterplot drawn with 14 points
Default scatterplot drawn with 14 points
GraphContainer: Updated TimeSelectionVisualizer valid range to "01:50:22" to "01:50:37"
GraphContainer: Using stored range limit for "BTW" - Min: 5 Max: 75
ZoomPanel: Original range values explicitly set - Left: 5 Center: 40 Right: 75
GraphContainer: Zoom panel limits updated - Min: 5 Center: 40 Max: 75 - User has not customized
Data ranges updated - Y: 5 to 75 Time: "Fri Dec 19 01:35:37 2025" to "Fri Dec 19 01:50:37 2025" Interval: "15 minutes" Auto-update: disabled Range limiting: enabled
drawDataLine: no data available for series "ADOPTED"
Default scatterplot drawn with 14 points
Default scatterplot drawn with 14 points
Default scatterplot drawn with 14 points
GraphContainer: Updated TimeSelectionVisualizer valid range to "01:50:22" to "01:50:37"
GraphContainer: Using stored range limit for "BTW" - Min: 5 Max: 75
ZoomPanel: Original range values explicitly set - Left: 5 Center: 40 Right: 75
GraphContainer: Zoom panel limits updated - Min: 5 Center: 40 Max: 75 - User has not customized
Data ranges updated - Y: 5 to 75 Time: "Fri Dec 19 01:35:37 2025" to "Fri Dec 19 01:50:37 2025" Interval: "15 minutes" Auto-update: disabled Range limiting: enabled
drawDataLine: no data available for series "ADOPTED"
Default scatterplot drawn with 14 points
Default scatterplot drawn with 14 points
Default scatterplot drawn with 14 points
GraphContainer: Updated TimeSelectionVisualizer valid range to "01:50:22" to "01:50:37"
GraphContainer: Using stored range limit for "BTW" - Min: 5 Max: 75
ZoomPanel: Original range values explicitly set - Left: 5 Center: 40 Right: 75
GraphContainer: Zoom panel limits updated - Min: 5 Center: 40 Max: 75 - User has not customized
Data ranges updated - Y: 5 to 75 Time: "Fri Dec 19 01:35:37 2025" to "Fri Dec 19 01:50:37 2025" Interval: "15 minutes" Auto-update: disabled Range limiting: enabled
drawDataLine: no data available for series "ADOPTED"
==41633== 
==41633== Process terminating with default action of signal 15 (SIGTERM)
==41633==    at 0x603928D: syscall (syscall.S:38)
==41633==    by 0x6A8E4AC: g_cond_wait (in /usr/lib/x86_64-linux-gnu/libglib-2.0.so.0.8000.0)
==41633==    by 0x69FF53A: ??? (in /usr/lib/x86_64-linux-gnu/libglib-2.0.so.0.8000.0)
==41633==    by 0x6A64B72: ??? (in /usr/lib/x86_64-linux-gnu/libglib-2.0.so.0.8000.0)
==41633==    by 0x6A63D91: ??? (in /usr/lib/x86_64-linux-gnu/libglib-2.0.so.0.8000.0)
==41633==    by 0x5FAEAA3: start_thread (pthread_create.c:447)
==41633==    by 0x603BA63: clone (clone.S:100)
==41633== 
==41633== Events    : Ir
==41633== Collected : 1624886313
==41633== 
==41633== I   refs:      1,624,886,313
